[0.186s] DEBUG:colcon:Command line arguments: ['/usr/bin/colcon', 'build', '--symlink-install']
[0.186s] DEBUG:colcon:Parsed command line arguments: Namespace(log_base=None, log_level=None, verb_name='build', build_base='build', install_base='install', merge_install=False, symlink_install=True, test_result_base=None, continue_on_error=False, executor='parallel', parallel_workers=52, event_handlers=None, ignore_user_meta=False, metas=['./colcon.meta'], base_paths=['.'], packages_ignore=None, packages_ignore_regex=None, paths=None, packages_up_to=None, packages_up_to_regex=None, packages_above=None, packages_above_and_dependencies=None, packages_above_depth=None, packages_select_by_dep=None, packages_skip_by_dep=None, packages_skip_up_to=None, packages_select_build_failed=False, packages_skip_build_finished=False, packages_select_test_failures=False, packages_skip_test_passed=False, packages_select=None, packages_skip=None, packages_select_regex=None, packages_skip_regex=None, packages_start=None, packages_end=None, allow_overriding=[], cmake_args=None, cmake_target=None, cmake_target_skip_unavailable=False, cmake_clean_cache=False, cmake_clean_first=False, cmake_force_configure=False, ament_cmake_args=None, catkin_cmake_args=None, catkin_skip_building_tests=False, mixin_files=None, mixin=None, verb_parser=<colcon_mixin.mixin.mixin_argument.MixinArgumentDecorator object at 0x730038aa7790>, verb_extension=<colcon_core.verb.build.BuildVerb object at 0x730038be8910>, main=<bound method BuildVerb.main of <colcon_core.verb.build.BuildVerb object at 0x730038be8910>>, mixin_verb=('build',))
[0.458s] Level 1:colcon.colcon_core.package_discovery:discover_packages(colcon_meta) check parameters
[0.458s] Level 1:colcon.colcon_core.package_discovery:discover_packages(recursive) check parameters
[0.458s] Level 1:colcon.colcon_core.package_discovery:discover_packages(ignore) check parameters
[0.458s] Level 1:colcon.colcon_core.package_discovery:discover_packages(path) check parameters
[0.458s] Level 1:colcon.colcon_core.package_discovery:discover_packages(colcon_meta) discover
[0.458s] Level 1:colcon.colcon_core.package_discovery:discover_packages(recursive) discover
[0.458s] INFO:colcon.colcon_core.package_discovery:Crawling recursively for packages in '/workspace/simpleav/20251204/src/simple_av'
[0.458s] Level 1:colcon.colcon_core.package_identification:_identify(.) by extensions ['ignore', 'ignore_ament_install']
[0.459s] Level 1:colcon.colcon_core.package_identification:_identify(.) by extension 'ignore'
[0.459s] Level 1:colcon.colcon_core.package_identification:_identify(.) by extension 'ignore_ament_install'
[0.459s] Level 1:colcon.colcon_core.package_identification:_identify(.) by extensions ['colcon_pkg']
[0.459s] Level 1:colcon.colcon_core.package_identification:_identify(.) by extension 'colcon_pkg'
[0.459s] Level 1:colcon.colcon_core.package_identification:_identify(.) by extensions ['colcon_meta']
[0.459s] Level 1:colcon.colcon_core.package_identification:_identify(.) by extension 'colcon_meta'
[0.459s] Level 1:colcon.colcon_core.package_identification:_identify(.) by extensions ['ros']
[0.459s] Level 1:colcon.colcon_core.package_identification:_identify(.) by extension 'ros'
[0.491s] Level 1:colcon.colcon_core.package_identification:_identify(.) by extensions ['cmake', 'python']
[0.491s] Level 1:colcon.colcon_core.package_identification:_identify(.) by extension 'cmake'
[0.491s] Level 1:colcon.colcon_core.package_identification:_identify(.) by extension 'python'
[0.491s] Level 1:colcon.colcon_core.package_identification:_identify(.) by extensions ['python_setup_py']
[0.491s] Level 1:colcon.colcon_core.package_identification:_identify(.) by extension 'python_setup_py'
[0.491s] Level 1:colcon.colcon_core.package_identification:_identify(build) by extensions ['ignore', 'ignore_ament_install']
[0.491s] Level 1:colcon.colcon_core.package_identification:_identify(build) by extension 'ignore'
[0.492s] Level 1:colcon.colcon_core.package_identification:_identify(build) ignored
[0.492s] Level 1:colcon.colcon_core.package_identification:_identify(docs) by extensions ['ignore', 'ignore_ament_install']
[0.492s] Level 1:colcon.colcon_core.package_identification:_identify(docs) by extension 'ignore'
[0.492s] Level 1:colcon.colcon_core.package_identification:_identify(docs) by extension 'ignore_ament_install'
[0.492s] Level 1:colcon.colcon_core.package_identification:_identify(docs) by extensions ['colcon_pkg']
[0.492s] Level 1:colcon.colcon_core.package_identification:_identify(docs) by extension 'colcon_pkg'
[0.492s] Level 1:colcon.colcon_core.package_identification:_identify(docs) by extensions ['colcon_meta']
[0.492s] Level 1:colcon.colcon_core.package_identification:_identify(docs) by extension 'colcon_meta'
[0.492s] Level 1:colcon.colcon_core.package_identification:_identify(docs) by extensions ['ros']
[0.492s] Level 1:colcon.colcon_core.package_identification:_identify(docs) by extension 'ros'
[0.492s] Level 1:colcon.colcon_core.package_identification:_identify(docs) by extensions ['cmake', 'python']
[0.492s] Level 1:colcon.colcon_core.package_identification:_identify(docs) by extension 'cmake'
[0.492s] Level 1:colcon.colcon_core.package_identification:_identify(docs) by extension 'python'
[0.492s] Level 1:colcon.colcon_core.package_identification:_identify(docs) by extensions ['python_setup_py']
[0.492s] Level 1:colcon.colcon_core.package_identification:_identify(docs) by extension 'python_setup_py'
[0.492s] Level 1:colcon.colcon_core.package_identification:_identify(docs/Contact) by extensions ['ignore', 'ignore_ament_install']
[0.492s] Level 1:colcon.colcon_core.package_identification:_identify(docs/Contact) by extension 'ignore'
[0.493s] Level 1:colcon.colcon_core.package_identification:_identify(docs/Contact) by extension 'ignore_ament_install'
[0.493s] Level 1:colcon.colcon_core.package_identification:_identify(docs/Contact) by extensions ['colcon_pkg']
[0.493s] Level 1:colcon.colcon_core.package_identification:_identify(docs/Contact) by extension 'colcon_pkg'
[0.493s] Level 1:colcon.colcon_core.package_identification:_identify(docs/Contact) by extensions ['colcon_meta']
[0.493s] Level 1:colcon.colcon_core.package_identification:_identify(docs/Contact) by extension 'colcon_meta'
[0.493s] Level 1:colcon.colcon_core.package_identification:_identify(docs/Contact) by extensions ['ros']
[0.493s] Level 1:colcon.colcon_core.package_identification:_identify(docs/Contact) by extension 'ros'
[0.493s] Level 1:colcon.colcon_core.package_identification:_identify(docs/Contact) by extensions ['cmake', 'python']
[0.493s] Level 1:colcon.colcon_core.package_identification:_identify(docs/Contact) by extension 'cmake'
[0.493s] Level 1:colcon.colcon_core.package_identification:_identify(docs/Contact) by extension 'python'
[0.493s] Level 1:colcon.colcon_core.package_identification:_identify(docs/Contact) by extensions ['python_setup_py']
[0.493s] Level 1:colcon.colcon_core.package_identification:_identify(docs/Contact) by extension 'python_setup_py'
[0.493s] Level 1:colcon.colcon_core.package_identification:_identify(docs/GettingStarted) by extensions ['ignore', 'ignore_ament_install']
[0.493s] Level 1:colcon.colcon_core.package_identification:_identify(docs/GettingStarted) by extension 'ignore'
[0.493s] Level 1:colcon.colcon_core.package_identification:_identify(docs/GettingStarted) by extension 'ignore_ament_install'
[0.493s] Level 1:colcon.colcon_core.package_identification:_identify(docs/GettingStarted) by extensions ['colcon_pkg']
[0.493s] Level 1:colcon.colcon_core.package_identification:_identify(docs/GettingStarted) by extension 'colcon_pkg'
[0.493s] Level 1:colcon.colcon_core.package_identification:_identify(docs/GettingStarted) by extensions ['colcon_meta']
[0.493s] Level 1:colcon.colcon_core.package_identification:_identify(docs/GettingStarted) by extension 'colcon_meta'
[0.493s] Level 1:colcon.colcon_core.package_identification:_identify(docs/GettingStarted) by extensions ['ros']
[0.493s] Level 1:colcon.colcon_core.package_identification:_identify(docs/GettingStarted) by extension 'ros'
[0.494s] Level 1:colcon.colcon_core.package_identification:_identify(docs/GettingStarted) by extensions ['cmake', 'python']
[0.494s] Level 1:colcon.colcon_core.package_identification:_identify(docs/GettingStarted) by extension 'cmake'
[0.494s] Level 1:colcon.colcon_core.package_identification:_identify(docs/GettingStarted) by extension 'python'
[0.494s] Level 1:colcon.colcon_core.package_identification:_identify(docs/GettingStarted) by extensions ['python_setup_py']
[0.494s] Level 1:colcon.colcon_core.package_identification:_identify(docs/GettingStarted) by extension 'python_setup_py'
[0.494s] Level 1:colcon.colcon_core.package_identification:_identify(docs/GettingStarted/AwsimScenes) by extensions ['ignore', 'ignore_ament_install']
[0.494s] Level 1:colcon.colcon_core.package_identification:_identify(docs/GettingStarted/AwsimScenes) by extension 'ignore'
[0.494s] Level 1:colcon.colcon_core.package_identification:_identify(docs/GettingStarted/AwsimScenes) by extension 'ignore_ament_install'
[0.494s] Level 1:colcon.colcon_core.package_identification:_identify(docs/GettingStarted/AwsimScenes) by extensions ['colcon_pkg']
[0.494s] Level 1:colcon.colcon_core.package_identification:_identify(docs/GettingStarted/AwsimScenes) by extension 'colcon_pkg'
[0.494s] Level 1:colcon.colcon_core.package_identification:_identify(docs/GettingStarted/AwsimScenes) by extensions ['colcon_meta']
[0.494s] Level 1:colcon.colcon_core.package_identification:_identify(docs/GettingStarted/AwsimScenes) by extension 'colcon_meta'
[0.494s] Level 1:colcon.colcon_core.package_identification:_identify(docs/GettingStarted/AwsimScenes) by extensions ['ros']
[0.494s] Level 1:colcon.colcon_core.package_identification:_identify(docs/GettingStarted/AwsimScenes) by extension 'ros'
[0.494s] Level 1:colcon.colcon_core.package_identification:_identify(docs/GettingStarted/AwsimScenes) by extensions ['cmake', 'python']
[0.494s] Level 1:colcon.colcon_core.package_identification:_identify(docs/GettingStarted/AwsimScenes) by extension 'cmake'
[0.494s] Level 1:colcon.colcon_core.package_identification:_identify(docs/GettingStarted/AwsimScenes) by extension 'python'
[0.494s] Level 1:colcon.colcon_core.package_identification:_identify(docs/GettingStarted/AwsimScenes) by extensions ['python_setup_py']
[0.494s] Level 1:colcon.colcon_core.package_identification:_identify(docs/GettingStarted/AwsimScenes) by extension 'python_setup_py'
[0.494s] Level 1:colcon.colcon_core.package_identification:_identify(docs/GettingStarted/QuickStartDemo) by extensions ['ignore', 'ignore_ament_install']
[0.495s] Level 1:colcon.colcon_core.package_identification:_identify(docs/GettingStarted/QuickStartDemo) by extension 'ignore'
[0.495s] Level 1:colcon.colcon_core.package_identification:_identify(docs/GettingStarted/QuickStartDemo) by extension 'ignore_ament_install'
[0.495s] Level 1:colcon.colcon_core.package_identification:_identify(docs/GettingStarted/QuickStartDemo) by extensions ['colcon_pkg']
[0.495s] Level 1:colcon.colcon_core.package_identification:_identify(docs/GettingStarted/QuickStartDemo) by extension 'colcon_pkg'
[0.495s] Level 1:colcon.colcon_core.package_identification:_identify(docs/GettingStarted/QuickStartDemo) by extensions ['colcon_meta']
[0.495s] Level 1:colcon.colcon_core.package_identification:_identify(docs/GettingStarted/QuickStartDemo) by extension 'colcon_meta'
[0.495s] Level 1:colcon.colcon_core.package_identification:_identify(docs/GettingStarted/QuickStartDemo) by extensions ['ros']
[0.495s] Level 1:colcon.colcon_core.package_identification:_identify(docs/GettingStarted/QuickStartDemo) by extension 'ros'
[0.495s] Level 1:colcon.colcon_core.package_identification:_identify(docs/GettingStarted/QuickStartDemo) by extensions ['cmake', 'python']
[0.495s] Level 1:colcon.colcon_core.package_identification:_identify(docs/GettingStarted/QuickStartDemo) by extension 'cmake'
[0.495s] Level 1:colcon.colcon_core.package_identification:_identify(docs/GettingStarted/QuickStartDemo) by extension 'python'
[0.495s] Level 1:colcon.colcon_core.package_identification:_identify(docs/GettingStarted/QuickStartDemo) by extensions ['python_setup_py']
[0.495s] Level 1:colcon.colcon_core.package_identification:_identify(docs/GettingStarted/QuickStartDemo) by extension 'python_setup_py'
[0.495s] Level 1:colcon.colcon_core.package_identification:_identify(docs/GettingStarted/SetupUnityProject) by extensions ['ignore', 'ignore_ament_install']
[0.495s] Level 1:colcon.colcon_core.package_identification:_identify(docs/GettingStarted/SetupUnityProject) by extension 'ignore'
[0.495s] Level 1:colcon.colcon_core.package_identification:_identify(docs/GettingStarted/SetupUnityProject) by extension 'ignore_ament_install'
[0.495s] Level 1:colcon.colcon_core.package_identification:_identify(docs/GettingStarted/SetupUnityProject) by extensions ['colcon_pkg']
[0.495s] Level 1:colcon.colcon_core.package_identification:_identify(docs/GettingStarted/SetupUnityProject) by extension 'colcon_pkg'
[0.496s] Level 1:colcon.colcon_core.package_identification:_identify(docs/GettingStarted/SetupUnityProject) by extensions ['colcon_meta']
[0.496s] Level 1:colcon.colcon_core.package_identification:_identify(docs/GettingStarted/SetupUnityProject) by extension 'colcon_meta'
[0.496s] Level 1:colcon.colcon_core.package_identification:_identify(docs/GettingStarted/SetupUnityProject) by extensions ['ros']
[0.496s] Level 1:colcon.colcon_core.package_identification:_identify(docs/GettingStarted/SetupUnityProject) by extension 'ros'
[0.496s] Level 1:colcon.colcon_core.package_identification:_identify(docs/GettingStarted/SetupUnityProject) by extensions ['cmake', 'python']
[0.496s] Level 1:colcon.colcon_core.package_identification:_identify(docs/GettingStarted/SetupUnityProject) by extension 'cmake'
[0.496s] Level 1:colcon.colcon_core.package_identification:_identify(docs/GettingStarted/SetupUnityProject) by extension 'python'
[0.496s] Level 1:colcon.colcon_core.package_identification:_identify(docs/GettingStarted/SetupUnityProject) by extensions ['python_setup_py']
[0.496s] Level 1:colcon.colcon_core.package_identification:_identify(docs/GettingStarted/SetupUnityProject) by extension 'python_setup_py'
[0.496s] Level 1:colcon.colcon_core.package_identification:_identify(docs/License) by extensions ['ignore', 'ignore_ament_install']
[0.496s] Level 1:colcon.colcon_core.package_identification:_identify(docs/License) by extension 'ignore'
[0.496s] Level 1:colcon.colcon_core.package_identification:_identify(docs/License) by extension 'ignore_ament_install'
[0.496s] Level 1:colcon.colcon_core.package_identification:_identify(docs/License) by extensions ['colcon_pkg']
[0.496s] Level 1:colcon.colcon_core.package_identification:_identify(docs/License) by extension 'colcon_pkg'
[0.496s] Level 1:colcon.colcon_core.package_identification:_identify(docs/License) by extensions ['colcon_meta']
[0.496s] Level 1:colcon.colcon_core.package_identification:_identify(docs/License) by extension 'colcon_meta'
[0.496s] Level 1:colcon.colcon_core.package_identification:_identify(docs/License) by extensions ['ros']
[0.496s] Level 1:colcon.colcon_core.package_identification:_identify(docs/License) by extension 'ros'
[0.496s] Level 1:colcon.colcon_core.package_identification:_identify(docs/License) by extensions ['cmake', 'python']
[0.496s] Level 1:colcon.colcon_core.package_identification:_identify(docs/License) by extension 'cmake'
[0.496s] Level 1:colcon.colcon_core.package_identification:_identify(docs/License) by extension 'python'
[0.496s] Level 1:colcon.colcon_core.package_identification:_identify(docs/License) by extensions ['python_setup_py']
[0.497s] Level 1:colcon.colcon_core.package_identification:_identify(docs/License) by extension 'python_setup_py'
[0.497s] Level 1:colcon.colcon_core.package_identification:_identify(docs/NewFeatures) by extensions ['ignore', 'ignore_ament_install']
[0.497s] Level 1:colcon.colcon_core.package_identification:_identify(docs/NewFeatures) by extension 'ignore'
[0.497s] Level 1:colcon.colcon_core.package_identification:_identify(docs/NewFeatures) by extension 'ignore_ament_install'
[0.497s] Level 1:colcon.colcon_core.package_identification:_identify(docs/NewFeatures) by extensions ['colcon_pkg']
[0.497s] Level 1:colcon.colcon_core.package_identification:_identify(docs/NewFeatures) by extension 'colcon_pkg'
[0.497s] Level 1:colcon.colcon_core.package_identification:_identify(docs/NewFeatures) by extensions ['colcon_meta']
[0.497s] Level 1:colcon.colcon_core.package_identification:_identify(docs/NewFeatures) by extension 'colcon_meta'
[0.497s] Level 1:colcon.colcon_core.package_identification:_identify(docs/NewFeatures) by extensions ['ros']
[0.497s] Level 1:colcon.colcon_core.package_identification:_identify(docs/NewFeatures) by extension 'ros'
[0.497s] Level 1:colcon.colcon_core.package_identification:_identify(docs/NewFeatures) by extensions ['cmake', 'python']
[0.497s] Level 1:colcon.colcon_core.package_identification:_identify(docs/NewFeatures) by extension 'cmake'
[0.497s] Level 1:colcon.colcon_core.package_identification:_identify(docs/NewFeatures) by extension 'python'
[0.497s] Level 1:colcon.colcon_core.package_identification:_identify(docs/NewFeatures) by extensions ['python_setup_py']
[0.497s] Level 1:colcon.colcon_core.package_identification:_identify(docs/NewFeatures) by extension 'python_setup_py'
[0.497s] Level 1:colcon.colcon_core.package_identification:_identify(docs/NewFeatures/RSU) by extensions ['ignore', 'ignore_ament_install']
[0.497s] Level 1:colcon.colcon_core.package_identification:_identify(docs/NewFeatures/RSU) by extension 'ignore'
[0.497s] Level 1:colcon.colcon_core.package_identification:_identify(docs/NewFeatures/RSU) by extension 'ignore_ament_install'
[0.497s] Level 1:colcon.colcon_core.package_identification:_identify(docs/NewFeatures/RSU) by extensions ['colcon_pkg']
[0.497s] Level 1:colcon.colcon_core.package_identification:_identify(docs/NewFeatures/RSU) by extension 'colcon_pkg'
[0.498s] Level 1:colcon.colcon_core.package_identification:_identify(docs/NewFeatures/RSU) by extensions ['colcon_meta']
[0.498s] Level 1:colcon.colcon_core.package_identification:_identify(docs/NewFeatures/RSU) by extension 'colcon_meta'
[0.498s] Level 1:colcon.colcon_core.package_identification:_identify(docs/NewFeatures/RSU) by extensions ['ros']
[0.498s] Level 1:colcon.colcon_core.package_identification:_identify(docs/NewFeatures/RSU) by extension 'ros'
[0.498s] Level 1:colcon.colcon_core.package_identification:_identify(docs/NewFeatures/RSU) by extensions ['cmake', 'python']
[0.498s] Level 1:colcon.colcon_core.package_identification:_identify(docs/NewFeatures/RSU) by extension 'cmake'
[0.498s] Level 1:colcon.colcon_core.package_identification:_identify(docs/NewFeatures/RSU) by extension 'python'
[0.498s] Level 1:colcon.colcon_core.package_identification:_identify(docs/NewFeatures/RSU) by extensions ['python_setup_py']
[0.498s] Level 1:colcon.colcon_core.package_identification:_identify(docs/NewFeatures/RSU) by extension 'python_setup_py'
[0.498s] Level 1:colcon.colcon_core.package_identification:_identify(docs/NewFeatures/TrafficSignalAwareness) by extensions ['ignore', 'ignore_ament_install']
[0.498s] Level 1:colcon.colcon_core.package_identification:_identify(docs/NewFeatures/TrafficSignalAwareness) by extension 'ignore'
[0.498s] Level 1:colcon.colcon_core.package_identification:_identify(docs/NewFeatures/TrafficSignalAwareness) by extension 'ignore_ament_install'
[0.498s] Level 1:colcon.colcon_core.package_identification:_identify(docs/NewFeatures/TrafficSignalAwareness) by extensions ['colcon_pkg']
[0.498s] Level 1:colcon.colcon_core.package_identification:_identify(docs/NewFeatures/TrafficSignalAwareness) by extension 'colcon_pkg'
[0.498s] Level 1:colcon.colcon_core.package_identification:_identify(docs/NewFeatures/TrafficSignalAwareness) by extensions ['colcon_meta']
[0.498s] Level 1:colcon.colcon_core.package_identification:_identify(docs/NewFeatures/TrafficSignalAwareness) by extension 'colcon_meta'
[0.498s] Level 1:colcon.colcon_core.package_identification:_identify(docs/NewFeatures/TrafficSignalAwareness) by extensions ['ros']
[0.498s] Level 1:colcon.colcon_core.package_identification:_identify(docs/NewFeatures/TrafficSignalAwareness) by extension 'ros'
[0.498s] Level 1:colcon.colcon_core.package_identification:_identify(docs/NewFeatures/TrafficSignalAwareness) by extensions ['cmake', 'python']
[0.498s] Level 1:colcon.colcon_core.package_identification:_identify(docs/NewFeatures/TrafficSignalAwareness) by extension 'cmake'
[0.498s] Level 1:colcon.colcon_core.package_identification:_identify(docs/NewFeatures/TrafficSignalAwareness) by extension 'python'
[0.498s] Level 1:colcon.colcon_core.package_identification:_identify(docs/NewFeatures/TrafficSignalAwareness) by extensions ['python_setup_py']
[0.499s] Level 1:colcon.colcon_core.package_identification:_identify(docs/NewFeatures/TrafficSignalAwareness) by extension 'python_setup_py'
[0.499s] Level 1:colcon.colcon_core.package_identification:_identify(docs/ProjectGuide) by extensions ['ignore', 'ignore_ament_install']
[0.499s] Level 1:colcon.colcon_core.package_identification:_identify(docs/ProjectGuide) by extension 'ignore'
[0.499s] Level 1:colcon.colcon_core.package_identification:_identify(docs/ProjectGuide) by extension 'ignore_ament_install'
[0.499s] Level 1:colcon.colcon_core.package_identification:_identify(docs/ProjectGuide) by extensions ['colcon_pkg']
[0.499s] Level 1:colcon.colcon_core.package_identification:_identify(docs/ProjectGuide) by extension 'colcon_pkg'
[0.499s] Level 1:colcon.colcon_core.package_identification:_identify(docs/ProjectGuide) by extensions ['colcon_meta']
[0.499s] Level 1:colcon.colcon_core.package_identification:_identify(docs/ProjectGuide) by extension 'colcon_meta'
[0.499s] Level 1:colcon.colcon_core.package_identification:_identify(docs/ProjectGuide) by extensions ['ros']
[0.499s] Level 1:colcon.colcon_core.package_identification:_identify(docs/ProjectGuide) by extension 'ros'
[0.499s] Level 1:colcon.colcon_core.package_identification:_identify(docs/ProjectGuide) by extensions ['cmake', 'python']
[0.499s] Level 1:colcon.colcon_core.package_identification:_identify(docs/ProjectGuide) by extension 'cmake'
[0.499s] Level 1:colcon.colcon_core.package_identification:_identify(docs/ProjectGuide) by extension 'python'
[0.499s] Level 1:colcon.colcon_core.package_identification:_identify(docs/ProjectGuide) by extensions ['python_setup_py']
[0.499s] Level 1:colcon.colcon_core.package_identification:_identify(docs/ProjectGuide) by extension 'python_setup_py'
[0.499s] Level 1:colcon.colcon_core.package_identification:_identify(docs/ProjectGuide/GitBranch) by extensions ['ignore', 'ignore_ament_install']
[0.499s] Level 1:colcon.colcon_core.package_identification:_identify(docs/ProjectGuide/GitBranch) by extension 'ignore'
[0.499s] Level 1:colcon.colcon_core.package_identification:_identify(docs/ProjectGuide/GitBranch) by extension 'ignore_ament_install'
[0.499s] Level 1:colcon.colcon_core.package_identification:_identify(docs/ProjectGuide/GitBranch) by extensions ['colcon_pkg']
[0.500s] Level 1:colcon.colcon_core.package_identification:_identify(docs/ProjectGuide/GitBranch) by extension 'colcon_pkg'
[0.500s] Level 1:colcon.colcon_core.package_identification:_identify(docs/ProjectGuide/GitBranch) by extensions ['colcon_meta']
[0.500s] Level 1:colcon.colcon_core.package_identification:_identify(docs/ProjectGuide/GitBranch) by extension 'colcon_meta'
[0.500s] Level 1:colcon.colcon_core.package_identification:_identify(docs/ProjectGuide/GitBranch) by extensions ['ros']
[0.500s] Level 1:colcon.colcon_core.package_identification:_identify(docs/ProjectGuide/GitBranch) by extension 'ros'
[0.500s] Level 1:colcon.colcon_core.package_identification:_identify(docs/ProjectGuide/GitBranch) by extensions ['cmake', 'python']
[0.500s] Level 1:colcon.colcon_core.package_identification:_identify(docs/ProjectGuide/GitBranch) by extension 'cmake'
[0.500s] Level 1:colcon.colcon_core.package_identification:_identify(docs/ProjectGuide/GitBranch) by extension 'python'
[0.500s] Level 1:colcon.colcon_core.package_identification:_identify(docs/ProjectGuide/GitBranch) by extensions ['python_setup_py']
[0.500s] Level 1:colcon.colcon_core.package_identification:_identify(docs/ProjectGuide/GitBranch) by extension 'python_setup_py'
[0.500s] Level 1:colcon.colcon_core.package_identification:_identify(docs/Simple-AV) by extensions ['ignore', 'ignore_ament_install']
[0.500s] Level 1:colcon.colcon_core.package_identification:_identify(docs/Simple-AV) by extension 'ignore'
[0.500s] Level 1:colcon.colcon_core.package_identification:_identify(docs/Simple-AV) by extension 'ignore_ament_install'
[0.500s] Level 1:colcon.colcon_core.package_identification:_identify(docs/Simple-AV) by extensions ['colcon_pkg']
[0.500s] Level 1:colcon.colcon_core.package_identification:_identify(docs/Simple-AV) by extension 'colcon_pkg'
[0.500s] Level 1:colcon.colcon_core.package_identification:_identify(docs/Simple-AV) by extensions ['colcon_meta']
[0.500s] Level 1:colcon.colcon_core.package_identification:_identify(docs/Simple-AV) by extension 'colcon_meta'
[0.500s] Level 1:colcon.colcon_core.package_identification:_identify(docs/Simple-AV) by extensions ['ros']
[0.500s] Level 1:colcon.colcon_core.package_identification:_identify(docs/Simple-AV) by extension 'ros'
[0.500s] Level 1:colcon.colcon_core.package_identification:_identify(docs/Simple-AV) by extensions ['cmake', 'python']
[0.500s] Level 1:colcon.colcon_core.package_identification:_identify(docs/Simple-AV) by extension 'cmake'
[0.500s] Level 1:colcon.colcon_core.package_identification:_identify(docs/Simple-AV) by extension 'python'
[0.500s] Level 1:colcon.colcon_core.package_identification:_identify(docs/Simple-AV) by extensions ['python_setup_py']
[0.500s] Level 1:colcon.colcon_core.package_identification:_identify(docs/Simple-AV) by extension 'python_setup_py'
[0.501s] Level 1:colcon.colcon_core.package_identification:_identify(docs/Simple-AV/JsonMap) by extensions ['ignore', 'ignore_ament_install']
[0.501s] Level 1:colcon.colcon_core.package_identification:_identify(docs/Simple-AV/JsonMap) by extension 'ignore'
[0.501s] Level 1:colcon.colcon_core.package_identification:_identify(docs/Simple-AV/JsonMap) by extension 'ignore_ament_install'
[0.501s] Level 1:colcon.colcon_core.package_identification:_identify(docs/Simple-AV/JsonMap) by extensions ['colcon_pkg']
[0.501s] Level 1:colcon.colcon_core.package_identification:_identify(docs/Simple-AV/JsonMap) by extension 'colcon_pkg'
[0.501s] Level 1:colcon.colcon_core.package_identification:_identify(docs/Simple-AV/JsonMap) by extensions ['colcon_meta']
[0.501s] Level 1:colcon.colcon_core.package_identification:_identify(docs/Simple-AV/JsonMap) by extension 'colcon_meta'
[0.501s] Level 1:colcon.colcon_core.package_identification:_identify(docs/Simple-AV/JsonMap) by extensions ['ros']
[0.501s] Level 1:colcon.colcon_core.package_identification:_identify(docs/Simple-AV/JsonMap) by extension 'ros'
[0.501s] Level 1:colcon.colcon_core.package_identification:_identify(docs/Simple-AV/JsonMap) by extensions ['cmake', 'python']
[0.501s] Level 1:colcon.colcon_core.package_identification:_identify(docs/Simple-AV/JsonMap) by extension 'cmake'
[0.501s] Level 1:colcon.colcon_core.package_identification:_identify(docs/Simple-AV/JsonMap) by extension 'python'
[0.501s] Level 1:colcon.colcon_core.package_identification:_identify(docs/Simple-AV/JsonMap) by extensions ['python_setup_py']
[0.501s] Level 1:colcon.colcon_core.package_identification:_identify(docs/Simple-AV/JsonMap) by extension 'python_setup_py'
[0.501s] Level 1:colcon.colcon_core.package_identification:_identify(docs/Simple-AV/Modules) by extensions ['ignore', 'ignore_ament_install']
[0.501s] Level 1:colcon.colcon_core.package_identification:_identify(docs/Simple-AV/Modules) by extension 'ignore'
[0.501s] Level 1:colcon.colcon_core.package_identification:_identify(docs/Simple-AV/Modules) by extension 'ignore_ament_install'
[0.501s] Level 1:colcon.colcon_core.package_identification:_identify(docs/Simple-AV/Modules) by extensions ['colcon_pkg']
[0.501s] Level 1:colcon.colcon_core.package_identification:_identify(docs/Simple-AV/Modules) by extension 'colcon_pkg'
[0.502s] Level 1:colcon.colcon_core.package_identification:_identify(docs/Simple-AV/Modules) by extensions ['colcon_meta']
[0.502s] Level 1:colcon.colcon_core.package_identification:_identify(docs/Simple-AV/Modules) by extension 'colcon_meta'
[0.502s] Level 1:colcon.colcon_core.package_identification:_identify(docs/Simple-AV/Modules) by extensions ['ros']
[0.502s] Level 1:colcon.colcon_core.package_identification:_identify(docs/Simple-AV/Modules) by extension 'ros'
[0.502s] Level 1:colcon.colcon_core.package_identification:_identify(docs/Simple-AV/Modules) by extensions ['cmake', 'python']
[0.502s] Level 1:colcon.colcon_core.package_identification:_identify(docs/Simple-AV/Modules) by extension 'cmake'
[0.502s] Level 1:colcon.colcon_core.package_identification:_identify(docs/Simple-AV/Modules) by extension 'python'
[0.502s] Level 1:colcon.colcon_core.package_identification:_identify(docs/Simple-AV/Modules) by extensions ['python_setup_py']
[0.502s] Level 1:colcon.colcon_core.package_identification:_identify(docs/Simple-AV/Modules) by extension 'python_setup_py'
[0.502s] Level 1:colcon.colcon_core.package_identification:_identify(docs/Simple-AV/Modules/Common) by extensions ['ignore', 'ignore_ament_install']
[0.502s] Level 1:colcon.colcon_core.package_identification:_identify(docs/Simple-AV/Modules/Common) by extension 'ignore'
[0.502s] Level 1:colcon.colcon_core.package_identification:_identify(docs/Simple-AV/Modules/Common) by extension 'ignore_ament_install'
[0.502s] Level 1:colcon.colcon_core.package_identification:_identify(docs/Simple-AV/Modules/Common) by extensions ['colcon_pkg']
[0.502s] Level 1:colcon.colcon_core.package_identification:_identify(docs/Simple-AV/Modules/Common) by extension 'colcon_pkg'
[0.502s] Level 1:colcon.colcon_core.package_identification:_identify(docs/Simple-AV/Modules/Common) by extensions ['colcon_meta']
[0.502s] Level 1:colcon.colcon_core.package_identification:_identify(docs/Simple-AV/Modules/Common) by extension 'colcon_meta'
[0.502s] Level 1:colcon.colcon_core.package_identification:_identify(docs/Simple-AV/Modules/Common) by extensions ['ros']
[0.502s] Level 1:colcon.colcon_core.package_identification:_identify(docs/Simple-AV/Modules/Common) by extension 'ros'
[0.502s] Level 1:colcon.colcon_core.package_identification:_identify(docs/Simple-AV/Modules/Common) by extensions ['cmake', 'python']
[0.502s] Level 1:colcon.colcon_core.package_identification:_identify(docs/Simple-AV/Modules/Common) by extension 'cmake'
[0.502s] Level 1:colcon.colcon_core.package_identification:_identify(docs/Simple-AV/Modules/Common) by extension 'python'
[0.502s] Level 1:colcon.colcon_core.package_identification:_identify(docs/Simple-AV/Modules/Common) by extensions ['python_setup_py']
[0.503s] Level 1:colcon.colcon_core.package_identification:_identify(docs/Simple-AV/Modules/Common) by extension 'python_setup_py'
[0.503s] Level 1:colcon.colcon_core.package_identification:_identify(docs/Simple-AV/Modules/Control) by extensions ['ignore', 'ignore_ament_install']
[0.503s] Level 1:colcon.colcon_core.package_identification:_identify(docs/Simple-AV/Modules/Control) by extension 'ignore'
[0.503s] Level 1:colcon.colcon_core.package_identification:_identify(docs/Simple-AV/Modules/Control) by extension 'ignore_ament_install'
[0.503s] Level 1:colcon.colcon_core.package_identification:_identify(docs/Simple-AV/Modules/Control) by extensions ['colcon_pkg']
[0.503s] Level 1:colcon.colcon_core.package_identification:_identify(docs/Simple-AV/Modules/Control) by extension 'colcon_pkg'
[0.503s] Level 1:colcon.colcon_core.package_identification:_identify(docs/Simple-AV/Modules/Control) by extensions ['colcon_meta']
[0.503s] Level 1:colcon.colcon_core.package_identification:_identify(docs/Simple-AV/Modules/Control) by extension 'colcon_meta'
[0.503s] Level 1:colcon.colcon_core.package_identification:_identify(docs/Simple-AV/Modules/Control) by extensions ['ros']
[0.503s] Level 1:colcon.colcon_core.package_identification:_identify(docs/Simple-AV/Modules/Control) by extension 'ros'
[0.503s] Level 1:colcon.colcon_core.package_identification:_identify(docs/Simple-AV/Modules/Control) by extensions ['cmake', 'python']
[0.503s] Level 1:colcon.colcon_core.package_identification:_identify(docs/Simple-AV/Modules/Control) by extension 'cmake'
[0.503s] Level 1:colcon.colcon_core.package_identification:_identify(docs/Simple-AV/Modules/Control) by extension 'python'
[0.503s] Level 1:colcon.colcon_core.package_identification:_identify(docs/Simple-AV/Modules/Control) by extensions ['python_setup_py']
[0.503s] Level 1:colcon.colcon_core.package_identification:_identify(docs/Simple-AV/Modules/Control) by extension 'python_setup_py'
[0.503s] Level 1:colcon.colcon_core.package_identification:_identify(docs/Simple-AV/Modules/Localization) by extensions ['ignore', 'ignore_ament_install']
[0.503s] Level 1:colcon.colcon_core.package_identification:_identify(docs/Simple-AV/Modules/Localization) by extension 'ignore'
[0.503s] Level 1:colcon.colcon_core.package_identification:_identify(docs/Simple-AV/Modules/Localization) by extension 'ignore_ament_install'
[0.503s] Level 1:colcon.colcon_core.package_identification:_identify(docs/Simple-AV/Modules/Localization) by extensions ['colcon_pkg']
[0.504s] Level 1:colcon.colcon_core.package_identification:_identify(docs/Simple-AV/Modules/Localization) by extension 'colcon_pkg'
[0.504s] Level 1:colcon.colcon_core.package_identification:_identify(docs/Simple-AV/Modules/Localization) by extensions ['colcon_meta']
[0.504s] Level 1:colcon.colcon_core.package_identification:_identify(docs/Simple-AV/Modules/Localization) by extension 'colcon_meta'
[0.504s] Level 1:colcon.colcon_core.package_identification:_identify(docs/Simple-AV/Modules/Localization) by extensions ['ros']
[0.504s] Level 1:colcon.colcon_core.package_identification:_identify(docs/Simple-AV/Modules/Localization) by extension 'ros'
[0.504s] Level 1:colcon.colcon_core.package_identification:_identify(docs/Simple-AV/Modules/Localization) by extensions ['cmake', 'python']
[0.504s] Level 1:colcon.colcon_core.package_identification:_identify(docs/Simple-AV/Modules/Localization) by extension 'cmake'
[0.504s] Level 1:colcon.colcon_core.package_identification:_identify(docs/Simple-AV/Modules/Localization) by extension 'python'
[0.504s] Level 1:colcon.colcon_core.package_identification:_identify(docs/Simple-AV/Modules/Localization) by extensions ['python_setup_py']
[0.504s] Level 1:colcon.colcon_core.package_identification:_identify(docs/Simple-AV/Modules/Localization) by extension 'python_setup_py'
[0.504s] Level 1:colcon.colcon_core.package_identification:_identify(docs/Simple-AV/Modules/Perception) by extensions ['ignore', 'ignore_ament_install']
[0.504s] Level 1:colcon.colcon_core.package_identification:_identify(docs/Simple-AV/Modules/Perception) by extension 'ignore'
[0.504s] Level 1:colcon.colcon_core.package_identification:_identify(docs/Simple-AV/Modules/Perception) by extension 'ignore_ament_install'
[0.504s] Level 1:colcon.colcon_core.package_identification:_identify(docs/Simple-AV/Modules/Perception) by extensions ['colcon_pkg']
[0.504s] Level 1:colcon.colcon_core.package_identification:_identify(docs/Simple-AV/Modules/Perception) by extension 'colcon_pkg'
[0.504s] Level 1:colcon.colcon_core.package_identification:_identify(docs/Simple-AV/Modules/Perception) by extensions ['colcon_meta']
[0.504s] Level 1:colcon.colcon_core.package_identification:_identify(docs/Simple-AV/Modules/Perception) by extension 'colcon_meta'
[0.504s] Level 1:colcon.colcon_core.package_identification:_identify(docs/Simple-AV/Modules/Perception) by extensions ['ros']
[0.504s] Level 1:colcon.colcon_core.package_identification:_identify(docs/Simple-AV/Modules/Perception) by extension 'ros'
[0.504s] Level 1:colcon.colcon_core.package_identification:_identify(docs/Simple-AV/Modules/Perception) by extensions ['cmake', 'python']
[0.504s] Level 1:colcon.colcon_core.package_identification:_identify(docs/Simple-AV/Modules/Perception) by extension 'cmake'
[0.504s] Level 1:colcon.colcon_core.package_identification:_identify(docs/Simple-AV/Modules/Perception) by extension 'python'
[0.504s] Level 1:colcon.colcon_core.package_identification:_identify(docs/Simple-AV/Modules/Perception) by extensions ['python_setup_py']
[0.505s] Level 1:colcon.colcon_core.package_identification:_identify(docs/Simple-AV/Modules/Perception) by extension 'python_setup_py'
[0.505s] Level 1:colcon.colcon_core.package_identification:_identify(docs/Simple-AV/Modules/Planning) by extensions ['ignore', 'ignore_ament_install']
[0.505s] Level 1:colcon.colcon_core.package_identification:_identify(docs/Simple-AV/Modules/Planning) by extension 'ignore'
[0.505s] Level 1:colcon.colcon_core.package_identification:_identify(docs/Simple-AV/Modules/Planning) by extension 'ignore_ament_install'
[0.505s] Level 1:colcon.colcon_core.package_identification:_identify(docs/Simple-AV/Modules/Planning) by extensions ['colcon_pkg']
[0.505s] Level 1:colcon.colcon_core.package_identification:_identify(docs/Simple-AV/Modules/Planning) by extension 'colcon_pkg'
[0.505s] Level 1:colcon.colcon_core.package_identification:_identify(docs/Simple-AV/Modules/Planning) by extensions ['colcon_meta']
[0.505s] Level 1:colcon.colcon_core.package_identification:_identify(docs/Simple-AV/Modules/Planning) by extension 'colcon_meta'
[0.505s] Level 1:colcon.colcon_core.package_identification:_identify(docs/Simple-AV/Modules/Planning) by extensions ['ros']
[0.505s] Level 1:colcon.colcon_core.package_identification:_identify(docs/Simple-AV/Modules/Planning) by extension 'ros'
[0.505s] Level 1:colcon.colcon_core.package_identification:_identify(docs/Simple-AV/Modules/Planning) by extensions ['cmake', 'python']
[0.505s] Level 1:colcon.colcon_core.package_identification:_identify(docs/Simple-AV/Modules/Planning) by extension 'cmake'
[0.505s] Level 1:colcon.colcon_core.package_identification:_identify(docs/Simple-AV/Modules/Planning) by extension 'python'
[0.505s] Level 1:colcon.colcon_core.package_identification:_identify(docs/Simple-AV/Modules/Planning) by extensions ['python_setup_py']
[0.505s] Level 1:colcon.colcon_core.package_identification:_identify(docs/Simple-AV/Modules/Planning) by extension 'python_setup_py'
[0.505s] Level 1:colcon.colcon_core.package_identification:_identify(docs/Simple-AV/Modules/System) by extensions ['ignore', 'ignore_ament_install']
[0.505s] Level 1:colcon.colcon_core.package_identification:_identify(docs/Simple-AV/Modules/System) by extension 'ignore'
[0.505s] Level 1:colcon.colcon_core.package_identification:_identify(docs/Simple-AV/Modules/System) by extension 'ignore_ament_install'
[0.505s] Level 1:colcon.colcon_core.package_identification:_identify(docs/Simple-AV/Modules/System) by extensions ['colcon_pkg']
[0.506s] Level 1:colcon.colcon_core.package_identification:_identify(docs/Simple-AV/Modules/System) by extension 'colcon_pkg'
[0.506s] Level 1:colcon.colcon_core.package_identification:_identify(docs/Simple-AV/Modules/System) by extensions ['colcon_meta']
[0.506s] Level 1:colcon.colcon_core.package_identification:_identify(docs/Simple-AV/Modules/System) by extension 'colcon_meta'
[0.506s] Level 1:colcon.colcon_core.package_identification:_identify(docs/Simple-AV/Modules/System) by extensions ['ros']
[0.506s] Level 1:colcon.colcon_core.package_identification:_identify(docs/Simple-AV/Modules/System) by extension 'ros'
[0.506s] Level 1:colcon.colcon_core.package_identification:_identify(docs/Simple-AV/Modules/System) by extensions ['cmake', 'python']
[0.506s] Level 1:colcon.colcon_core.package_identification:_identify(docs/Simple-AV/Modules/System) by extension 'cmake'
[0.506s] Level 1:colcon.colcon_core.package_identification:_identify(docs/Simple-AV/Modules/System) by extension 'python'
[0.506s] Level 1:colcon.colcon_core.package_identification:_identify(docs/Simple-AV/Modules/System) by extensions ['python_setup_py']
[0.506s] Level 1:colcon.colcon_core.package_identification:_identify(docs/Simple-AV/Modules/System) by extension 'python_setup_py'
[0.506s] Level 1:colcon.colcon_core.package_identification:_identify(docs/Simple-AV/SystemSetup) by extensions ['ignore', 'ignore_ament_install']
[0.506s] Level 1:colcon.colcon_core.package_identification:_identify(docs/Simple-AV/SystemSetup) by extension 'ignore'
[0.506s] Level 1:colcon.colcon_core.package_identification:_identify(docs/Simple-AV/SystemSetup) by extension 'ignore_ament_install'
[0.506s] Level 1:colcon.colcon_core.package_identification:_identify(docs/Simple-AV/SystemSetup) by extensions ['colcon_pkg']
[0.506s] Level 1:colcon.colcon_core.package_identification:_identify(docs/Simple-AV/SystemSetup) by extension 'colcon_pkg'
[0.506s] Level 1:colcon.colcon_core.package_identification:_identify(docs/Simple-AV/SystemSetup) by extensions ['colcon_meta']
[0.506s] Level 1:colcon.colcon_core.package_identification:_identify(docs/Simple-AV/SystemSetup) by extension 'colcon_meta'
[0.506s] Level 1:colcon.colcon_core.package_identification:_identify(docs/Simple-AV/SystemSetup) by extensions ['ros']
[0.506s] Level 1:colcon.colcon_core.package_identification:_identify(docs/Simple-AV/SystemSetup) by extension 'ros'
[0.506s] Level 1:colcon.colcon_core.package_identification:_identify(docs/Simple-AV/SystemSetup) by extensions ['cmake', 'python']
[0.506s] Level 1:colcon.colcon_core.package_identification:_identify(docs/Simple-AV/SystemSetup) by extension 'cmake'
[0.506s] Level 1:colcon.colcon_core.package_identification:_identify(docs/Simple-AV/SystemSetup) by extension 'python'
[0.507s] Level 1:colcon.colcon_core.package_identification:_identify(docs/Simple-AV/SystemSetup) by extensions ['python_setup_py']
[0.507s] Level 1:colcon.colcon_core.package_identification:_identify(docs/Simple-AV/SystemSetup) by extension 'python_setup_py'
[0.507s] Level 1:colcon.colcon_core.package_identification:_identify(install) by extensions ['ignore', 'ignore_ament_install']
[0.507s] Level 1:colcon.colcon_core.package_identification:_identify(install) by extension 'ignore'
[0.507s] Level 1:colcon.colcon_core.package_identification:_identify(install) ignored
[0.507s] Level 1:colcon.colcon_core.package_identification:_identify(log) by extensions ['ignore', 'ignore_ament_install']
[0.507s] Level 1:colcon.colcon_core.package_identification:_identify(log) by extension 'ignore'
[0.507s] Level 1:colcon.colcon_core.package_identification:_identify(log) ignored
[0.507s] Level 1:colcon.colcon_core.package_identification:_identify(src) by extensions ['ignore', 'ignore_ament_install']
[0.507s] Level 1:colcon.colcon_core.package_identification:_identify(src) by extension 'ignore'
[0.507s] Level 1:colcon.colcon_core.package_identification:_identify(src) by extension 'ignore_ament_install'
[0.507s] Level 1:colcon.colcon_core.package_identification:_identify(src) by extensions ['colcon_pkg']
[0.507s] Level 1:colcon.colcon_core.package_identification:_identify(src) by extension 'colcon_pkg'
[0.507s] Level 1:colcon.colcon_core.package_identification:_identify(src) by extensions ['colcon_meta']
[0.507s] Level 1:colcon.colcon_core.package_identification:_identify(src) by extension 'colcon_meta'
[0.507s] Level 1:colcon.colcon_core.package_identification:_identify(src) by extensions ['ros']
[0.507s] Level 1:colcon.colcon_core.package_identification:_identify(src) by extension 'ros'
[0.508s] Level 1:colcon.colcon_core.package_identification:_identify(src) by extensions ['cmake', 'python']
[0.508s] Level 1:colcon.colcon_core.package_identification:_identify(src) by extension 'cmake'
[0.508s] Level 1:colcon.colcon_core.package_identification:_identify(src) by extension 'python'
[0.508s] Level 1:colcon.colcon_core.package_identification:_identify(src) by extensions ['python_setup_py']
[0.508s] Level 1:colcon.colcon_core.package_identification:_identify(src) by extension 'python_setup_py'
[0.508s] Level 1:colcon.colcon_core.package_identification:_identify(src/common) by extensions ['ignore', 'ignore_ament_install']
[0.508s] Level 1:colcon.colcon_core.package_identification:_identify(src/common) by extension 'ignore'
[0.508s] Level 1:colcon.colcon_core.package_identification:_identify(src/common) by extension 'ignore_ament_install'
[0.508s] Level 1:colcon.colcon_core.package_identification:_identify(src/common) by extensions ['colcon_pkg']
[0.508s] Level 1:colcon.colcon_core.package_identification:_identify(src/common) by extension 'colcon_pkg'
[0.508s] Level 1:colcon.colcon_core.package_identification:_identify(src/common) by extensions ['colcon_meta']
[0.508s] Level 1:colcon.colcon_core.package_identification:_identify(src/common) by extension 'colcon_meta'
[0.508s] Level 1:colcon.colcon_core.package_identification:_identify(src/common) by extensions ['ros']
[0.508s] Level 1:colcon.colcon_core.package_identification:_identify(src/common) by extension 'ros'
[0.512s] DEBUG:colcon.colcon_core.package_identification:Package 'src/common' with type 'ros.ament_python' and name 'common'
[0.512s] Level 1:colcon.colcon_core.package_identification:_identify(src/control) by extensions ['ignore', 'ignore_ament_install']
[0.513s] Level 1:colcon.colcon_core.package_identification:_identify(src/control) by extension 'ignore'
[0.513s] Level 1:colcon.colcon_core.package_identification:_identify(src/control) by extension 'ignore_ament_install'
[0.513s] Level 1:colcon.colcon_core.package_identification:_identify(src/control) by extensions ['colcon_pkg']
[0.513s] Level 1:colcon.colcon_core.package_identification:_identify(src/control) by extension 'colcon_pkg'
[0.513s] Level 1:colcon.colcon_core.package_identification:_identify(src/control) by extensions ['colcon_meta']
[0.513s] Level 1:colcon.colcon_core.package_identification:_identify(src/control) by extension 'colcon_meta'
[0.513s] Level 1:colcon.colcon_core.package_identification:_identify(src/control) by extensions ['ros']
[0.513s] Level 1:colcon.colcon_core.package_identification:_identify(src/control) by extension 'ros'
[0.514s] DEBUG:colcon.colcon_core.package_identification:Package 'src/control' with type 'ros.ament_python' and name 'control'
[0.514s] Level 1:colcon.colcon_core.package_identification:_identify(src/localization) by extensions ['ignore', 'ignore_ament_install']
[0.514s] Level 1:colcon.colcon_core.package_identification:_identify(src/localization) by extension 'ignore'
[0.514s] Level 1:colcon.colcon_core.package_identification:_identify(src/localization) by extension 'ignore_ament_install'
[0.514s] Level 1:colcon.colcon_core.package_identification:_identify(src/localization) by extensions ['colcon_pkg']
[0.514s] Level 1:colcon.colcon_core.package_identification:_identify(src/localization) by extension 'colcon_pkg'
[0.514s] Level 1:colcon.colcon_core.package_identification:_identify(src/localization) by extensions ['colcon_meta']
[0.514s] Level 1:colcon.colcon_core.package_identification:_identify(src/localization) by extension 'colcon_meta'
[0.514s] Level 1:colcon.colcon_core.package_identification:_identify(src/localization) by extensions ['ros']
[0.514s] Level 1:colcon.colcon_core.package_identification:_identify(src/localization) by extension 'ros'
[0.515s] DEBUG:colcon.colcon_core.package_identification:Package 'src/localization' with type 'ros.ament_python' and name 'localization'
[0.515s] Level 1:colcon.colcon_core.package_identification:_identify(src/messages) by extensions ['ignore', 'ignore_ament_install']
[0.515s] Level 1:colcon.colcon_core.package_identification:_identify(src/messages) by extension 'ignore'
[0.515s] Level 1:colcon.colcon_core.package_identification:_identify(src/messages) by extension 'ignore_ament_install'
[0.515s] Level 1:colcon.colcon_core.package_identification:_identify(src/messages) by extensions ['colcon_pkg']
[0.515s] Level 1:colcon.colcon_core.package_identification:_identify(src/messages) by extension 'colcon_pkg'
[0.515s] Level 1:colcon.colcon_core.package_identification:_identify(src/messages) by extensions ['colcon_meta']
[0.515s] Level 1:colcon.colcon_core.package_identification:_identify(src/messages) by extension 'colcon_meta'
[0.515s] Level 1:colcon.colcon_core.package_identification:_identify(src/messages) by extensions ['ros']
[0.515s] Level 1:colcon.colcon_core.package_identification:_identify(src/messages) by extension 'ros'
[0.516s] Level 1:colcon.colcon_core.package_identification:_identify(src/messages) by extensions ['cmake', 'python']
[0.516s] Level 1:colcon.colcon_core.package_identification:_identify(src/messages) by extension 'cmake'
[0.516s] Level 1:colcon.colcon_core.package_identification:_identify(src/messages) by extension 'python'
[0.516s] Level 1:colcon.colcon_core.package_identification:_identify(src/messages) by extensions ['python_setup_py']
[0.516s] Level 1:colcon.colcon_core.package_identification:_identify(src/messages) by extension 'python_setup_py'
[0.516s] Level 1:colcon.colcon_core.package_identification:_identify(src/messages/autoware_msgs) by extensions ['ignore', 'ignore_ament_install']
[0.516s] Level 1:colcon.colcon_core.package_identification:_identify(src/messages/autoware_msgs) by extension 'ignore'
[0.516s] Level 1:colcon.colcon_core.package_identification:_identify(src/messages/autoware_msgs) by extension 'ignore_ament_install'
[0.516s] Level 1:colcon.colcon_core.package_identification:_identify(src/messages/autoware_msgs) by extensions ['colcon_pkg']
[0.516s] Level 1:colcon.colcon_core.package_identification:_identify(src/messages/autoware_msgs) by extension 'colcon_pkg'
[0.516s] Level 1:colcon.colcon_core.package_identification:_identify(src/messages/autoware_msgs) by extensions ['colcon_meta']
[0.516s] Level 1:colcon.colcon_core.package_identification:_identify(src/messages/autoware_msgs) by extension 'colcon_meta'
[0.516s] Level 1:colcon.colcon_core.package_identification:_identify(src/messages/autoware_msgs) by extensions ['ros']
[0.516s] Level 1:colcon.colcon_core.package_identification:_identify(src/messages/autoware_msgs) by extension 'ros'
[0.516s] Level 1:colcon.colcon_core.package_identification:_identify(src/messages/autoware_msgs) by extensions ['cmake', 'python']
[0.516s] Level 1:colcon.colcon_core.package_identification:_identify(src/messages/autoware_msgs) by extension 'cmake'
[0.516s] Level 1:colcon.colcon_core.package_identification:_identify(src/messages/autoware_msgs) by extension 'python'
[0.516s] Level 1:colcon.colcon_core.package_identification:_identify(src/messages/autoware_msgs) by extensions ['python_setup_py']
[0.516s] Level 1:colcon.colcon_core.package_identification:_identify(src/messages/autoware_msgs) by extension 'python_setup_py'
[0.516s] Level 1:colcon.colcon_core.package_identification:_identify(src/messages/autoware_msgs/autoware_common_msgs) by extensions ['ignore', 'ignore_ament_install']
[0.517s] Level 1:colcon.colcon_core.package_identification:_identify(src/messages/autoware_msgs/autoware_common_msgs) by extension 'ignore'
[0.517s] Level 1:colcon.colcon_core.package_identification:_identify(src/messages/autoware_msgs/autoware_common_msgs) by extension 'ignore_ament_install'
[0.517s] Level 1:colcon.colcon_core.package_identification:_identify(src/messages/autoware_msgs/autoware_common_msgs) by extensions ['colcon_pkg']
[0.517s] Level 1:colcon.colcon_core.package_identification:_identify(src/messages/autoware_msgs/autoware_common_msgs) by extension 'colcon_pkg'
[0.517s] Level 1:colcon.colcon_core.package_identification:_identify(src/messages/autoware_msgs/autoware_common_msgs) by extensions ['colcon_meta']
[0.517s] Level 1:colcon.colcon_core.package_identification:_identify(src/messages/autoware_msgs/autoware_common_msgs) by extension 'colcon_meta'
[0.517s] Level 1:colcon.colcon_core.package_identification:_identify(src/messages/autoware_msgs/autoware_common_msgs) by extensions ['ros']
[0.517s] Level 1:colcon.colcon_core.package_identification:_identify(src/messages/autoware_msgs/autoware_common_msgs) by extension 'ros'
[0.518s] DEBUG:colcon.colcon_core.package_identification:Package 'src/messages/autoware_msgs/autoware_common_msgs' with type 'ros.ament_cmake' and name 'autoware_common_msgs'
[0.518s] Level 1:colcon.colcon_core.package_identification:_identify(src/messages/autoware_msgs/autoware_control_msgs) by extensions ['ignore', 'ignore_ament_install']
[0.518s] Level 1:colcon.colcon_core.package_identification:_identify(src/messages/autoware_msgs/autoware_control_msgs) by extension 'ignore'
[0.518s] Level 1:colcon.colcon_core.package_identification:_identify(src/messages/autoware_msgs/autoware_control_msgs) by extension 'ignore_ament_install'
[0.518s] Level 1:colcon.colcon_core.package_identification:_identify(src/messages/autoware_msgs/autoware_control_msgs) by extensions ['colcon_pkg']
[0.518s] Level 1:colcon.colcon_core.package_identification:_identify(src/messages/autoware_msgs/autoware_control_msgs) by extension 'colcon_pkg'
[0.518s] Level 1:colcon.colcon_core.package_identification:_identify(src/messages/autoware_msgs/autoware_control_msgs) by extensions ['colcon_meta']
[0.518s] Level 1:colcon.colcon_core.package_identification:_identify(src/messages/autoware_msgs/autoware_control_msgs) by extension 'colcon_meta'
[0.518s] Level 1:colcon.colcon_core.package_identification:_identify(src/messages/autoware_msgs/autoware_control_msgs) by extensions ['ros']
[0.518s] Level 1:colcon.colcon_core.package_identification:_identify(src/messages/autoware_msgs/autoware_control_msgs) by extension 'ros'
[0.519s] DEBUG:colcon.colcon_core.package_identification:Package 'src/messages/autoware_msgs/autoware_control_msgs' with type 'ros.ament_cmake' and name 'autoware_control_msgs'
[0.519s] Level 1:colcon.colcon_core.package_identification:_identify(src/messages/autoware_msgs/autoware_localization_msgs) by extensions ['ignore', 'ignore_ament_install']
[0.519s] Level 1:colcon.colcon_core.package_identification:_identify(src/messages/autoware_msgs/autoware_localization_msgs) by extension 'ignore'
[0.519s] Level 1:colcon.colcon_core.package_identification:_identify(src/messages/autoware_msgs/autoware_localization_msgs) by extension 'ignore_ament_install'
[0.519s] Level 1:colcon.colcon_core.package_identification:_identify(src/messages/autoware_msgs/autoware_localization_msgs) by extensions ['colcon_pkg']
[0.519s] Level 1:colcon.colcon_core.package_identification:_identify(src/messages/autoware_msgs/autoware_localization_msgs) by extension 'colcon_pkg'
[0.519s] Level 1:colcon.colcon_core.package_identification:_identify(src/messages/autoware_msgs/autoware_localization_msgs) by extensions ['colcon_meta']
[0.519s] Level 1:colcon.colcon_core.package_identification:_identify(src/messages/autoware_msgs/autoware_localization_msgs) by extension 'colcon_meta'
[0.519s] Level 1:colcon.colcon_core.package_identification:_identify(src/messages/autoware_msgs/autoware_localization_msgs) by extensions ['ros']
[0.519s] Level 1:colcon.colcon_core.package_identification:_identify(src/messages/autoware_msgs/autoware_localization_msgs) by extension 'ros'
[0.520s] DEBUG:colcon.colcon_core.package_identification:Package 'src/messages/autoware_msgs/autoware_localization_msgs' with type 'ros.ament_cmake' and name 'autoware_localization_msgs'
[0.520s] Level 1:colcon.colcon_core.package_identification:_identify(src/messages/autoware_msgs/autoware_map_msgs) by extensions ['ignore', 'ignore_ament_install']
[0.520s] Level 1:colcon.colcon_core.package_identification:_identify(src/messages/autoware_msgs/autoware_map_msgs) by extension 'ignore'
[0.520s] Level 1:colcon.colcon_core.package_identification:_identify(src/messages/autoware_msgs/autoware_map_msgs) by extension 'ignore_ament_install'
[0.521s] Level 1:colcon.colcon_core.package_identification:_identify(src/messages/autoware_msgs/autoware_map_msgs) by extensions ['colcon_pkg']
[0.521s] Level 1:colcon.colcon_core.package_identification:_identify(src/messages/autoware_msgs/autoware_map_msgs) by extension 'colcon_pkg'
[0.521s] Level 1:colcon.colcon_core.package_identification:_identify(src/messages/autoware_msgs/autoware_map_msgs) by extensions ['colcon_meta']
[0.521s] Level 1:colcon.colcon_core.package_identification:_identify(src/messages/autoware_msgs/autoware_map_msgs) by extension 'colcon_meta'
[0.521s] Level 1:colcon.colcon_core.package_identification:_identify(src/messages/autoware_msgs/autoware_map_msgs) by extensions ['ros']
[0.521s] Level 1:colcon.colcon_core.package_identification:_identify(src/messages/autoware_msgs/autoware_map_msgs) by extension 'ros'
[0.522s] DEBUG:colcon.colcon_core.package_identification:Package 'src/messages/autoware_msgs/autoware_map_msgs' with type 'ros.ament_cmake' and name 'autoware_map_msgs'
[0.522s] Level 1:colcon.colcon_core.package_identification:_identify(src/messages/autoware_msgs/autoware_perception_msgs) by extensions ['ignore', 'ignore_ament_install']
[0.522s] Level 1:colcon.colcon_core.package_identification:_identify(src/messages/autoware_msgs/autoware_perception_msgs) by extension 'ignore'
[0.522s] Level 1:colcon.colcon_core.package_identification:_identify(src/messages/autoware_msgs/autoware_perception_msgs) by extension 'ignore_ament_install'
[0.522s] Level 1:colcon.colcon_core.package_identification:_identify(src/messages/autoware_msgs/autoware_perception_msgs) by extensions ['colcon_pkg']
[0.522s] Level 1:colcon.colcon_core.package_identification:_identify(src/messages/autoware_msgs/autoware_perception_msgs) by extension 'colcon_pkg'
[0.522s] Level 1:colcon.colcon_core.package_identification:_identify(src/messages/autoware_msgs/autoware_perception_msgs) by extensions ['colcon_meta']
[0.522s] Level 1:colcon.colcon_core.package_identification:_identify(src/messages/autoware_msgs/autoware_perception_msgs) by extension 'colcon_meta'
[0.522s] Level 1:colcon.colcon_core.package_identification:_identify(src/messages/autoware_msgs/autoware_perception_msgs) by extensions ['ros']
[0.522s] Level 1:colcon.colcon_core.package_identification:_identify(src/messages/autoware_msgs/autoware_perception_msgs) by extension 'ros'
[0.523s] DEBUG:colcon.colcon_core.package_identification:Package 'src/messages/autoware_msgs/autoware_perception_msgs' with type 'ros.ament_cmake' and name 'autoware_perception_msgs'
[0.523s] Level 1:colcon.colcon_core.package_identification:_identify(src/messages/autoware_msgs/autoware_planning_msgs) by extensions ['ignore', 'ignore_ament_install']
[0.523s] Level 1:colcon.colcon_core.package_identification:_identify(src/messages/autoware_msgs/autoware_planning_msgs) by extension 'ignore'
[0.524s] Level 1:colcon.colcon_core.package_identification:_identify(src/messages/autoware_msgs/autoware_planning_msgs) by extension 'ignore_ament_install'
[0.524s] Level 1:colcon.colcon_core.package_identification:_identify(src/messages/autoware_msgs/autoware_planning_msgs) by extensions ['colcon_pkg']
[0.524s] Level 1:colcon.colcon_core.package_identification:_identify(src/messages/autoware_msgs/autoware_planning_msgs) by extension 'colcon_pkg'
[0.524s] Level 1:colcon.colcon_core.package_identification:_identify(src/messages/autoware_msgs/autoware_planning_msgs) by extensions ['colcon_meta']
[0.524s] Level 1:colcon.colcon_core.package_identification:_identify(src/messages/autoware_msgs/autoware_planning_msgs) by extension 'colcon_meta'
[0.524s] Level 1:colcon.colcon_core.package_identification:_identify(src/messages/autoware_msgs/autoware_planning_msgs) by extensions ['ros']
[0.524s] Level 1:colcon.colcon_core.package_identification:_identify(src/messages/autoware_msgs/autoware_planning_msgs) by extension 'ros'
[0.525s] DEBUG:colcon.colcon_core.package_identification:Package 'src/messages/autoware_msgs/autoware_planning_msgs' with type 'ros.ament_cmake' and name 'autoware_planning_msgs'
[0.525s] Level 1:colcon.colcon_core.package_identification:_identify(src/messages/autoware_msgs/autoware_sensing_msgs) by extensions ['ignore', 'ignore_ament_install']
[0.525s] Level 1:colcon.colcon_core.package_identification:_identify(src/messages/autoware_msgs/autoware_sensing_msgs) by extension 'ignore'
[0.525s] Level 1:colcon.colcon_core.package_identification:_identify(src/messages/autoware_msgs/autoware_sensing_msgs) by extension 'ignore_ament_install'
[0.525s] Level 1:colcon.colcon_core.package_identification:_identify(src/messages/autoware_msgs/autoware_sensing_msgs) by extensions ['colcon_pkg']
[0.525s] Level 1:colcon.colcon_core.package_identification:_identify(src/messages/autoware_msgs/autoware_sensing_msgs) by extension 'colcon_pkg'
[0.525s] Level 1:colcon.colcon_core.package_identification:_identify(src/messages/autoware_msgs/autoware_sensing_msgs) by extensions ['colcon_meta']
[0.525s] Level 1:colcon.colcon_core.package_identification:_identify(src/messages/autoware_msgs/autoware_sensing_msgs) by extension 'colcon_meta'
[0.525s] Level 1:colcon.colcon_core.package_identification:_identify(src/messages/autoware_msgs/autoware_sensing_msgs) by extensions ['ros']
[0.525s] Level 1:colcon.colcon_core.package_identification:_identify(src/messages/autoware_msgs/autoware_sensing_msgs) by extension 'ros'
[0.526s] DEBUG:colcon.colcon_core.package_identification:Package 'src/messages/autoware_msgs/autoware_sensing_msgs' with type 'ros.ament_cmake' and name 'autoware_sensing_msgs'
[0.526s] Level 1:colcon.colcon_core.package_identification:_identify(src/messages/autoware_msgs/autoware_system_msgs) by extensions ['ignore', 'ignore_ament_install']
[0.526s] Level 1:colcon.colcon_core.package_identification:_identify(src/messages/autoware_msgs/autoware_system_msgs) by extension 'ignore'
[0.526s] Level 1:colcon.colcon_core.package_identification:_identify(src/messages/autoware_msgs/autoware_system_msgs) by extension 'ignore_ament_install'
[0.526s] Level 1:colcon.colcon_core.package_identification:_identify(src/messages/autoware_msgs/autoware_system_msgs) by extensions ['colcon_pkg']
[0.527s] Level 1:colcon.colcon_core.package_identification:_identify(src/messages/autoware_msgs/autoware_system_msgs) by extension 'colcon_pkg'
[0.527s] Level 1:colcon.colcon_core.package_identification:_identify(src/messages/autoware_msgs/autoware_system_msgs) by extensions ['colcon_meta']
[0.527s] Level 1:colcon.colcon_core.package_identification:_identify(src/messages/autoware_msgs/autoware_system_msgs) by extension 'colcon_meta'
[0.527s] Level 1:colcon.colcon_core.package_identification:_identify(src/messages/autoware_msgs/autoware_system_msgs) by extensions ['ros']
[0.527s] Level 1:colcon.colcon_core.package_identification:_identify(src/messages/autoware_msgs/autoware_system_msgs) by extension 'ros'
[0.528s] DEBUG:colcon.colcon_core.package_identification:Package 'src/messages/autoware_msgs/autoware_system_msgs' with type 'ros.ament_cmake' and name 'autoware_system_msgs'
[0.528s] Level 1:colcon.colcon_core.package_identification:_identify(src/messages/autoware_msgs/autoware_vehicle_msgs) by extensions ['ignore', 'ignore_ament_install']
[0.528s] Level 1:colcon.colcon_core.package_identification:_identify(src/messages/autoware_msgs/autoware_vehicle_msgs) by extension 'ignore'
[0.528s] Level 1:colcon.colcon_core.package_identification:_identify(src/messages/autoware_msgs/autoware_vehicle_msgs) by extension 'ignore_ament_install'
[0.528s] Level 1:colcon.colcon_core.package_identification:_identify(src/messages/autoware_msgs/autoware_vehicle_msgs) by extensions ['colcon_pkg']
[0.528s] Level 1:colcon.colcon_core.package_identification:_identify(src/messages/autoware_msgs/autoware_vehicle_msgs) by extension 'colcon_pkg'
[0.528s] Level 1:colcon.colcon_core.package_identification:_identify(src/messages/autoware_msgs/autoware_vehicle_msgs) by extensions ['colcon_meta']
[0.528s] Level 1:colcon.colcon_core.package_identification:_identify(src/messages/autoware_msgs/autoware_vehicle_msgs) by extension 'colcon_meta'
[0.528s] Level 1:colcon.colcon_core.package_identification:_identify(src/messages/autoware_msgs/autoware_vehicle_msgs) by extensions ['ros']
[0.528s] Level 1:colcon.colcon_core.package_identification:_identify(src/messages/autoware_msgs/autoware_vehicle_msgs) by extension 'ros'
[0.529s] DEBUG:colcon.colcon_core.package_identification:Package 'src/messages/autoware_msgs/autoware_vehicle_msgs' with type 'ros.ament_cmake' and name 'autoware_vehicle_msgs'
[0.529s] Level 1:colcon.colcon_core.package_identification:_identify(src/messages/simple_av_msgs) by extensions ['ignore', 'ignore_ament_install']
[0.529s] Level 1:colcon.colcon_core.package_identification:_identify(src/messages/simple_av_msgs) by extension 'ignore'
[0.529s] Level 1:colcon.colcon_core.package_identification:_identify(src/messages/simple_av_msgs) by extension 'ignore_ament_install'
[0.529s] Level 1:colcon.colcon_core.package_identification:_identify(src/messages/simple_av_msgs) by extensions ['colcon_pkg']
[0.529s] Level 1:colcon.colcon_core.package_identification:_identify(src/messages/simple_av_msgs) by extension 'colcon_pkg'
[0.529s] Level 1:colcon.colcon_core.package_identification:_identify(src/messages/simple_av_msgs) by extensions ['colcon_meta']
[0.529s] Level 1:colcon.colcon_core.package_identification:_identify(src/messages/simple_av_msgs) by extension 'colcon_meta'
[0.530s] Level 1:colcon.colcon_core.package_identification:_identify(src/messages/simple_av_msgs) by extensions ['ros']
[0.530s] Level 1:colcon.colcon_core.package_identification:_identify(src/messages/simple_av_msgs) by extension 'ros'
[0.530s] DEBUG:colcon.colcon_core.package_identification:Package 'src/messages/simple_av_msgs' with type 'ros.ament_cmake' and name 'simple_av_msgs'
[0.530s] Level 1:colcon.colcon_core.package_identification:_identify(src/messages/v2x_msgs) by extensions ['ignore', 'ignore_ament_install']
[0.530s] Level 1:colcon.colcon_core.package_identification:_identify(src/messages/v2x_msgs) by extension 'ignore'
[0.531s] Level 1:colcon.colcon_core.package_identification:_identify(src/messages/v2x_msgs) by extension 'ignore_ament_install'
[0.531s] Level 1:colcon.colcon_core.package_identification:_identify(src/messages/v2x_msgs) by extensions ['colcon_pkg']
[0.531s] Level 1:colcon.colcon_core.package_identification:_identify(src/messages/v2x_msgs) by extension 'colcon_pkg'
[0.531s] Level 1:colcon.colcon_core.package_identification:_identify(src/messages/v2x_msgs) by extensions ['colcon_meta']
[0.531s] Level 1:colcon.colcon_core.package_identification:_identify(src/messages/v2x_msgs) by extension 'colcon_meta'
[0.531s] Level 1:colcon.colcon_core.package_identification:_identify(src/messages/v2x_msgs) by extensions ['ros']
[0.531s] Level 1:colcon.colcon_core.package_identification:_identify(src/messages/v2x_msgs) by extension 'ros'
[0.532s] DEBUG:colcon.colcon_core.package_identification:Package 'src/messages/v2x_msgs' with type 'ros.ament_cmake' and name 'v2x_msgs'
[0.532s] Level 1:colcon.colcon_core.package_identification:_identify(src/perception) by extensions ['ignore', 'ignore_ament_install']
[0.532s] Level 1:colcon.colcon_core.package_identification:_identify(src/perception) by extension 'ignore'
[0.532s] Level 1:colcon.colcon_core.package_identification:_identify(src/perception) by extension 'ignore_ament_install'
[0.532s] Level 1:colcon.colcon_core.package_identification:_identify(src/perception) by extensions ['colcon_pkg']
[0.532s] Level 1:colcon.colcon_core.package_identification:_identify(src/perception) by extension 'colcon_pkg'
[0.532s] Level 1:colcon.colcon_core.package_identification:_identify(src/perception) by extensions ['colcon_meta']
[0.532s] Level 1:colcon.colcon_core.package_identification:_identify(src/perception) by extension 'colcon_meta'
[0.532s] Level 1:colcon.colcon_core.package_identification:_identify(src/perception) by extensions ['ros']
[0.532s] Level 1:colcon.colcon_core.package_identification:_identify(src/perception) by extension 'ros'
[0.533s] DEBUG:colcon.colcon_core.package_identification:Package 'src/perception' with type 'ros.ament_python' and name 'perception'
[0.533s] Level 1:colcon.colcon_core.package_identification:_identify(src/planning) by extensions ['ignore', 'ignore_ament_install']
[0.533s] Level 1:colcon.colcon_core.package_identification:_identify(src/planning) by extension 'ignore'
[0.533s] Level 1:colcon.colcon_core.package_identification:_identify(src/planning) by extension 'ignore_ament_install'
[0.533s] Level 1:colcon.colcon_core.package_identification:_identify(src/planning) by extensions ['colcon_pkg']
[0.533s] Level 1:colcon.colcon_core.package_identification:_identify(src/planning) by extension 'colcon_pkg'
[0.533s] Level 1:colcon.colcon_core.package_identification:_identify(src/planning) by extensions ['colcon_meta']
[0.533s] Level 1:colcon.colcon_core.package_identification:_identify(src/planning) by extension 'colcon_meta'
[0.533s] Level 1:colcon.colcon_core.package_identification:_identify(src/planning) by extensions ['ros']
[0.533s] Level 1:colcon.colcon_core.package_identification:_identify(src/planning) by extension 'ros'
[0.534s] DEBUG:colcon.colcon_core.package_identification:Package 'src/planning' with type 'ros.ament_python' and name 'planning'
[0.534s] Level 1:colcon.colcon_core.package_identification:_identify(src/simple_av) by extensions ['ignore', 'ignore_ament_install']
[0.534s] Level 1:colcon.colcon_core.package_identification:_identify(src/simple_av) by extension 'ignore'
[0.534s] Level 1:colcon.colcon_core.package_identification:_identify(src/simple_av) by extension 'ignore_ament_install'
[0.534s] Level 1:colcon.colcon_core.package_identification:_identify(src/simple_av) by extensions ['colcon_pkg']
[0.534s] Level 1:colcon.colcon_core.package_identification:_identify(src/simple_av) by extension 'colcon_pkg'
[0.534s] Level 1:colcon.colcon_core.package_identification:_identify(src/simple_av) by extensions ['colcon_meta']
[0.534s] Level 1:colcon.colcon_core.package_identification:_identify(src/simple_av) by extension 'colcon_meta'
[0.534s] Level 1:colcon.colcon_core.package_identification:_identify(src/simple_av) by extensions ['ros']
[0.534s] Level 1:colcon.colcon_core.package_identification:_identify(src/simple_av) by extension 'ros'
[0.535s] DEBUG:colcon.colcon_core.package_identification:Package 'src/simple_av' with type 'ros.ament_python' and name 'simple_av'
[0.535s] Level 1:colcon.colcon_core.package_identification:_identify(src/simple_av_logger) by extensions ['ignore', 'ignore_ament_install']
[0.535s] Level 1:colcon.colcon_core.package_identification:_identify(src/simple_av_logger) by extension 'ignore'
[0.535s] Level 1:colcon.colcon_core.package_identification:_identify(src/simple_av_logger) by extension 'ignore_ament_install'
[0.535s] Level 1:colcon.colcon_core.package_identification:_identify(src/simple_av_logger) by extensions ['colcon_pkg']
[0.535s] Level 1:colcon.colcon_core.package_identification:_identify(src/simple_av_logger) by extension 'colcon_pkg'
[0.536s] Level 1:colcon.colcon_core.package_identification:_identify(src/simple_av_logger) by extensions ['colcon_meta']
[0.536s] Level 1:colcon.colcon_core.package_identification:_identify(src/simple_av_logger) by extension 'colcon_meta'
[0.536s] Level 1:colcon.colcon_core.package_identification:_identify(src/simple_av_logger) by extensions ['ros']
[0.536s] Level 1:colcon.colcon_core.package_identification:_identify(src/simple_av_logger) by extension 'ros'
[0.536s] DEBUG:colcon.colcon_core.package_identification:Package 'src/simple_av_logger' with type 'ros.ament_python' and name 'simple_av_logger'
[0.536s] Level 1:colcon.colcon_core.package_identification:_identify(src/system) by extensions ['ignore', 'ignore_ament_install']
[0.536s] Level 1:colcon.colcon_core.package_identification:_identify(src/system) by extension 'ignore'
[0.537s] Level 1:colcon.colcon_core.package_identification:_identify(src/system) by extension 'ignore_ament_install'
[0.537s] Level 1:colcon.colcon_core.package_identification:_identify(src/system) by extensions ['colcon_pkg']
[0.537s] Level 1:colcon.colcon_core.package_identification:_identify(src/system) by extension 'colcon_pkg'
[0.537s] Level 1:colcon.colcon_core.package_identification:_identify(src/system) by extensions ['colcon_meta']
[0.537s] Level 1:colcon.colcon_core.package_identification:_identify(src/system) by extension 'colcon_meta'
[0.537s] Level 1:colcon.colcon_core.package_identification:_identify(src/system) by extensions ['ros']
[0.537s] Level 1:colcon.colcon_core.package_identification:_identify(src/system) by extension 'ros'
[0.537s] DEBUG:colcon.colcon_core.package_identification:Package 'src/system' with type 'ros.ament_python' and name 'system'
[0.538s] Level 1:colcon.colcon_core.package_identification:_identify(src/visualization) by extensions ['ignore', 'ignore_ament_install']
[0.538s] Level 1:colcon.colcon_core.package_identification:_identify(src/visualization) by extension 'ignore'
[0.538s] Level 1:colcon.colcon_core.package_identification:_identify(src/visualization) by extension 'ignore_ament_install'
[0.538s] Level 1:colcon.colcon_core.package_identification:_identify(src/visualization) by extensions ['colcon_pkg']
[0.538s] Level 1:colcon.colcon_core.package_identification:_identify(src/visualization) by extension 'colcon_pkg'
[0.538s] Level 1:colcon.colcon_core.package_identification:_identify(src/visualization) by extensions ['colcon_meta']
[0.538s] Level 1:colcon.colcon_core.package_identification:_identify(src/visualization) by extension 'colcon_meta'
[0.538s] Level 1:colcon.colcon_core.package_identification:_identify(src/visualization) by extensions ['ros']
[0.538s] Level 1:colcon.colcon_core.package_identification:_identify(src/visualization) by extension 'ros'
[0.538s] Level 1:colcon.colcon_core.package_identification:_identify(src/visualization) by extensions ['cmake', 'python']
[0.538s] Level 1:colcon.colcon_core.package_identification:_identify(src/visualization) by extension 'cmake'
[0.538s] Level 1:colcon.colcon_core.package_identification:_identify(src/visualization) by extension 'python'
[0.538s] Level 1:colcon.colcon_core.package_identification:_identify(src/visualization) by extensions ['python_setup_py']
[0.538s] Level 1:colcon.colcon_core.package_identification:_identify(src/visualization) by extension 'python_setup_py'
[0.538s] Level 1:colcon.colcon_core.package_identification:_identify(src/visualization/autoware_cmake) by extensions ['ignore', 'ignore_ament_install']
[0.538s] Level 1:colcon.colcon_core.package_identification:_identify(src/visualization/autoware_cmake) by extension 'ignore'
[0.538s] Level 1:colcon.colcon_core.package_identification:_identify(src/visualization/autoware_cmake) by extension 'ignore_ament_install'
[0.538s] Level 1:colcon.colcon_core.package_identification:_identify(src/visualization/autoware_cmake) by extensions ['colcon_pkg']
[0.538s] Level 1:colcon.colcon_core.package_identification:_identify(src/visualization/autoware_cmake) by extension 'colcon_pkg'
[0.539s] Level 1:colcon.colcon_core.package_identification:_identify(src/visualization/autoware_cmake) by extensions ['colcon_meta']
[0.539s] Level 1:colcon.colcon_core.package_identification:_identify(src/visualization/autoware_cmake) by extension 'colcon_meta'
[0.539s] Level 1:colcon.colcon_core.package_identification:_identify(src/visualization/autoware_cmake) by extensions ['ros']
[0.539s] Level 1:colcon.colcon_core.package_identification:_identify(src/visualization/autoware_cmake) by extension 'ros'
[0.539s] Level 1:colcon.colcon_core.package_identification:_identify(src/visualization/autoware_cmake) by extensions ['cmake', 'python']
[0.539s] Level 1:colcon.colcon_core.package_identification:_identify(src/visualization/autoware_cmake) by extension 'cmake'
[0.539s] Level 1:colcon.colcon_core.package_identification:_identify(src/visualization/autoware_cmake) by extension 'python'
[0.539s] Level 1:colcon.colcon_core.package_identification:_identify(src/visualization/autoware_cmake) by extensions ['python_setup_py']
[0.539s] Level 1:colcon.colcon_core.package_identification:_identify(src/visualization/autoware_cmake) by extension 'python_setup_py'
[0.539s] Level 1:colcon.colcon_core.package_identification:_identify(src/visualization/autoware_cmake/autoware_cmake) by extensions ['ignore', 'ignore_ament_install']
[0.539s] Level 1:colcon.colcon_core.package_identification:_identify(src/visualization/autoware_cmake/autoware_cmake) by extension 'ignore'
[0.539s] Level 1:colcon.colcon_core.package_identification:_identify(src/visualization/autoware_cmake/autoware_cmake) by extension 'ignore_ament_install'
[0.539s] Level 1:colcon.colcon_core.package_identification:_identify(src/visualization/autoware_cmake/autoware_cmake) by extensions ['colcon_pkg']
[0.539s] Level 1:colcon.colcon_core.package_identification:_identify(src/visualization/autoware_cmake/autoware_cmake) by extension 'colcon_pkg'
[0.539s] Level 1:colcon.colcon_core.package_identification:_identify(src/visualization/autoware_cmake/autoware_cmake) by extensions ['colcon_meta']
[0.539s] Level 1:colcon.colcon_core.package_identification:_identify(src/visualization/autoware_cmake/autoware_cmake) by extension 'colcon_meta'
[0.539s] Level 1:colcon.colcon_core.package_identification:_identify(src/visualization/autoware_cmake/autoware_cmake) by extensions ['ros']
[0.539s] Level 1:colcon.colcon_core.package_identification:_identify(src/visualization/autoware_cmake/autoware_cmake) by extension 'ros'
[0.540s] DEBUG:colcon.colcon_core.package_identification:Package 'src/visualization/autoware_cmake/autoware_cmake' with type 'ros.ament_cmake' and name 'autoware_cmake'
[0.540s] Level 1:colcon.colcon_core.package_identification:_identify(src/visualization/autoware_cmake/autoware_lint_common) by extensions ['ignore', 'ignore_ament_install']
[0.540s] Level 1:colcon.colcon_core.package_identification:_identify(src/visualization/autoware_cmake/autoware_lint_common) by extension 'ignore'
[0.540s] Level 1:colcon.colcon_core.package_identification:_identify(src/visualization/autoware_cmake/autoware_lint_common) by extension 'ignore_ament_install'
[0.540s] Level 1:colcon.colcon_core.package_identification:_identify(src/visualization/autoware_cmake/autoware_lint_common) by extensions ['colcon_pkg']
[0.540s] Level 1:colcon.colcon_core.package_identification:_identify(src/visualization/autoware_cmake/autoware_lint_common) by extension 'colcon_pkg'
[0.540s] Level 1:colcon.colcon_core.package_identification:_identify(src/visualization/autoware_cmake/autoware_lint_common) by extensions ['colcon_meta']
[0.540s] Level 1:colcon.colcon_core.package_identification:_identify(src/visualization/autoware_cmake/autoware_lint_common) by extension 'colcon_meta'
[0.540s] Level 1:colcon.colcon_core.package_identification:_identify(src/visualization/autoware_cmake/autoware_lint_common) by extensions ['ros']
[0.540s] Level 1:colcon.colcon_core.package_identification:_identify(src/visualization/autoware_cmake/autoware_lint_common) by extension 'ros'
[0.541s] DEBUG:colcon.colcon_core.package_identification:Package 'src/visualization/autoware_cmake/autoware_lint_common' with type 'ros.ament_cmake' and name 'autoware_lint_common'
[0.541s] Level 1:colcon.colcon_core.package_identification:_identify(src/visualization/autoware_internal_msgs) by extensions ['ignore', 'ignore_ament_install']
[0.542s] Level 1:colcon.colcon_core.package_identification:_identify(src/visualization/autoware_internal_msgs) by extension 'ignore'
[0.542s] Level 1:colcon.colcon_core.package_identification:_identify(src/visualization/autoware_internal_msgs) by extension 'ignore_ament_install'
[0.542s] Level 1:colcon.colcon_core.package_identification:_identify(src/visualization/autoware_internal_msgs) by extensions ['colcon_pkg']
[0.542s] Level 1:colcon.colcon_core.package_identification:_identify(src/visualization/autoware_internal_msgs) by extension 'colcon_pkg'
[0.542s] Level 1:colcon.colcon_core.package_identification:_identify(src/visualization/autoware_internal_msgs) by extensions ['colcon_meta']
[0.542s] Level 1:colcon.colcon_core.package_identification:_identify(src/visualization/autoware_internal_msgs) by extension 'colcon_meta'
[0.542s] Level 1:colcon.colcon_core.package_identification:_identify(src/visualization/autoware_internal_msgs) by extensions ['ros']
[0.542s] Level 1:colcon.colcon_core.package_identification:_identify(src/visualization/autoware_internal_msgs) by extension 'ros'
[0.542s] Level 1:colcon.colcon_core.package_identification:_identify(src/visualization/autoware_internal_msgs) by extensions ['cmake', 'python']
[0.542s] Level 1:colcon.colcon_core.package_identification:_identify(src/visualization/autoware_internal_msgs) by extension 'cmake'
[0.542s] Level 1:colcon.colcon_core.package_identification:_identify(src/visualization/autoware_internal_msgs) by extension 'python'
[0.542s] Level 1:colcon.colcon_core.package_identification:_identify(src/visualization/autoware_internal_msgs) by extensions ['python_setup_py']
[0.542s] Level 1:colcon.colcon_core.package_identification:_identify(src/visualization/autoware_internal_msgs) by extension 'python_setup_py'
[0.542s] Level 1:colcon.colcon_core.package_identification:_identify(src/visualization/autoware_internal_msgs/autoware_internal_debug_msgs) by extensions ['ignore', 'ignore_ament_install']
[0.542s] Level 1:colcon.colcon_core.package_identification:_identify(src/visualization/autoware_internal_msgs/autoware_internal_debug_msgs) by extension 'ignore'
[0.542s] Level 1:colcon.colcon_core.package_identification:_identify(src/visualization/autoware_internal_msgs/autoware_internal_debug_msgs) by extension 'ignore_ament_install'
[0.542s] Level 1:colcon.colcon_core.package_identification:_identify(src/visualization/autoware_internal_msgs/autoware_internal_debug_msgs) by extensions ['colcon_pkg']
[0.542s] Level 1:colcon.colcon_core.package_identification:_identify(src/visualization/autoware_internal_msgs/autoware_internal_debug_msgs) by extension 'colcon_pkg'
[0.542s] Level 1:colcon.colcon_core.package_identification:_identify(src/visualization/autoware_internal_msgs/autoware_internal_debug_msgs) by extensions ['colcon_meta']
[0.542s] Level 1:colcon.colcon_core.package_identification:_identify(src/visualization/autoware_internal_msgs/autoware_internal_debug_msgs) by extension 'colcon_meta'
[0.543s] Level 1:colcon.colcon_core.package_identification:_identify(src/visualization/autoware_internal_msgs/autoware_internal_debug_msgs) by extensions ['ros']
[0.543s] Level 1:colcon.colcon_core.package_identification:_identify(src/visualization/autoware_internal_msgs/autoware_internal_debug_msgs) by extension 'ros'
[0.543s] DEBUG:colcon.colcon_core.package_identification:Package 'src/visualization/autoware_internal_msgs/autoware_internal_debug_msgs' with type 'ros.ament_cmake' and name 'autoware_internal_debug_msgs'
[0.544s] Level 1:colcon.colcon_core.package_identification:_identify(src/visualization/autoware_internal_msgs/autoware_internal_localization_msgs) by extensions ['ignore', 'ignore_ament_install']
[0.544s] Level 1:colcon.colcon_core.package_identification:_identify(src/visualization/autoware_internal_msgs/autoware_internal_localization_msgs) by extension 'ignore'
[0.544s] Level 1:colcon.colcon_core.package_identification:_identify(src/visualization/autoware_internal_msgs/autoware_internal_localization_msgs) by extension 'ignore_ament_install'
[0.544s] Level 1:colcon.colcon_core.package_identification:_identify(src/visualization/autoware_internal_msgs/autoware_internal_localization_msgs) by extensions ['colcon_pkg']
[0.544s] Level 1:colcon.colcon_core.package_identification:_identify(src/visualization/autoware_internal_msgs/autoware_internal_localization_msgs) by extension 'colcon_pkg'
[0.544s] Level 1:colcon.colcon_core.package_identification:_identify(src/visualization/autoware_internal_msgs/autoware_internal_localization_msgs) by extensions ['colcon_meta']
[0.544s] Level 1:colcon.colcon_core.package_identification:_identify(src/visualization/autoware_internal_msgs/autoware_internal_localization_msgs) by extension 'colcon_meta'
[0.544s] Level 1:colcon.colcon_core.package_identification:_identify(src/visualization/autoware_internal_msgs/autoware_internal_localization_msgs) by extensions ['ros']
[0.544s] Level 1:colcon.colcon_core.package_identification:_identify(src/visualization/autoware_internal_msgs/autoware_internal_localization_msgs) by extension 'ros'
[0.545s] DEBUG:colcon.colcon_core.package_identification:Package 'src/visualization/autoware_internal_msgs/autoware_internal_localization_msgs' with type 'ros.ament_cmake' and name 'autoware_internal_localization_msgs'
[0.545s] Level 1:colcon.colcon_core.package_identification:_identify(src/visualization/autoware_internal_msgs/autoware_internal_metric_msgs) by extensions ['ignore', 'ignore_ament_install']
[0.545s] Level 1:colcon.colcon_core.package_identification:_identify(src/visualization/autoware_internal_msgs/autoware_internal_metric_msgs) by extension 'ignore'
[0.545s] Level 1:colcon.colcon_core.package_identification:_identify(src/visualization/autoware_internal_msgs/autoware_internal_metric_msgs) by extension 'ignore_ament_install'
[0.545s] Level 1:colcon.colcon_core.package_identification:_identify(src/visualization/autoware_internal_msgs/autoware_internal_metric_msgs) by extensions ['colcon_pkg']
[0.545s] Level 1:colcon.colcon_core.package_identification:_identify(src/visualization/autoware_internal_msgs/autoware_internal_metric_msgs) by extension 'colcon_pkg'
[0.545s] Level 1:colcon.colcon_core.package_identification:_identify(src/visualization/autoware_internal_msgs/autoware_internal_metric_msgs) by extensions ['colcon_meta']
[0.545s] Level 1:colcon.colcon_core.package_identification:_identify(src/visualization/autoware_internal_msgs/autoware_internal_metric_msgs) by extension 'colcon_meta'
[0.545s] Level 1:colcon.colcon_core.package_identification:_identify(src/visualization/autoware_internal_msgs/autoware_internal_metric_msgs) by extensions ['ros']
[0.545s] Level 1:colcon.colcon_core.package_identification:_identify(src/visualization/autoware_internal_msgs/autoware_internal_metric_msgs) by extension 'ros'
[0.546s] DEBUG:colcon.colcon_core.package_identification:Package 'src/visualization/autoware_internal_msgs/autoware_internal_metric_msgs' with type 'ros.ament_cmake' and name 'autoware_internal_metric_msgs'
[0.546s] Level 1:colcon.colcon_core.package_identification:_identify(src/visualization/autoware_internal_msgs/autoware_internal_msgs) by extensions ['ignore', 'ignore_ament_install']
[0.546s] Level 1:colcon.colcon_core.package_identification:_identify(src/visualization/autoware_internal_msgs/autoware_internal_msgs) by extension 'ignore'
[0.546s] Level 1:colcon.colcon_core.package_identification:_identify(src/visualization/autoware_internal_msgs/autoware_internal_msgs) by extension 'ignore_ament_install'
[0.546s] Level 1:colcon.colcon_core.package_identification:_identify(src/visualization/autoware_internal_msgs/autoware_internal_msgs) by extensions ['colcon_pkg']
[0.546s] Level 1:colcon.colcon_core.package_identification:_identify(src/visualization/autoware_internal_msgs/autoware_internal_msgs) by extension 'colcon_pkg'
[0.546s] Level 1:colcon.colcon_core.package_identification:_identify(src/visualization/autoware_internal_msgs/autoware_internal_msgs) by extensions ['colcon_meta']
[0.546s] Level 1:colcon.colcon_core.package_identification:_identify(src/visualization/autoware_internal_msgs/autoware_internal_msgs) by extension 'colcon_meta'
[0.547s] Level 1:colcon.colcon_core.package_identification:_identify(src/visualization/autoware_internal_msgs/autoware_internal_msgs) by extensions ['ros']
[0.547s] Level 1:colcon.colcon_core.package_identification:_identify(src/visualization/autoware_internal_msgs/autoware_internal_msgs) by extension 'ros'
[0.548s] DEBUG:colcon.colcon_core.package_identification:Package 'src/visualization/autoware_internal_msgs/autoware_internal_msgs' with type 'ros.ament_cmake' and name 'autoware_internal_msgs'
[0.548s] Level 1:colcon.colcon_core.package_identification:_identify(src/visualization/autoware_internal_msgs/autoware_internal_perception_msgs) by extensions ['ignore', 'ignore_ament_install']
[0.548s] Level 1:colcon.colcon_core.package_identification:_identify(src/visualization/autoware_internal_msgs/autoware_internal_perception_msgs) by extension 'ignore'
[0.548s] Level 1:colcon.colcon_core.package_identification:_identify(src/visualization/autoware_internal_msgs/autoware_internal_perception_msgs) by extension 'ignore_ament_install'
[0.548s] Level 1:colcon.colcon_core.package_identification:_identify(src/visualization/autoware_internal_msgs/autoware_internal_perception_msgs) by extensions ['colcon_pkg']
[0.548s] Level 1:colcon.colcon_core.package_identification:_identify(src/visualization/autoware_internal_msgs/autoware_internal_perception_msgs) by extension 'colcon_pkg'
[0.548s] Level 1:colcon.colcon_core.package_identification:_identify(src/visualization/autoware_internal_msgs/autoware_internal_perception_msgs) by extensions ['colcon_meta']
[0.548s] Level 1:colcon.colcon_core.package_identification:_identify(src/visualization/autoware_internal_msgs/autoware_internal_perception_msgs) by extension 'colcon_meta'
[0.548s] Level 1:colcon.colcon_core.package_identification:_identify(src/visualization/autoware_internal_msgs/autoware_internal_perception_msgs) by extensions ['ros']
[0.548s] Level 1:colcon.colcon_core.package_identification:_identify(src/visualization/autoware_internal_msgs/autoware_internal_perception_msgs) by extension 'ros'
[0.549s] DEBUG:colcon.colcon_core.package_identification:Package 'src/visualization/autoware_internal_msgs/autoware_internal_perception_msgs' with type 'ros.ament_cmake' and name 'autoware_internal_perception_msgs'
[0.549s] Level 1:colcon.colcon_core.package_identification:_identify(src/visualization/autoware_internal_msgs/autoware_internal_planning_msgs) by extensions ['ignore', 'ignore_ament_install']
[0.549s] Level 1:colcon.colcon_core.package_identification:_identify(src/visualization/autoware_internal_msgs/autoware_internal_planning_msgs) by extension 'ignore'
[0.549s] Level 1:colcon.colcon_core.package_identification:_identify(src/visualization/autoware_internal_msgs/autoware_internal_planning_msgs) by extension 'ignore_ament_install'
[0.549s] Level 1:colcon.colcon_core.package_identification:_identify(src/visualization/autoware_internal_msgs/autoware_internal_planning_msgs) by extensions ['colcon_pkg']
[0.549s] Level 1:colcon.colcon_core.package_identification:_identify(src/visualization/autoware_internal_msgs/autoware_internal_planning_msgs) by extension 'colcon_pkg'
[0.549s] Level 1:colcon.colcon_core.package_identification:_identify(src/visualization/autoware_internal_msgs/autoware_internal_planning_msgs) by extensions ['colcon_meta']
[0.550s] Level 1:colcon.colcon_core.package_identification:_identify(src/visualization/autoware_internal_msgs/autoware_internal_planning_msgs) by extension 'colcon_meta'
[0.550s] Level 1:colcon.colcon_core.package_identification:_identify(src/visualization/autoware_internal_msgs/autoware_internal_planning_msgs) by extensions ['ros']
[0.550s] Level 1:colcon.colcon_core.package_identification:_identify(src/visualization/autoware_internal_msgs/autoware_internal_planning_msgs) by extension 'ros'
[0.551s] DEBUG:colcon.colcon_core.package_identification:Package 'src/visualization/autoware_internal_msgs/autoware_internal_planning_msgs' with type 'ros.ament_cmake' and name 'autoware_internal_planning_msgs'
[0.551s] Level 1:colcon.colcon_core.package_identification:_identify(src/visualization/autoware_lanelet2_extension) by extensions ['ignore', 'ignore_ament_install']
[0.551s] Level 1:colcon.colcon_core.package_identification:_identify(src/visualization/autoware_lanelet2_extension) by extension 'ignore'
[0.551s] Level 1:colcon.colcon_core.package_identification:_identify(src/visualization/autoware_lanelet2_extension) by extension 'ignore_ament_install'
[0.551s] Level 1:colcon.colcon_core.package_identification:_identify(src/visualization/autoware_lanelet2_extension) by extensions ['colcon_pkg']
[0.551s] Level 1:colcon.colcon_core.package_identification:_identify(src/visualization/autoware_lanelet2_extension) by extension 'colcon_pkg'
[0.551s] Level 1:colcon.colcon_core.package_identification:_identify(src/visualization/autoware_lanelet2_extension) by extensions ['colcon_meta']
[0.551s] Level 1:colcon.colcon_core.package_identification:_identify(src/visualization/autoware_lanelet2_extension) by extension 'colcon_meta'
[0.551s] Level 1:colcon.colcon_core.package_identification:_identify(src/visualization/autoware_lanelet2_extension) by extensions ['ros']
[0.551s] Level 1:colcon.colcon_core.package_identification:_identify(src/visualization/autoware_lanelet2_extension) by extension 'ros'
[0.551s] Level 1:colcon.colcon_core.package_identification:_identify(src/visualization/autoware_lanelet2_extension) by extensions ['cmake', 'python']
[0.551s] Level 1:colcon.colcon_core.package_identification:_identify(src/visualization/autoware_lanelet2_extension) by extension 'cmake'
[0.551s] Level 1:colcon.colcon_core.package_identification:_identify(src/visualization/autoware_lanelet2_extension) by extension 'python'
[0.551s] Level 1:colcon.colcon_core.package_identification:_identify(src/visualization/autoware_lanelet2_extension) by extensions ['python_setup_py']
[0.552s] Level 1:colcon.colcon_core.package_identification:_identify(src/visualization/autoware_lanelet2_extension) by extension 'python_setup_py'
[0.552s] Level 1:colcon.colcon_core.package_identification:_identify(src/visualization/autoware_lanelet2_extension/autoware_lanelet2_extension) by extensions ['ignore', 'ignore_ament_install']
[0.552s] Level 1:colcon.colcon_core.package_identification:_identify(src/visualization/autoware_lanelet2_extension/autoware_lanelet2_extension) by extension 'ignore'
[0.552s] Level 1:colcon.colcon_core.package_identification:_identify(src/visualization/autoware_lanelet2_extension/autoware_lanelet2_extension) by extension 'ignore_ament_install'
[0.552s] Level 1:colcon.colcon_core.package_identification:_identify(src/visualization/autoware_lanelet2_extension/autoware_lanelet2_extension) by extensions ['colcon_pkg']
[0.552s] Level 1:colcon.colcon_core.package_identification:_identify(src/visualization/autoware_lanelet2_extension/autoware_lanelet2_extension) by extension 'colcon_pkg'
[0.552s] Level 1:colcon.colcon_core.package_identification:_identify(src/visualization/autoware_lanelet2_extension/autoware_lanelet2_extension) by extensions ['colcon_meta']
[0.552s] Level 1:colcon.colcon_core.package_identification:_identify(src/visualization/autoware_lanelet2_extension/autoware_lanelet2_extension) by extension 'colcon_meta'
[0.552s] Level 1:colcon.colcon_core.package_identification:_identify(src/visualization/autoware_lanelet2_extension/autoware_lanelet2_extension) by extensions ['ros']
[0.552s] Level 1:colcon.colcon_core.package_identification:_identify(src/visualization/autoware_lanelet2_extension/autoware_lanelet2_extension) by extension 'ros'
[0.554s] DEBUG:colcon.colcon_core.package_identification:Package 'src/visualization/autoware_lanelet2_extension/autoware_lanelet2_extension' with type 'ros.ament_cmake' and name 'autoware_lanelet2_extension'
[0.554s] Level 1:colcon.colcon_core.package_identification:_identify(src/visualization/autoware_lanelet2_extension/autoware_lanelet2_extension_python) by extensions ['ignore', 'ignore_ament_install']
[0.554s] Level 1:colcon.colcon_core.package_identification:_identify(src/visualization/autoware_lanelet2_extension/autoware_lanelet2_extension_python) by extension 'ignore'
[0.554s] Level 1:colcon.colcon_core.package_identification:_identify(src/visualization/autoware_lanelet2_extension/autoware_lanelet2_extension_python) by extension 'ignore_ament_install'
[0.554s] Level 1:colcon.colcon_core.package_identification:_identify(src/visualization/autoware_lanelet2_extension/autoware_lanelet2_extension_python) by extensions ['colcon_pkg']
[0.554s] Level 1:colcon.colcon_core.package_identification:_identify(src/visualization/autoware_lanelet2_extension/autoware_lanelet2_extension_python) by extension 'colcon_pkg'
[0.555s] Level 1:colcon.colcon_core.package_identification:_identify(src/visualization/autoware_lanelet2_extension/autoware_lanelet2_extension_python) by extensions ['colcon_meta']
[0.555s] Level 1:colcon.colcon_core.package_identification:_identify(src/visualization/autoware_lanelet2_extension/autoware_lanelet2_extension_python) by extension 'colcon_meta'
[0.555s] Level 1:colcon.colcon_core.package_identification:_identify(src/visualization/autoware_lanelet2_extension/autoware_lanelet2_extension_python) by extensions ['ros']
[0.555s] Level 1:colcon.colcon_core.package_identification:_identify(src/visualization/autoware_lanelet2_extension/autoware_lanelet2_extension_python) by extension 'ros'
[0.557s] DEBUG:colcon.colcon_core.package_identification:Package 'src/visualization/autoware_lanelet2_extension/autoware_lanelet2_extension_python' with type 'ros.ament_cmake' and name 'autoware_lanelet2_extension_python'
[0.557s] Level 1:colcon.colcon_core.package_identification:_identify(src/visualization/autoware_plugins) by extensions ['ignore', 'ignore_ament_install']
[0.557s] Level 1:colcon.colcon_core.package_identification:_identify(src/visualization/autoware_plugins) by extension 'ignore'
[0.557s] Level 1:colcon.colcon_core.package_identification:_identify(src/visualization/autoware_plugins) by extension 'ignore_ament_install'
[0.557s] Level 1:colcon.colcon_core.package_identification:_identify(src/visualization/autoware_plugins) by extensions ['colcon_pkg']
[0.557s] Level 1:colcon.colcon_core.package_identification:_identify(src/visualization/autoware_plugins) by extension 'colcon_pkg'
[0.558s] Level 1:colcon.colcon_core.package_identification:_identify(src/visualization/autoware_plugins) by extensions ['colcon_meta']
[0.558s] Level 1:colcon.colcon_core.package_identification:_identify(src/visualization/autoware_plugins) by extension 'colcon_meta'
[0.558s] Level 1:colcon.colcon_core.package_identification:_identify(src/visualization/autoware_plugins) by extensions ['ros']
[0.558s] Level 1:colcon.colcon_core.package_identification:_identify(src/visualization/autoware_plugins) by extension 'ros'
[0.558s] Level 1:colcon.colcon_core.package_identification:_identify(src/visualization/autoware_plugins) by extensions ['cmake', 'python']
[0.558s] Level 1:colcon.colcon_core.package_identification:_identify(src/visualization/autoware_plugins) by extension 'cmake'
[0.558s] Level 1:colcon.colcon_core.package_identification:_identify(src/visualization/autoware_plugins) by extension 'python'
[0.558s] Level 1:colcon.colcon_core.package_identification:_identify(src/visualization/autoware_plugins) by extensions ['python_setup_py']
[0.558s] Level 1:colcon.colcon_core.package_identification:_identify(src/visualization/autoware_plugins) by extension 'python_setup_py'
[0.558s] Level 1:colcon.colcon_core.package_identification:_identify(src/visualization/autoware_plugins/autoware_bag_time_manager_rviz_plugin) by extensions ['ignore', 'ignore_ament_install']
[0.558s] Level 1:colcon.colcon_core.package_identification:_identify(src/visualization/autoware_plugins/autoware_bag_time_manager_rviz_plugin) by extension 'ignore'
[0.558s] Level 1:colcon.colcon_core.package_identification:_identify(src/visualization/autoware_plugins/autoware_bag_time_manager_rviz_plugin) by extension 'ignore_ament_install'
[0.558s] Level 1:colcon.colcon_core.package_identification:_identify(src/visualization/autoware_plugins/autoware_bag_time_manager_rviz_plugin) by extensions ['colcon_pkg']
[0.558s] Level 1:colcon.colcon_core.package_identification:_identify(src/visualization/autoware_plugins/autoware_bag_time_manager_rviz_plugin) by extension 'colcon_pkg'
[0.558s] Level 1:colcon.colcon_core.package_identification:_identify(src/visualization/autoware_plugins/autoware_bag_time_manager_rviz_plugin) by extensions ['colcon_meta']
[0.558s] Level 1:colcon.colcon_core.package_identification:_identify(src/visualization/autoware_plugins/autoware_bag_time_manager_rviz_plugin) by extension 'colcon_meta'
[0.558s] Level 1:colcon.colcon_core.package_identification:_identify(src/visualization/autoware_plugins/autoware_bag_time_manager_rviz_plugin) by extensions ['ros']
[0.558s] Level 1:colcon.colcon_core.package_identification:_identify(src/visualization/autoware_plugins/autoware_bag_time_manager_rviz_plugin) by extension 'ros'
[0.560s] DEBUG:colcon.colcon_core.package_identification:Package 'src/visualization/autoware_plugins/autoware_bag_time_manager_rviz_plugin' with type 'ros.ament_cmake' and name 'autoware_bag_time_manager_rviz_plugin'
[0.560s] Level 1:colcon.colcon_core.package_identification:_identify(src/visualization/autoware_plugins/autoware_overlay_rviz_plugin) by extensions ['ignore', 'ignore_ament_install']
[0.560s] Level 1:colcon.colcon_core.package_identification:_identify(src/visualization/autoware_plugins/autoware_overlay_rviz_plugin) by extension 'ignore'
[0.560s] Level 1:colcon.colcon_core.package_identification:_identify(src/visualization/autoware_plugins/autoware_overlay_rviz_plugin) by extension 'ignore_ament_install'
[0.560s] Level 1:colcon.colcon_core.package_identification:_identify(src/visualization/autoware_plugins/autoware_overlay_rviz_plugin) by extensions ['colcon_pkg']
[0.560s] Level 1:colcon.colcon_core.package_identification:_identify(src/visualization/autoware_plugins/autoware_overlay_rviz_plugin) by extension 'colcon_pkg'
[0.560s] Level 1:colcon.colcon_core.package_identification:_identify(src/visualization/autoware_plugins/autoware_overlay_rviz_plugin) by extensions ['colcon_meta']
[0.560s] Level 1:colcon.colcon_core.package_identification:_identify(src/visualization/autoware_plugins/autoware_overlay_rviz_plugin) by extension 'colcon_meta'
[0.560s] Level 1:colcon.colcon_core.package_identification:_identify(src/visualization/autoware_plugins/autoware_overlay_rviz_plugin) by extensions ['ros']
[0.560s] Level 1:colcon.colcon_core.package_identification:_identify(src/visualization/autoware_plugins/autoware_overlay_rviz_plugin) by extension 'ros'
[0.560s] Level 1:colcon.colcon_core.package_identification:_identify(src/visualization/autoware_plugins/autoware_overlay_rviz_plugin) by extensions ['cmake', 'python']
[0.560s] Level 1:colcon.colcon_core.package_identification:_identify(src/visualization/autoware_plugins/autoware_overlay_rviz_plugin) by extension 'cmake'
[0.560s] Level 1:colcon.colcon_core.package_identification:_identify(src/visualization/autoware_plugins/autoware_overlay_rviz_plugin) by extension 'python'
[0.560s] Level 1:colcon.colcon_core.package_identification:_identify(src/visualization/autoware_plugins/autoware_overlay_rviz_plugin) by extensions ['python_setup_py']
[0.560s] Level 1:colcon.colcon_core.package_identification:_identify(src/visualization/autoware_plugins/autoware_overlay_rviz_plugin) by extension 'python_setup_py'
[0.560s] Level 1:colcon.colcon_core.package_identification:_identify(src/visualization/autoware_plugins/autoware_overlay_rviz_plugin/autoware_mission_details_overlay_rviz_plugin) by extensions ['ignore', 'ignore_ament_install']
[0.561s] Level 1:colcon.colcon_core.package_identification:_identify(src/visualization/autoware_plugins/autoware_overlay_rviz_plugin/autoware_mission_details_overlay_rviz_plugin) by extension 'ignore'
[0.561s] Level 1:colcon.colcon_core.package_identification:_identify(src/visualization/autoware_plugins/autoware_overlay_rviz_plugin/autoware_mission_details_overlay_rviz_plugin) by extension 'ignore_ament_install'
[0.561s] Level 1:colcon.colcon_core.package_identification:_identify(src/visualization/autoware_plugins/autoware_overlay_rviz_plugin/autoware_mission_details_overlay_rviz_plugin) by extensions ['colcon_pkg']
[0.561s] Level 1:colcon.colcon_core.package_identification:_identify(src/visualization/autoware_plugins/autoware_overlay_rviz_plugin/autoware_mission_details_overlay_rviz_plugin) by extension 'colcon_pkg'
[0.561s] Level 1:colcon.colcon_core.package_identification:_identify(src/visualization/autoware_plugins/autoware_overlay_rviz_plugin/autoware_mission_details_overlay_rviz_plugin) by extensions ['colcon_meta']
[0.561s] Level 1:colcon.colcon_core.package_identification:_identify(src/visualization/autoware_plugins/autoware_overlay_rviz_plugin/autoware_mission_details_overlay_rviz_plugin) by extension 'colcon_meta'
[0.561s] Level 1:colcon.colcon_core.package_identification:_identify(src/visualization/autoware_plugins/autoware_overlay_rviz_plugin/autoware_mission_details_overlay_rviz_plugin) by extensions ['ros']
[0.561s] Level 1:colcon.colcon_core.package_identification:_identify(src/visualization/autoware_plugins/autoware_overlay_rviz_plugin/autoware_mission_details_overlay_rviz_plugin) by extension 'ros'
[0.562s] DEBUG:colcon.colcon_core.package_identification:Package 'src/visualization/autoware_plugins/autoware_overlay_rviz_plugin/autoware_mission_details_overlay_rviz_plugin' with type 'ros.ament_cmake' and name 'autoware_mission_details_overlay_rviz_plugin'
[0.562s] Level 1:colcon.colcon_core.package_identification:_identify(src/visualization/autoware_plugins/autoware_overlay_rviz_plugin/autoware_overlay_rviz_plugin) by extensions ['ignore', 'ignore_ament_install']
[0.562s] Level 1:colcon.colcon_core.package_identification:_identify(src/visualization/autoware_plugins/autoware_overlay_rviz_plugin/autoware_overlay_rviz_plugin) by extension 'ignore'
[0.562s] Level 1:colcon.colcon_core.package_identification:_identify(src/visualization/autoware_plugins/autoware_overlay_rviz_plugin/autoware_overlay_rviz_plugin) by extension 'ignore_ament_install'
[0.562s] Level 1:colcon.colcon_core.package_identification:_identify(src/visualization/autoware_plugins/autoware_overlay_rviz_plugin/autoware_overlay_rviz_plugin) by extensions ['colcon_pkg']
[0.562s] Level 1:colcon.colcon_core.package_identification:_identify(src/visualization/autoware_plugins/autoware_overlay_rviz_plugin/autoware_overlay_rviz_plugin) by extension 'colcon_pkg'
[0.562s] Level 1:colcon.colcon_core.package_identification:_identify(src/visualization/autoware_plugins/autoware_overlay_rviz_plugin/autoware_overlay_rviz_plugin) by extensions ['colcon_meta']
[0.562s] Level 1:colcon.colcon_core.package_identification:_identify(src/visualization/autoware_plugins/autoware_overlay_rviz_plugin/autoware_overlay_rviz_plugin) by extension 'colcon_meta'
[0.562s] Level 1:colcon.colcon_core.package_identification:_identify(src/visualization/autoware_plugins/autoware_overlay_rviz_plugin/autoware_overlay_rviz_plugin) by extensions ['ros']
[0.562s] Level 1:colcon.colcon_core.package_identification:_identify(src/visualization/autoware_plugins/autoware_overlay_rviz_plugin/autoware_overlay_rviz_plugin) by extension 'ros'
[0.564s] DEBUG:colcon.colcon_core.package_identification:Package 'src/visualization/autoware_plugins/autoware_overlay_rviz_plugin/autoware_overlay_rviz_plugin' with type 'ros.ament_cmake' and name 'autoware_overlay_rviz_plugin'
[0.564s] Level 1:colcon.colcon_core.package_identification:_identify(src/visualization/autoware_plugins/autoware_overlay_rviz_plugin/autoware_string_stamped_overlay_rviz_plugin) by extensions ['ignore', 'ignore_ament_install']
[0.564s] Level 1:colcon.colcon_core.package_identification:_identify(src/visualization/autoware_plugins/autoware_overlay_rviz_plugin/autoware_string_stamped_overlay_rviz_plugin) by extension 'ignore'
[0.564s] Level 1:colcon.colcon_core.package_identification:_identify(src/visualization/autoware_plugins/autoware_overlay_rviz_plugin/autoware_string_stamped_overlay_rviz_plugin) by extension 'ignore_ament_install'
[0.564s] Level 1:colcon.colcon_core.package_identification:_identify(src/visualization/autoware_plugins/autoware_overlay_rviz_plugin/autoware_string_stamped_overlay_rviz_plugin) by extensions ['colcon_pkg']
[0.564s] Level 1:colcon.colcon_core.package_identification:_identify(src/visualization/autoware_plugins/autoware_overlay_rviz_plugin/autoware_string_stamped_overlay_rviz_plugin) by extension 'colcon_pkg'
[0.564s] Level 1:colcon.colcon_core.package_identification:_identify(src/visualization/autoware_plugins/autoware_overlay_rviz_plugin/autoware_string_stamped_overlay_rviz_plugin) by extensions ['colcon_meta']
[0.564s] Level 1:colcon.colcon_core.package_identification:_identify(src/visualization/autoware_plugins/autoware_overlay_rviz_plugin/autoware_string_stamped_overlay_rviz_plugin) by extension 'colcon_meta'
[0.564s] Level 1:colcon.colcon_core.package_identification:_identify(src/visualization/autoware_plugins/autoware_overlay_rviz_plugin/autoware_string_stamped_overlay_rviz_plugin) by extensions ['ros']
[0.564s] Level 1:colcon.colcon_core.package_identification:_identify(src/visualization/autoware_plugins/autoware_overlay_rviz_plugin/autoware_string_stamped_overlay_rviz_plugin) by extension 'ros'
[0.565s] DEBUG:colcon.colcon_core.package_identification:Package 'src/visualization/autoware_plugins/autoware_overlay_rviz_plugin/autoware_string_stamped_overlay_rviz_plugin' with type 'ros.ament_cmake' and name 'autoware_string_stamped_rviz_plugin'
[0.565s] Level 1:colcon.colcon_core.package_identification:_identify(src/visualization/autoware_plugins/autoware_perception_rviz_plugin) by extensions ['ignore', 'ignore_ament_install']
[0.565s] Level 1:colcon.colcon_core.package_identification:_identify(src/visualization/autoware_plugins/autoware_perception_rviz_plugin) by extension 'ignore'
[0.566s] Level 1:colcon.colcon_core.package_identification:_identify(src/visualization/autoware_plugins/autoware_perception_rviz_plugin) by extension 'ignore_ament_install'
[0.566s] Level 1:colcon.colcon_core.package_identification:_identify(src/visualization/autoware_plugins/autoware_perception_rviz_plugin) by extensions ['colcon_pkg']
[0.566s] Level 1:colcon.colcon_core.package_identification:_identify(src/visualization/autoware_plugins/autoware_perception_rviz_plugin) by extension 'colcon_pkg'
[0.566s] Level 1:colcon.colcon_core.package_identification:_identify(src/visualization/autoware_plugins/autoware_perception_rviz_plugin) by extensions ['colcon_meta']
[0.566s] Level 1:colcon.colcon_core.package_identification:_identify(src/visualization/autoware_plugins/autoware_perception_rviz_plugin) by extension 'colcon_meta'
[0.566s] Level 1:colcon.colcon_core.package_identification:_identify(src/visualization/autoware_plugins/autoware_perception_rviz_plugin) by extensions ['ros']
[0.566s] Level 1:colcon.colcon_core.package_identification:_identify(src/visualization/autoware_plugins/autoware_perception_rviz_plugin) by extension 'ros'
[0.567s] DEBUG:colcon.colcon_core.package_identification:Package 'src/visualization/autoware_plugins/autoware_perception_rviz_plugin' with type 'ros.ament_cmake' and name 'autoware_perception_rviz_plugin'
[0.567s] Level 1:colcon.colcon_core.package_identification:_identify(src/visualization/autoware_plugins/tier4_adapi_rviz_plugin) by extensions ['ignore', 'ignore_ament_install']
[0.567s] Level 1:colcon.colcon_core.package_identification:_identify(src/visualization/autoware_plugins/tier4_adapi_rviz_plugin) by extension 'ignore'
[0.567s] Level 1:colcon.colcon_core.package_identification:_identify(src/visualization/autoware_plugins/tier4_adapi_rviz_plugin) by extension 'ignore_ament_install'
[0.567s] Level 1:colcon.colcon_core.package_identification:_identify(src/visualization/autoware_plugins/tier4_adapi_rviz_plugin) by extensions ['colcon_pkg']
[0.567s] Level 1:colcon.colcon_core.package_identification:_identify(src/visualization/autoware_plugins/tier4_adapi_rviz_plugin) by extension 'colcon_pkg'
[0.567s] Level 1:colcon.colcon_core.package_identification:_identify(src/visualization/autoware_plugins/tier4_adapi_rviz_plugin) by extensions ['colcon_meta']
[0.567s] Level 1:colcon.colcon_core.package_identification:_identify(src/visualization/autoware_plugins/tier4_adapi_rviz_plugin) by extension 'colcon_meta'
[0.567s] Level 1:colcon.colcon_core.package_identification:_identify(src/visualization/autoware_plugins/tier4_adapi_rviz_plugin) by extensions ['ros']
[0.567s] Level 1:colcon.colcon_core.package_identification:_identify(src/visualization/autoware_plugins/tier4_adapi_rviz_plugin) by extension 'ros'
[0.569s] DEBUG:colcon.colcon_core.package_identification:Package 'src/visualization/autoware_plugins/tier4_adapi_rviz_plugin' with type 'ros.ament_cmake' and name 'tier4_adapi_rviz_plugin'
[0.569s] Level 1:colcon.colcon_core.package_identification:_identify(src/visualization/autoware_plugins/tier4_camera_view_rviz_plugin) by extensions ['ignore', 'ignore_ament_install']
[0.569s] Level 1:colcon.colcon_core.package_identification:_identify(src/visualization/autoware_plugins/tier4_camera_view_rviz_plugin) by extension 'ignore'
[0.569s] Level 1:colcon.colcon_core.package_identification:_identify(src/visualization/autoware_plugins/tier4_camera_view_rviz_plugin) by extension 'ignore_ament_install'
[0.569s] Level 1:colcon.colcon_core.package_identification:_identify(src/visualization/autoware_plugins/tier4_camera_view_rviz_plugin) by extensions ['colcon_pkg']
[0.569s] Level 1:colcon.colcon_core.package_identification:_identify(src/visualization/autoware_plugins/tier4_camera_view_rviz_plugin) by extension 'colcon_pkg'
[0.569s] Level 1:colcon.colcon_core.package_identification:_identify(src/visualization/autoware_plugins/tier4_camera_view_rviz_plugin) by extensions ['colcon_meta']
[0.569s] Level 1:colcon.colcon_core.package_identification:_identify(src/visualization/autoware_plugins/tier4_camera_view_rviz_plugin) by extension 'colcon_meta'
[0.569s] Level 1:colcon.colcon_core.package_identification:_identify(src/visualization/autoware_plugins/tier4_camera_view_rviz_plugin) by extensions ['ros']
[0.569s] Level 1:colcon.colcon_core.package_identification:_identify(src/visualization/autoware_plugins/tier4_camera_view_rviz_plugin) by extension 'ros'
[0.571s] DEBUG:colcon.colcon_core.package_identification:Package 'src/visualization/autoware_plugins/tier4_camera_view_rviz_plugin' with type 'ros.ament_cmake' and name 'tier4_camera_view_rviz_plugin'
[0.571s] Level 1:colcon.colcon_core.package_identification:_identify(src/visualization/autoware_plugins/tier4_datetime_rviz_plugin) by extensions ['ignore', 'ignore_ament_install']
[0.571s] Level 1:colcon.colcon_core.package_identification:_identify(src/visualization/autoware_plugins/tier4_datetime_rviz_plugin) by extension 'ignore'
[0.571s] Level 1:colcon.colcon_core.package_identification:_identify(src/visualization/autoware_plugins/tier4_datetime_rviz_plugin) by extension 'ignore_ament_install'
[0.571s] Level 1:colcon.colcon_core.package_identification:_identify(src/visualization/autoware_plugins/tier4_datetime_rviz_plugin) by extensions ['colcon_pkg']
[0.571s] Level 1:colcon.colcon_core.package_identification:_identify(src/visualization/autoware_plugins/tier4_datetime_rviz_plugin) by extension 'colcon_pkg'
[0.571s] Level 1:colcon.colcon_core.package_identification:_identify(src/visualization/autoware_plugins/tier4_datetime_rviz_plugin) by extensions ['colcon_meta']
[0.571s] Level 1:colcon.colcon_core.package_identification:_identify(src/visualization/autoware_plugins/tier4_datetime_rviz_plugin) by extension 'colcon_meta'
[0.571s] Level 1:colcon.colcon_core.package_identification:_identify(src/visualization/autoware_plugins/tier4_datetime_rviz_plugin) by extensions ['ros']
[0.571s] Level 1:colcon.colcon_core.package_identification:_identify(src/visualization/autoware_plugins/tier4_datetime_rviz_plugin) by extension 'ros'
[0.573s] DEBUG:colcon.colcon_core.package_identification:Package 'src/visualization/autoware_plugins/tier4_datetime_rviz_plugin' with type 'ros.ament_cmake' and name 'tier4_datetime_rviz_plugin'
[0.573s] Level 1:colcon.colcon_core.package_identification:_identify(src/visualization/autoware_plugins/tier4_localization_rviz_plugin) by extensions ['ignore', 'ignore_ament_install']
[0.573s] Level 1:colcon.colcon_core.package_identification:_identify(src/visualization/autoware_plugins/tier4_localization_rviz_plugin) by extension 'ignore'
[0.573s] Level 1:colcon.colcon_core.package_identification:_identify(src/visualization/autoware_plugins/tier4_localization_rviz_plugin) by extension 'ignore_ament_install'
[0.573s] Level 1:colcon.colcon_core.package_identification:_identify(src/visualization/autoware_plugins/tier4_localization_rviz_plugin) by extensions ['colcon_pkg']
[0.573s] Level 1:colcon.colcon_core.package_identification:_identify(src/visualization/autoware_plugins/tier4_localization_rviz_plugin) by extension 'colcon_pkg'
[0.573s] Level 1:colcon.colcon_core.package_identification:_identify(src/visualization/autoware_plugins/tier4_localization_rviz_plugin) by extensions ['colcon_meta']
[0.573s] Level 1:colcon.colcon_core.package_identification:_identify(src/visualization/autoware_plugins/tier4_localization_rviz_plugin) by extension 'colcon_meta'
[0.573s] Level 1:colcon.colcon_core.package_identification:_identify(src/visualization/autoware_plugins/tier4_localization_rviz_plugin) by extensions ['ros']
[0.573s] Level 1:colcon.colcon_core.package_identification:_identify(src/visualization/autoware_plugins/tier4_localization_rviz_plugin) by extension 'ros'
[0.575s] DEBUG:colcon.colcon_core.package_identification:Package 'src/visualization/autoware_plugins/tier4_localization_rviz_plugin' with type 'ros.ament_cmake' and name 'tier4_localization_rviz_plugin'
[0.575s] Level 1:colcon.colcon_core.package_identification:_identify(src/visualization/autoware_plugins/tier4_planning_factor_rviz_plugin) by extensions ['ignore', 'ignore_ament_install']
[0.575s] Level 1:colcon.colcon_core.package_identification:_identify(src/visualization/autoware_plugins/tier4_planning_factor_rviz_plugin) by extension 'ignore'
[0.575s] Level 1:colcon.colcon_core.package_identification:_identify(src/visualization/autoware_plugins/tier4_planning_factor_rviz_plugin) by extension 'ignore_ament_install'
[0.575s] Level 1:colcon.colcon_core.package_identification:_identify(src/visualization/autoware_plugins/tier4_planning_factor_rviz_plugin) by extensions ['colcon_pkg']
[0.575s] Level 1:colcon.colcon_core.package_identification:_identify(src/visualization/autoware_plugins/tier4_planning_factor_rviz_plugin) by extension 'colcon_pkg'
[0.575s] Level 1:colcon.colcon_core.package_identification:_identify(src/visualization/autoware_plugins/tier4_planning_factor_rviz_plugin) by extensions ['colcon_meta']
[0.575s] Level 1:colcon.colcon_core.package_identification:_identify(src/visualization/autoware_plugins/tier4_planning_factor_rviz_plugin) by extension 'colcon_meta'
[0.575s] Level 1:colcon.colcon_core.package_identification:_identify(src/visualization/autoware_plugins/tier4_planning_factor_rviz_plugin) by extensions ['ros']
[0.575s] Level 1:colcon.colcon_core.package_identification:_identify(src/visualization/autoware_plugins/tier4_planning_factor_rviz_plugin) by extension 'ros'
[0.576s] DEBUG:colcon.colcon_core.package_identification:Package 'src/visualization/autoware_plugins/tier4_planning_factor_rviz_plugin' with type 'ros.ament_cmake' and name 'tier4_planning_factor_rviz_plugin'
[0.576s] Level 1:colcon.colcon_core.package_identification:_identify(src/visualization/autoware_plugins/tier4_planning_rviz_plugin) by extensions ['ignore', 'ignore_ament_install']
[0.577s] Level 1:colcon.colcon_core.package_identification:_identify(src/visualization/autoware_plugins/tier4_planning_rviz_plugin) by extension 'ignore'
[0.577s] Level 1:colcon.colcon_core.package_identification:_identify(src/visualization/autoware_plugins/tier4_planning_rviz_plugin) by extension 'ignore_ament_install'
[0.577s] Level 1:colcon.colcon_core.package_identification:_identify(src/visualization/autoware_plugins/tier4_planning_rviz_plugin) by extensions ['colcon_pkg']
[0.577s] Level 1:colcon.colcon_core.package_identification:_identify(src/visualization/autoware_plugins/tier4_planning_rviz_plugin) by extension 'colcon_pkg'
[0.577s] Level 1:colcon.colcon_core.package_identification:_identify(src/visualization/autoware_plugins/tier4_planning_rviz_plugin) by extensions ['colcon_meta']
[0.577s] Level 1:colcon.colcon_core.package_identification:_identify(src/visualization/autoware_plugins/tier4_planning_rviz_plugin) by extension 'colcon_meta'
[0.577s] Level 1:colcon.colcon_core.package_identification:_identify(src/visualization/autoware_plugins/tier4_planning_rviz_plugin) by extensions ['ros']
[0.577s] Level 1:colcon.colcon_core.package_identification:_identify(src/visualization/autoware_plugins/tier4_planning_rviz_plugin) by extension 'ros'
[0.579s] DEBUG:colcon.colcon_core.package_identification:Package 'src/visualization/autoware_plugins/tier4_planning_rviz_plugin' with type 'ros.ament_cmake' and name 'tier4_planning_rviz_plugin'
[0.579s] Level 1:colcon.colcon_core.package_identification:_identify(src/visualization/autoware_plugins/tier4_state_rviz_plugin) by extensions ['ignore', 'ignore_ament_install']
[0.579s] Level 1:colcon.colcon_core.package_identification:_identify(src/visualization/autoware_plugins/tier4_state_rviz_plugin) by extension 'ignore'
[0.579s] Level 1:colcon.colcon_core.package_identification:_identify(src/visualization/autoware_plugins/tier4_state_rviz_plugin) by extension 'ignore_ament_install'
[0.579s] Level 1:colcon.colcon_core.package_identification:_identify(src/visualization/autoware_plugins/tier4_state_rviz_plugin) by extensions ['colcon_pkg']
[0.579s] Level 1:colcon.colcon_core.package_identification:_identify(src/visualization/autoware_plugins/tier4_state_rviz_plugin) by extension 'colcon_pkg'
[0.579s] Level 1:colcon.colcon_core.package_identification:_identify(src/visualization/autoware_plugins/tier4_state_rviz_plugin) by extensions ['colcon_meta']
[0.579s] Level 1:colcon.colcon_core.package_identification:_identify(src/visualization/autoware_plugins/tier4_state_rviz_plugin) by extension 'colcon_meta'
[0.579s] Level 1:colcon.colcon_core.package_identification:_identify(src/visualization/autoware_plugins/tier4_state_rviz_plugin) by extensions ['ros']
[0.579s] Level 1:colcon.colcon_core.package_identification:_identify(src/visualization/autoware_plugins/tier4_state_rviz_plugin) by extension 'ros'
[0.581s] DEBUG:colcon.colcon_core.package_identification:Package 'src/visualization/autoware_plugins/tier4_state_rviz_plugin' with type 'ros.ament_cmake' and name 'tier4_state_rviz_plugin'
[0.581s] Level 1:colcon.colcon_core.package_identification:_identify(src/visualization/autoware_plugins/tier4_system_rviz_plugin) by extensions ['ignore', 'ignore_ament_install']
[0.581s] Level 1:colcon.colcon_core.package_identification:_identify(src/visualization/autoware_plugins/tier4_system_rviz_plugin) by extension 'ignore'
[0.581s] Level 1:colcon.colcon_core.package_identification:_identify(src/visualization/autoware_plugins/tier4_system_rviz_plugin) by extension 'ignore_ament_install'
[0.581s] Level 1:colcon.colcon_core.package_identification:_identify(src/visualization/autoware_plugins/tier4_system_rviz_plugin) by extensions ['colcon_pkg']
[0.581s] Level 1:colcon.colcon_core.package_identification:_identify(src/visualization/autoware_plugins/tier4_system_rviz_plugin) by extension 'colcon_pkg'
[0.581s] Level 1:colcon.colcon_core.package_identification:_identify(src/visualization/autoware_plugins/tier4_system_rviz_plugin) by extensions ['colcon_meta']
[0.581s] Level 1:colcon.colcon_core.package_identification:_identify(src/visualization/autoware_plugins/tier4_system_rviz_plugin) by extension 'colcon_meta'
[0.582s] Level 1:colcon.colcon_core.package_identification:_identify(src/visualization/autoware_plugins/tier4_system_rviz_plugin) by extensions ['ros']
[0.582s] Level 1:colcon.colcon_core.package_identification:_identify(src/visualization/autoware_plugins/tier4_system_rviz_plugin) by extension 'ros'
[0.583s] DEBUG:colcon.colcon_core.package_identification:Package 'src/visualization/autoware_plugins/tier4_system_rviz_plugin' with type 'ros.ament_cmake' and name 'tier4_system_rviz_plugin'
[0.583s] Level 1:colcon.colcon_core.package_identification:_identify(src/visualization/autoware_plugins/tier4_traffic_light_rviz_plugin) by extensions ['ignore', 'ignore_ament_install']
[0.583s] Level 1:colcon.colcon_core.package_identification:_identify(src/visualization/autoware_plugins/tier4_traffic_light_rviz_plugin) by extension 'ignore'
[0.583s] Level 1:colcon.colcon_core.package_identification:_identify(src/visualization/autoware_plugins/tier4_traffic_light_rviz_plugin) by extension 'ignore_ament_install'
[0.583s] Level 1:colcon.colcon_core.package_identification:_identify(src/visualization/autoware_plugins/tier4_traffic_light_rviz_plugin) by extensions ['colcon_pkg']
[0.583s] Level 1:colcon.colcon_core.package_identification:_identify(src/visualization/autoware_plugins/tier4_traffic_light_rviz_plugin) by extension 'colcon_pkg'
[0.583s] Level 1:colcon.colcon_core.package_identification:_identify(src/visualization/autoware_plugins/tier4_traffic_light_rviz_plugin) by extensions ['colcon_meta']
[0.583s] Level 1:colcon.colcon_core.package_identification:_identify(src/visualization/autoware_plugins/tier4_traffic_light_rviz_plugin) by extension 'colcon_meta'
[0.583s] Level 1:colcon.colcon_core.package_identification:_identify(src/visualization/autoware_plugins/tier4_traffic_light_rviz_plugin) by extensions ['ros']
[0.583s] Level 1:colcon.colcon_core.package_identification:_identify(src/visualization/autoware_plugins/tier4_traffic_light_rviz_plugin) by extension 'ros'
[0.585s] DEBUG:colcon.colcon_core.package_identification:Package 'src/visualization/autoware_plugins/tier4_traffic_light_rviz_plugin' with type 'ros.ament_cmake' and name 'tier4_traffic_light_rviz_plugin'
[0.585s] Level 1:colcon.colcon_core.package_identification:_identify(src/visualization/autoware_plugins/tier4_vehicle_rviz_plugin) by extensions ['ignore', 'ignore_ament_install']
[0.585s] Level 1:colcon.colcon_core.package_identification:_identify(src/visualization/autoware_plugins/tier4_vehicle_rviz_plugin) by extension 'ignore'
[0.585s] Level 1:colcon.colcon_core.package_identification:_identify(src/visualization/autoware_plugins/tier4_vehicle_rviz_plugin) by extension 'ignore_ament_install'
[0.585s] Level 1:colcon.colcon_core.package_identification:_identify(src/visualization/autoware_plugins/tier4_vehicle_rviz_plugin) by extensions ['colcon_pkg']
[0.585s] Level 1:colcon.colcon_core.package_identification:_identify(src/visualization/autoware_plugins/tier4_vehicle_rviz_plugin) by extension 'colcon_pkg'
[0.585s] Level 1:colcon.colcon_core.package_identification:_identify(src/visualization/autoware_plugins/tier4_vehicle_rviz_plugin) by extensions ['colcon_meta']
[0.585s] Level 1:colcon.colcon_core.package_identification:_identify(src/visualization/autoware_plugins/tier4_vehicle_rviz_plugin) by extension 'colcon_meta'
[0.585s] Level 1:colcon.colcon_core.package_identification:_identify(src/visualization/autoware_plugins/tier4_vehicle_rviz_plugin) by extensions ['ros']
[0.585s] Level 1:colcon.colcon_core.package_identification:_identify(src/visualization/autoware_plugins/tier4_vehicle_rviz_plugin) by extension 'ros'
[0.587s] DEBUG:colcon.colcon_core.package_identification:Package 'src/visualization/autoware_plugins/tier4_vehicle_rviz_plugin' with type 'ros.ament_cmake' and name 'tier4_vehicle_rviz_plugin'
[0.587s] Level 1:colcon.colcon_core.package_identification:_identify(src/visualization/core) by extensions ['ignore', 'ignore_ament_install']
[0.587s] Level 1:colcon.colcon_core.package_identification:_identify(src/visualization/core) by extension 'ignore'
[0.587s] Level 1:colcon.colcon_core.package_identification:_identify(src/visualization/core) by extension 'ignore_ament_install'
[0.587s] Level 1:colcon.colcon_core.package_identification:_identify(src/visualization/core) by extensions ['colcon_pkg']
[0.587s] Level 1:colcon.colcon_core.package_identification:_identify(src/visualization/core) by extension 'colcon_pkg'
[0.587s] Level 1:colcon.colcon_core.package_identification:_identify(src/visualization/core) by extensions ['colcon_meta']
[0.587s] Level 1:colcon.colcon_core.package_identification:_identify(src/visualization/core) by extension 'colcon_meta'
[0.587s] Level 1:colcon.colcon_core.package_identification:_identify(src/visualization/core) by extensions ['ros']
[0.587s] Level 1:colcon.colcon_core.package_identification:_identify(src/visualization/core) by extension 'ros'
[0.587s] Level 1:colcon.colcon_core.package_identification:_identify(src/visualization/core) by extensions ['cmake', 'python']
[0.587s] Level 1:colcon.colcon_core.package_identification:_identify(src/visualization/core) by extension 'cmake'
[0.587s] Level 1:colcon.colcon_core.package_identification:_identify(src/visualization/core) by extension 'python'
[0.587s] Level 1:colcon.colcon_core.package_identification:_identify(src/visualization/core) by extensions ['python_setup_py']
[0.588s] Level 1:colcon.colcon_core.package_identification:_identify(src/visualization/core) by extension 'python_setup_py'
[0.588s] Level 1:colcon.colcon_core.package_identification:_identify(src/visualization/core/autoware_core) by extensions ['ignore', 'ignore_ament_install']
[0.588s] Level 1:colcon.colcon_core.package_identification:_identify(src/visualization/core/autoware_core) by extension 'ignore'
[0.588s] Level 1:colcon.colcon_core.package_identification:_identify(src/visualization/core/autoware_core) by extension 'ignore_ament_install'
[0.588s] Level 1:colcon.colcon_core.package_identification:_identify(src/visualization/core/autoware_core) by extensions ['colcon_pkg']
[0.588s] Level 1:colcon.colcon_core.package_identification:_identify(src/visualization/core/autoware_core) by extension 'colcon_pkg'
[0.588s] Level 1:colcon.colcon_core.package_identification:_identify(src/visualization/core/autoware_core) by extensions ['colcon_meta']
[0.588s] Level 1:colcon.colcon_core.package_identification:_identify(src/visualization/core/autoware_core) by extension 'colcon_meta'
[0.588s] Level 1:colcon.colcon_core.package_identification:_identify(src/visualization/core/autoware_core) by extensions ['ros']
[0.588s] Level 1:colcon.colcon_core.package_identification:_identify(src/visualization/core/autoware_core) by extension 'ros'
[0.588s] Level 1:colcon.colcon_core.package_identification:_identify(src/visualization/core/autoware_core) by extensions ['cmake', 'python']
[0.588s] Level 1:colcon.colcon_core.package_identification:_identify(src/visualization/core/autoware_core) by extension 'cmake'
[0.588s] Level 1:colcon.colcon_core.package_identification:_identify(src/visualization/core/autoware_core) by extension 'python'
[0.588s] Level 1:colcon.colcon_core.package_identification:_identify(src/visualization/core/autoware_core) by extensions ['python_setup_py']
[0.588s] Level 1:colcon.colcon_core.package_identification:_identify(src/visualization/core/autoware_core) by extension 'python_setup_py'
[0.588s] Level 1:colcon.colcon_core.package_identification:_identify(src/visualization/core/autoware_core/common) by extensions ['ignore', 'ignore_ament_install']
[0.588s] Level 1:colcon.colcon_core.package_identification:_identify(src/visualization/core/autoware_core/common) by extension 'ignore'
[0.588s] Level 1:colcon.colcon_core.package_identification:_identify(src/visualization/core/autoware_core/common) by extension 'ignore_ament_install'
[0.589s] Level 1:colcon.colcon_core.package_identification:_identify(src/visualization/core/autoware_core/common) by extensions ['colcon_pkg']
[0.589s] Level 1:colcon.colcon_core.package_identification:_identify(src/visualization/core/autoware_core/common) by extension 'colcon_pkg'
[0.589s] Level 1:colcon.colcon_core.package_identification:_identify(src/visualization/core/autoware_core/common) by extensions ['colcon_meta']
[0.589s] Level 1:colcon.colcon_core.package_identification:_identify(src/visualization/core/autoware_core/common) by extension 'colcon_meta'
[0.589s] Level 1:colcon.colcon_core.package_identification:_identify(src/visualization/core/autoware_core/common) by extensions ['ros']
[0.589s] Level 1:colcon.colcon_core.package_identification:_identify(src/visualization/core/autoware_core/common) by extension 'ros'
[0.589s] Level 1:colcon.colcon_core.package_identification:_identify(src/visualization/core/autoware_core/common) by extensions ['cmake', 'python']
[0.589s] Level 1:colcon.colcon_core.package_identification:_identify(src/visualization/core/autoware_core/common) by extension 'cmake'
[0.589s] Level 1:colcon.colcon_core.package_identification:_identify(src/visualization/core/autoware_core/common) by extension 'python'
[0.589s] Level 1:colcon.colcon_core.package_identification:_identify(src/visualization/core/autoware_core/common) by extensions ['python_setup_py']
[0.589s] Level 1:colcon.colcon_core.package_identification:_identify(src/visualization/core/autoware_core/common) by extension 'python_setup_py'
[0.589s] Level 1:colcon.colcon_core.package_identification:_identify(src/visualization/core/autoware_core/common/autoware_component_interface_specs) by extensions ['ignore', 'ignore_ament_install']
[0.589s] Level 1:colcon.colcon_core.package_identification:_identify(src/visualization/core/autoware_core/common/autoware_component_interface_specs) by extension 'ignore'
[0.589s] Level 1:colcon.colcon_core.package_identification:_identify(src/visualization/core/autoware_core/common/autoware_component_interface_specs) by extension 'ignore_ament_install'
[0.589s] Level 1:colcon.colcon_core.package_identification:_identify(src/visualization/core/autoware_core/common/autoware_component_interface_specs) by extensions ['colcon_pkg']
[0.589s] Level 1:colcon.colcon_core.package_identification:_identify(src/visualization/core/autoware_core/common/autoware_component_interface_specs) by extension 'colcon_pkg'
[0.589s] Level 1:colcon.colcon_core.package_identification:_identify(src/visualization/core/autoware_core/common/autoware_component_interface_specs) by extensions ['colcon_meta']
[0.589s] Level 1:colcon.colcon_core.package_identification:_identify(src/visualization/core/autoware_core/common/autoware_component_interface_specs) by extension 'colcon_meta'
[0.589s] Level 1:colcon.colcon_core.package_identification:_identify(src/visualization/core/autoware_core/common/autoware_component_interface_specs) by extensions ['ros']
[0.589s] Level 1:colcon.colcon_core.package_identification:_identify(src/visualization/core/autoware_core/common/autoware_component_interface_specs) by extension 'ros'
[0.591s] DEBUG:colcon.colcon_core.package_identification:Package 'src/visualization/core/autoware_core/common/autoware_component_interface_specs' with type 'ros.ament_cmake' and name 'autoware_component_interface_specs'
[0.591s] Level 1:colcon.colcon_core.package_identification:_identify(src/visualization/core/autoware_core/common/autoware_geography_utils) by extensions ['ignore', 'ignore_ament_install']
[0.591s] Level 1:colcon.colcon_core.package_identification:_identify(src/visualization/core/autoware_core/common/autoware_geography_utils) by extension 'ignore'
[0.591s] Level 1:colcon.colcon_core.package_identification:_identify(src/visualization/core/autoware_core/common/autoware_geography_utils) by extension 'ignore_ament_install'
[0.591s] Level 1:colcon.colcon_core.package_identification:_identify(src/visualization/core/autoware_core/common/autoware_geography_utils) by extensions ['colcon_pkg']
[0.591s] Level 1:colcon.colcon_core.package_identification:_identify(src/visualization/core/autoware_core/common/autoware_geography_utils) by extension 'colcon_pkg'
[0.591s] Level 1:colcon.colcon_core.package_identification:_identify(src/visualization/core/autoware_core/common/autoware_geography_utils) by extensions ['colcon_meta']
[0.591s] Level 1:colcon.colcon_core.package_identification:_identify(src/visualization/core/autoware_core/common/autoware_geography_utils) by extension 'colcon_meta'
[0.591s] Level 1:colcon.colcon_core.package_identification:_identify(src/visualization/core/autoware_core/common/autoware_geography_utils) by extensions ['ros']
[0.591s] Level 1:colcon.colcon_core.package_identification:_identify(src/visualization/core/autoware_core/common/autoware_geography_utils) by extension 'ros'
[0.593s] DEBUG:colcon.colcon_core.package_identification:Package 'src/visualization/core/autoware_core/common/autoware_geography_utils' with type 'ros.ament_cmake' and name 'autoware_geography_utils'
[0.593s] Level 1:colcon.colcon_core.package_identification:_identify(src/visualization/core/autoware_core/map) by extensions ['ignore', 'ignore_ament_install']
[0.593s] Level 1:colcon.colcon_core.package_identification:_identify(src/visualization/core/autoware_core/map) by extension 'ignore'
[0.593s] Level 1:colcon.colcon_core.package_identification:_identify(src/visualization/core/autoware_core/map) by extension 'ignore_ament_install'
[0.593s] Level 1:colcon.colcon_core.package_identification:_identify(src/visualization/core/autoware_core/map) by extensions ['colcon_pkg']
[0.593s] Level 1:colcon.colcon_core.package_identification:_identify(src/visualization/core/autoware_core/map) by extension 'colcon_pkg'
[0.593s] Level 1:colcon.colcon_core.package_identification:_identify(src/visualization/core/autoware_core/map) by extensions ['colcon_meta']
[0.593s] Level 1:colcon.colcon_core.package_identification:_identify(src/visualization/core/autoware_core/map) by extension 'colcon_meta'
[0.593s] Level 1:colcon.colcon_core.package_identification:_identify(src/visualization/core/autoware_core/map) by extensions ['ros']
[0.593s] Level 1:colcon.colcon_core.package_identification:_identify(src/visualization/core/autoware_core/map) by extension 'ros'
[0.593s] Level 1:colcon.colcon_core.package_identification:_identify(src/visualization/core/autoware_core/map) by extensions ['cmake', 'python']
[0.593s] Level 1:colcon.colcon_core.package_identification:_identify(src/visualization/core/autoware_core/map) by extension 'cmake'
[0.593s] Level 1:colcon.colcon_core.package_identification:_identify(src/visualization/core/autoware_core/map) by extension 'python'
[0.593s] Level 1:colcon.colcon_core.package_identification:_identify(src/visualization/core/autoware_core/map) by extensions ['python_setup_py']
[0.593s] Level 1:colcon.colcon_core.package_identification:_identify(src/visualization/core/autoware_core/map) by extension 'python_setup_py'
[0.594s] Level 1:colcon.colcon_core.package_identification:_identify(src/visualization/core/autoware_core/map/autoware_lanelet2_map_visualizer) by extensions ['ignore', 'ignore_ament_install']
[0.594s] Level 1:colcon.colcon_core.package_identification:_identify(src/visualization/core/autoware_core/map/autoware_lanelet2_map_visualizer) by extension 'ignore'
[0.594s] Level 1:colcon.colcon_core.package_identification:_identify(src/visualization/core/autoware_core/map/autoware_lanelet2_map_visualizer) by extension 'ignore_ament_install'
[0.594s] Level 1:colcon.colcon_core.package_identification:_identify(src/visualization/core/autoware_core/map/autoware_lanelet2_map_visualizer) by extensions ['colcon_pkg']
[0.594s] Level 1:colcon.colcon_core.package_identification:_identify(src/visualization/core/autoware_core/map/autoware_lanelet2_map_visualizer) by extension 'colcon_pkg'
[0.594s] Level 1:colcon.colcon_core.package_identification:_identify(src/visualization/core/autoware_core/map/autoware_lanelet2_map_visualizer) by extensions ['colcon_meta']
[0.594s] Level 1:colcon.colcon_core.package_identification:_identify(src/visualization/core/autoware_core/map/autoware_lanelet2_map_visualizer) by extension 'colcon_meta'
[0.594s] Level 1:colcon.colcon_core.package_identification:_identify(src/visualization/core/autoware_core/map/autoware_lanelet2_map_visualizer) by extensions ['ros']
[0.594s] Level 1:colcon.colcon_core.package_identification:_identify(src/visualization/core/autoware_core/map/autoware_lanelet2_map_visualizer) by extension 'ros'
[0.595s] DEBUG:colcon.colcon_core.package_identification:Package 'src/visualization/core/autoware_core/map/autoware_lanelet2_map_visualizer' with type 'ros.ament_cmake' and name 'autoware_lanelet2_map_visualizer'
[0.595s] Level 1:colcon.colcon_core.package_identification:_identify(src/visualization/core/autoware_core/map/autoware_map_loader) by extensions ['ignore', 'ignore_ament_install']
[0.595s] Level 1:colcon.colcon_core.package_identification:_identify(src/visualization/core/autoware_core/map/autoware_map_loader) by extension 'ignore'
[0.596s] Level 1:colcon.colcon_core.package_identification:_identify(src/visualization/core/autoware_core/map/autoware_map_loader) by extension 'ignore_ament_install'
[0.596s] Level 1:colcon.colcon_core.package_identification:_identify(src/visualization/core/autoware_core/map/autoware_map_loader) by extensions ['colcon_pkg']
[0.596s] Level 1:colcon.colcon_core.package_identification:_identify(src/visualization/core/autoware_core/map/autoware_map_loader) by extension 'colcon_pkg'
[0.596s] Level 1:colcon.colcon_core.package_identification:_identify(src/visualization/core/autoware_core/map/autoware_map_loader) by extensions ['colcon_meta']
[0.596s] Level 1:colcon.colcon_core.package_identification:_identify(src/visualization/core/autoware_core/map/autoware_map_loader) by extension 'colcon_meta'
[0.596s] Level 1:colcon.colcon_core.package_identification:_identify(src/visualization/core/autoware_core/map/autoware_map_loader) by extensions ['ros']
[0.596s] Level 1:colcon.colcon_core.package_identification:_identify(src/visualization/core/autoware_core/map/autoware_map_loader) by extension 'ros'
[0.597s] DEBUG:colcon.colcon_core.package_identification:Package 'src/visualization/core/autoware_core/map/autoware_map_loader' with type 'ros.ament_cmake' and name 'autoware_map_loader'
[0.598s] Level 1:colcon.colcon_core.package_identification:_identify(src/visualization/core/autoware_utils) by extensions ['ignore', 'ignore_ament_install']
[0.598s] Level 1:colcon.colcon_core.package_identification:_identify(src/visualization/core/autoware_utils) by extension 'ignore'
[0.598s] Level 1:colcon.colcon_core.package_identification:_identify(src/visualization/core/autoware_utils) by extension 'ignore_ament_install'
[0.598s] Level 1:colcon.colcon_core.package_identification:_identify(src/visualization/core/autoware_utils) by extensions ['colcon_pkg']
[0.598s] Level 1:colcon.colcon_core.package_identification:_identify(src/visualization/core/autoware_utils) by extension 'colcon_pkg'
[0.598s] Level 1:colcon.colcon_core.package_identification:_identify(src/visualization/core/autoware_utils) by extensions ['colcon_meta']
[0.598s] Level 1:colcon.colcon_core.package_identification:_identify(src/visualization/core/autoware_utils) by extension 'colcon_meta'
[0.598s] Level 1:colcon.colcon_core.package_identification:_identify(src/visualization/core/autoware_utils) by extensions ['ros']
[0.598s] Level 1:colcon.colcon_core.package_identification:_identify(src/visualization/core/autoware_utils) by extension 'ros'
[0.598s] Level 1:colcon.colcon_core.package_identification:_identify(src/visualization/core/autoware_utils) by extensions ['cmake', 'python']
[0.598s] Level 1:colcon.colcon_core.package_identification:_identify(src/visualization/core/autoware_utils) by extension 'cmake'
[0.598s] Level 1:colcon.colcon_core.package_identification:_identify(src/visualization/core/autoware_utils) by extension 'python'
[0.598s] Level 1:colcon.colcon_core.package_identification:_identify(src/visualization/core/autoware_utils) by extensions ['python_setup_py']
[0.598s] Level 1:colcon.colcon_core.package_identification:_identify(src/visualization/core/autoware_utils) by extension 'python_setup_py'
[0.598s] Level 1:colcon.colcon_core.package_identification:_identify(src/visualization/core/autoware_utils/autoware_utils) by extensions ['ignore', 'ignore_ament_install']
[0.598s] Level 1:colcon.colcon_core.package_identification:_identify(src/visualization/core/autoware_utils/autoware_utils) by extension 'ignore'
[0.599s] Level 1:colcon.colcon_core.package_identification:_identify(src/visualization/core/autoware_utils/autoware_utils) by extension 'ignore_ament_install'
[0.599s] Level 1:colcon.colcon_core.package_identification:_identify(src/visualization/core/autoware_utils/autoware_utils) by extensions ['colcon_pkg']
[0.599s] Level 1:colcon.colcon_core.package_identification:_identify(src/visualization/core/autoware_utils/autoware_utils) by extension 'colcon_pkg'
[0.599s] Level 1:colcon.colcon_core.package_identification:_identify(src/visualization/core/autoware_utils/autoware_utils) by extensions ['colcon_meta']
[0.599s] Level 1:colcon.colcon_core.package_identification:_identify(src/visualization/core/autoware_utils/autoware_utils) by extension 'colcon_meta'
[0.599s] Level 1:colcon.colcon_core.package_identification:_identify(src/visualization/core/autoware_utils/autoware_utils) by extensions ['ros']
[0.599s] Level 1:colcon.colcon_core.package_identification:_identify(src/visualization/core/autoware_utils/autoware_utils) by extension 'ros'
[0.601s] DEBUG:colcon.colcon_core.package_identification:Package 'src/visualization/core/autoware_utils/autoware_utils' with type 'ros.ament_cmake' and name 'autoware_utils'
[0.601s] Level 1:colcon.colcon_core.package_identification:_identify(src/visualization/core/autoware_utils/autoware_utils_debug) by extensions ['ignore', 'ignore_ament_install']
[0.601s] Level 1:colcon.colcon_core.package_identification:_identify(src/visualization/core/autoware_utils/autoware_utils_debug) by extension 'ignore'
[0.601s] Level 1:colcon.colcon_core.package_identification:_identify(src/visualization/core/autoware_utils/autoware_utils_debug) by extension 'ignore_ament_install'
[0.601s] Level 1:colcon.colcon_core.package_identification:_identify(src/visualization/core/autoware_utils/autoware_utils_debug) by extensions ['colcon_pkg']
[0.601s] Level 1:colcon.colcon_core.package_identification:_identify(src/visualization/core/autoware_utils/autoware_utils_debug) by extension 'colcon_pkg'
[0.601s] Level 1:colcon.colcon_core.package_identification:_identify(src/visualization/core/autoware_utils/autoware_utils_debug) by extensions ['colcon_meta']
[0.601s] Level 1:colcon.colcon_core.package_identification:_identify(src/visualization/core/autoware_utils/autoware_utils_debug) by extension 'colcon_meta'
[0.601s] Level 1:colcon.colcon_core.package_identification:_identify(src/visualization/core/autoware_utils/autoware_utils_debug) by extensions ['ros']
[0.601s] Level 1:colcon.colcon_core.package_identification:_identify(src/visualization/core/autoware_utils/autoware_utils_debug) by extension 'ros'
[0.603s] DEBUG:colcon.colcon_core.package_identification:Package 'src/visualization/core/autoware_utils/autoware_utils_debug' with type 'ros.ament_cmake' and name 'autoware_utils_debug'
[0.603s] Level 1:colcon.colcon_core.package_identification:_identify(src/visualization/core/autoware_utils/autoware_utils_diagnostics) by extensions ['ignore', 'ignore_ament_install']
[0.603s] Level 1:colcon.colcon_core.package_identification:_identify(src/visualization/core/autoware_utils/autoware_utils_diagnostics) by extension 'ignore'
[0.603s] Level 1:colcon.colcon_core.package_identification:_identify(src/visualization/core/autoware_utils/autoware_utils_diagnostics) by extension 'ignore_ament_install'
[0.603s] Level 1:colcon.colcon_core.package_identification:_identify(src/visualization/core/autoware_utils/autoware_utils_diagnostics) by extensions ['colcon_pkg']
[0.603s] Level 1:colcon.colcon_core.package_identification:_identify(src/visualization/core/autoware_utils/autoware_utils_diagnostics) by extension 'colcon_pkg'
[0.603s] Level 1:colcon.colcon_core.package_identification:_identify(src/visualization/core/autoware_utils/autoware_utils_diagnostics) by extensions ['colcon_meta']
[0.603s] Level 1:colcon.colcon_core.package_identification:_identify(src/visualization/core/autoware_utils/autoware_utils_diagnostics) by extension 'colcon_meta'
[0.603s] Level 1:colcon.colcon_core.package_identification:_identify(src/visualization/core/autoware_utils/autoware_utils_diagnostics) by extensions ['ros']
[0.603s] Level 1:colcon.colcon_core.package_identification:_identify(src/visualization/core/autoware_utils/autoware_utils_diagnostics) by extension 'ros'
[0.604s] DEBUG:colcon.colcon_core.package_identification:Package 'src/visualization/core/autoware_utils/autoware_utils_diagnostics' with type 'ros.ament_cmake' and name 'autoware_utils_diagnostics'
[0.604s] Level 1:colcon.colcon_core.package_identification:_identify(src/visualization/core/autoware_utils/autoware_utils_geometry) by extensions ['ignore', 'ignore_ament_install']
[0.604s] Level 1:colcon.colcon_core.package_identification:_identify(src/visualization/core/autoware_utils/autoware_utils_geometry) by extension 'ignore'
[0.604s] Level 1:colcon.colcon_core.package_identification:_identify(src/visualization/core/autoware_utils/autoware_utils_geometry) by extension 'ignore_ament_install'
[0.604s] Level 1:colcon.colcon_core.package_identification:_identify(src/visualization/core/autoware_utils/autoware_utils_geometry) by extensions ['colcon_pkg']
[0.604s] Level 1:colcon.colcon_core.package_identification:_identify(src/visualization/core/autoware_utils/autoware_utils_geometry) by extension 'colcon_pkg'
[0.604s] Level 1:colcon.colcon_core.package_identification:_identify(src/visualization/core/autoware_utils/autoware_utils_geometry) by extensions ['colcon_meta']
[0.604s] Level 1:colcon.colcon_core.package_identification:_identify(src/visualization/core/autoware_utils/autoware_utils_geometry) by extension 'colcon_meta'
[0.604s] Level 1:colcon.colcon_core.package_identification:_identify(src/visualization/core/autoware_utils/autoware_utils_geometry) by extensions ['ros']
[0.604s] Level 1:colcon.colcon_core.package_identification:_identify(src/visualization/core/autoware_utils/autoware_utils_geometry) by extension 'ros'
[0.606s] DEBUG:colcon.colcon_core.package_identification:Package 'src/visualization/core/autoware_utils/autoware_utils_geometry' with type 'ros.ament_cmake' and name 'autoware_utils_geometry'
[0.606s] Level 1:colcon.colcon_core.package_identification:_identify(src/visualization/core/autoware_utils/autoware_utils_logging) by extensions ['ignore', 'ignore_ament_install']
[0.606s] Level 1:colcon.colcon_core.package_identification:_identify(src/visualization/core/autoware_utils/autoware_utils_logging) by extension 'ignore'
[0.606s] Level 1:colcon.colcon_core.package_identification:_identify(src/visualization/core/autoware_utils/autoware_utils_logging) by extension 'ignore_ament_install'
[0.606s] Level 1:colcon.colcon_core.package_identification:_identify(src/visualization/core/autoware_utils/autoware_utils_logging) by extensions ['colcon_pkg']
[0.606s] Level 1:colcon.colcon_core.package_identification:_identify(src/visualization/core/autoware_utils/autoware_utils_logging) by extension 'colcon_pkg'
[0.606s] Level 1:colcon.colcon_core.package_identification:_identify(src/visualization/core/autoware_utils/autoware_utils_logging) by extensions ['colcon_meta']
[0.606s] Level 1:colcon.colcon_core.package_identification:_identify(src/visualization/core/autoware_utils/autoware_utils_logging) by extension 'colcon_meta'
[0.606s] Level 1:colcon.colcon_core.package_identification:_identify(src/visualization/core/autoware_utils/autoware_utils_logging) by extensions ['ros']
[0.606s] Level 1:colcon.colcon_core.package_identification:_identify(src/visualization/core/autoware_utils/autoware_utils_logging) by extension 'ros'
[0.607s] DEBUG:colcon.colcon_core.package_identification:Package 'src/visualization/core/autoware_utils/autoware_utils_logging' with type 'ros.ament_cmake' and name 'autoware_utils_logging'
[0.607s] Level 1:colcon.colcon_core.package_identification:_identify(src/visualization/core/autoware_utils/autoware_utils_math) by extensions ['ignore', 'ignore_ament_install']
[0.607s] Level 1:colcon.colcon_core.package_identification:_identify(src/visualization/core/autoware_utils/autoware_utils_math) by extension 'ignore'
[0.607s] Level 1:colcon.colcon_core.package_identification:_identify(src/visualization/core/autoware_utils/autoware_utils_math) by extension 'ignore_ament_install'
[0.607s] Level 1:colcon.colcon_core.package_identification:_identify(src/visualization/core/autoware_utils/autoware_utils_math) by extensions ['colcon_pkg']
[0.608s] Level 1:colcon.colcon_core.package_identification:_identify(src/visualization/core/autoware_utils/autoware_utils_math) by extension 'colcon_pkg'
[0.608s] Level 1:colcon.colcon_core.package_identification:_identify(src/visualization/core/autoware_utils/autoware_utils_math) by extensions ['colcon_meta']
[0.608s] Level 1:colcon.colcon_core.package_identification:_identify(src/visualization/core/autoware_utils/autoware_utils_math) by extension 'colcon_meta'
[0.608s] Level 1:colcon.colcon_core.package_identification:_identify(src/visualization/core/autoware_utils/autoware_utils_math) by extensions ['ros']
[0.608s] Level 1:colcon.colcon_core.package_identification:_identify(src/visualization/core/autoware_utils/autoware_utils_math) by extension 'ros'
[0.608s] DEBUG:colcon.colcon_core.package_identification:Package 'src/visualization/core/autoware_utils/autoware_utils_math' with type 'ros.ament_cmake' and name 'autoware_utils_math'
[0.608s] Level 1:colcon.colcon_core.package_identification:_identify(src/visualization/core/autoware_utils/autoware_utils_pcl) by extensions ['ignore', 'ignore_ament_install']
[0.609s] Level 1:colcon.colcon_core.package_identification:_identify(src/visualization/core/autoware_utils/autoware_utils_pcl) by extension 'ignore'
[0.609s] Level 1:colcon.colcon_core.package_identification:_identify(src/visualization/core/autoware_utils/autoware_utils_pcl) by extension 'ignore_ament_install'
[0.609s] Level 1:colcon.colcon_core.package_identification:_identify(src/visualization/core/autoware_utils/autoware_utils_pcl) by extensions ['colcon_pkg']
[0.609s] Level 1:colcon.colcon_core.package_identification:_identify(src/visualization/core/autoware_utils/autoware_utils_pcl) by extension 'colcon_pkg'
[0.609s] Level 1:colcon.colcon_core.package_identification:_identify(src/visualization/core/autoware_utils/autoware_utils_pcl) by extensions ['colcon_meta']
[0.609s] Level 1:colcon.colcon_core.package_identification:_identify(src/visualization/core/autoware_utils/autoware_utils_pcl) by extension 'colcon_meta'
[0.609s] Level 1:colcon.colcon_core.package_identification:_identify(src/visualization/core/autoware_utils/autoware_utils_pcl) by extensions ['ros']
[0.609s] Level 1:colcon.colcon_core.package_identification:_identify(src/visualization/core/autoware_utils/autoware_utils_pcl) by extension 'ros'
[0.610s] DEBUG:colcon.colcon_core.package_identification:Package 'src/visualization/core/autoware_utils/autoware_utils_pcl' with type 'ros.ament_cmake' and name 'autoware_utils_pcl'
[0.610s] Level 1:colcon.colcon_core.package_identification:_identify(src/visualization/core/autoware_utils/autoware_utils_rclcpp) by extensions ['ignore', 'ignore_ament_install']
[0.610s] Level 1:colcon.colcon_core.package_identification:_identify(src/visualization/core/autoware_utils/autoware_utils_rclcpp) by extension 'ignore'
[0.610s] Level 1:colcon.colcon_core.package_identification:_identify(src/visualization/core/autoware_utils/autoware_utils_rclcpp) by extension 'ignore_ament_install'
[0.610s] Level 1:colcon.colcon_core.package_identification:_identify(src/visualization/core/autoware_utils/autoware_utils_rclcpp) by extensions ['colcon_pkg']
[0.610s] Level 1:colcon.colcon_core.package_identification:_identify(src/visualization/core/autoware_utils/autoware_utils_rclcpp) by extension 'colcon_pkg'
[0.610s] Level 1:colcon.colcon_core.package_identification:_identify(src/visualization/core/autoware_utils/autoware_utils_rclcpp) by extensions ['colcon_meta']
[0.610s] Level 1:colcon.colcon_core.package_identification:_identify(src/visualization/core/autoware_utils/autoware_utils_rclcpp) by extension 'colcon_meta'
[0.610s] Level 1:colcon.colcon_core.package_identification:_identify(src/visualization/core/autoware_utils/autoware_utils_rclcpp) by extensions ['ros']
[0.610s] Level 1:colcon.colcon_core.package_identification:_identify(src/visualization/core/autoware_utils/autoware_utils_rclcpp) by extension 'ros'
[0.611s] DEBUG:colcon.colcon_core.package_identification:Package 'src/visualization/core/autoware_utils/autoware_utils_rclcpp' with type 'ros.ament_cmake' and name 'autoware_utils_rclcpp'
[0.611s] Level 1:colcon.colcon_core.package_identification:_identify(src/visualization/core/autoware_utils/autoware_utils_system) by extensions ['ignore', 'ignore_ament_install']
[0.611s] Level 1:colcon.colcon_core.package_identification:_identify(src/visualization/core/autoware_utils/autoware_utils_system) by extension 'ignore'
[0.611s] Level 1:colcon.colcon_core.package_identification:_identify(src/visualization/core/autoware_utils/autoware_utils_system) by extension 'ignore_ament_install'
[0.612s] Level 1:colcon.colcon_core.package_identification:_identify(src/visualization/core/autoware_utils/autoware_utils_system) by extensions ['colcon_pkg']
[0.612s] Level 1:colcon.colcon_core.package_identification:_identify(src/visualization/core/autoware_utils/autoware_utils_system) by extension 'colcon_pkg'
[0.612s] Level 1:colcon.colcon_core.package_identification:_identify(src/visualization/core/autoware_utils/autoware_utils_system) by extensions ['colcon_meta']
[0.612s] Level 1:colcon.colcon_core.package_identification:_identify(src/visualization/core/autoware_utils/autoware_utils_system) by extension 'colcon_meta'
[0.612s] Level 1:colcon.colcon_core.package_identification:_identify(src/visualization/core/autoware_utils/autoware_utils_system) by extensions ['ros']
[0.612s] Level 1:colcon.colcon_core.package_identification:_identify(src/visualization/core/autoware_utils/autoware_utils_system) by extension 'ros'
[0.612s] DEBUG:colcon.colcon_core.package_identification:Package 'src/visualization/core/autoware_utils/autoware_utils_system' with type 'ros.ament_cmake' and name 'autoware_utils_system'
[0.613s] Level 1:colcon.colcon_core.package_identification:_identify(src/visualization/core/autoware_utils/autoware_utils_tf) by extensions ['ignore', 'ignore_ament_install']
[0.613s] Level 1:colcon.colcon_core.package_identification:_identify(src/visualization/core/autoware_utils/autoware_utils_tf) by extension 'ignore'
[0.613s] Level 1:colcon.colcon_core.package_identification:_identify(src/visualization/core/autoware_utils/autoware_utils_tf) by extension 'ignore_ament_install'
[0.613s] Level 1:colcon.colcon_core.package_identification:_identify(src/visualization/core/autoware_utils/autoware_utils_tf) by extensions ['colcon_pkg']
[0.613s] Level 1:colcon.colcon_core.package_identification:_identify(src/visualization/core/autoware_utils/autoware_utils_tf) by extension 'colcon_pkg'
[0.613s] Level 1:colcon.colcon_core.package_identification:_identify(src/visualization/core/autoware_utils/autoware_utils_tf) by extensions ['colcon_meta']
[0.613s] Level 1:colcon.colcon_core.package_identification:_identify(src/visualization/core/autoware_utils/autoware_utils_tf) by extension 'colcon_meta'
[0.613s] Level 1:colcon.colcon_core.package_identification:_identify(src/visualization/core/autoware_utils/autoware_utils_tf) by extensions ['ros']
[0.613s] Level 1:colcon.colcon_core.package_identification:_identify(src/visualization/core/autoware_utils/autoware_utils_tf) by extension 'ros'
[0.614s] DEBUG:colcon.colcon_core.package_identification:Package 'src/visualization/core/autoware_utils/autoware_utils_tf' with type 'ros.ament_cmake' and name 'autoware_utils_tf'
[0.614s] Level 1:colcon.colcon_core.package_identification:_identify(src/visualization/core/autoware_utils/autoware_utils_uuid) by extensions ['ignore', 'ignore_ament_install']
[0.614s] Level 1:colcon.colcon_core.package_identification:_identify(src/visualization/core/autoware_utils/autoware_utils_uuid) by extension 'ignore'
[0.614s] Level 1:colcon.colcon_core.package_identification:_identify(src/visualization/core/autoware_utils/autoware_utils_uuid) by extension 'ignore_ament_install'
[0.614s] Level 1:colcon.colcon_core.package_identification:_identify(src/visualization/core/autoware_utils/autoware_utils_uuid) by extensions ['colcon_pkg']
[0.614s] Level 1:colcon.colcon_core.package_identification:_identify(src/visualization/core/autoware_utils/autoware_utils_uuid) by extension 'colcon_pkg'
[0.614s] Level 1:colcon.colcon_core.package_identification:_identify(src/visualization/core/autoware_utils/autoware_utils_uuid) by extensions ['colcon_meta']
[0.614s] Level 1:colcon.colcon_core.package_identification:_identify(src/visualization/core/autoware_utils/autoware_utils_uuid) by extension 'colcon_meta'
[0.614s] Level 1:colcon.colcon_core.package_identification:_identify(src/visualization/core/autoware_utils/autoware_utils_uuid) by extensions ['ros']
[0.614s] Level 1:colcon.colcon_core.package_identification:_identify(src/visualization/core/autoware_utils/autoware_utils_uuid) by extension 'ros'
[0.615s] DEBUG:colcon.colcon_core.package_identification:Package 'src/visualization/core/autoware_utils/autoware_utils_uuid' with type 'ros.ament_cmake' and name 'autoware_utils_uuid'
[0.615s] Level 1:colcon.colcon_core.package_identification:_identify(src/visualization/core/autoware_utils/autoware_utils_visualization) by extensions ['ignore', 'ignore_ament_install']
[0.615s] Level 1:colcon.colcon_core.package_identification:_identify(src/visualization/core/autoware_utils/autoware_utils_visualization) by extension 'ignore'
[0.616s] Level 1:colcon.colcon_core.package_identification:_identify(src/visualization/core/autoware_utils/autoware_utils_visualization) by extension 'ignore_ament_install'
[0.616s] Level 1:colcon.colcon_core.package_identification:_identify(src/visualization/core/autoware_utils/autoware_utils_visualization) by extensions ['colcon_pkg']
[0.616s] Level 1:colcon.colcon_core.package_identification:_identify(src/visualization/core/autoware_utils/autoware_utils_visualization) by extension 'colcon_pkg'
[0.616s] Level 1:colcon.colcon_core.package_identification:_identify(src/visualization/core/autoware_utils/autoware_utils_visualization) by extensions ['colcon_meta']
[0.616s] Level 1:colcon.colcon_core.package_identification:_identify(src/visualization/core/autoware_utils/autoware_utils_visualization) by extension 'colcon_meta'
[0.616s] Level 1:colcon.colcon_core.package_identification:_identify(src/visualization/core/autoware_utils/autoware_utils_visualization) by extensions ['ros']
[0.616s] Level 1:colcon.colcon_core.package_identification:_identify(src/visualization/core/autoware_utils/autoware_utils_visualization) by extension 'ros'
[0.617s] DEBUG:colcon.colcon_core.package_identification:Package 'src/visualization/core/autoware_utils/autoware_utils_visualization' with type 'ros.ament_cmake' and name 'autoware_utils_visualization'
[0.617s] Level 1:colcon.colcon_core.package_identification:_identify(src/visualization/simulator) by extensions ['ignore', 'ignore_ament_install']
[0.617s] Level 1:colcon.colcon_core.package_identification:_identify(src/visualization/simulator) by extension 'ignore'
[0.617s] Level 1:colcon.colcon_core.package_identification:_identify(src/visualization/simulator) by extension 'ignore_ament_install'
[0.617s] Level 1:colcon.colcon_core.package_identification:_identify(src/visualization/simulator) by extensions ['colcon_pkg']
[0.617s] Level 1:colcon.colcon_core.package_identification:_identify(src/visualization/simulator) by extension 'colcon_pkg'
[0.617s] Level 1:colcon.colcon_core.package_identification:_identify(src/visualization/simulator) by extensions ['colcon_meta']
[0.617s] Level 1:colcon.colcon_core.package_identification:_identify(src/visualization/simulator) by extension 'colcon_meta'
[0.617s] Level 1:colcon.colcon_core.package_identification:_identify(src/visualization/simulator) by extensions ['ros']
[0.617s] Level 1:colcon.colcon_core.package_identification:_identify(src/visualization/simulator) by extension 'ros'
[0.617s] Level 1:colcon.colcon_core.package_identification:_identify(src/visualization/simulator) by extensions ['cmake', 'python']
[0.617s] Level 1:colcon.colcon_core.package_identification:_identify(src/visualization/simulator) by extension 'cmake'
[0.617s] Level 1:colcon.colcon_core.package_identification:_identify(src/visualization/simulator) by extension 'python'
[0.617s] Level 1:colcon.colcon_core.package_identification:_identify(src/visualization/simulator) by extensions ['python_setup_py']
[0.617s] Level 1:colcon.colcon_core.package_identification:_identify(src/visualization/simulator) by extension 'python_setup_py'
[0.617s] Level 1:colcon.colcon_core.package_identification:_identify(src/visualization/simulator/autoware_adapi_msgs) by extensions ['ignore', 'ignore_ament_install']
[0.618s] Level 1:colcon.colcon_core.package_identification:_identify(src/visualization/simulator/autoware_adapi_msgs) by extension 'ignore'
[0.618s] Level 1:colcon.colcon_core.package_identification:_identify(src/visualization/simulator/autoware_adapi_msgs) by extension 'ignore_ament_install'
[0.618s] Level 1:colcon.colcon_core.package_identification:_identify(src/visualization/simulator/autoware_adapi_msgs) by extensions ['colcon_pkg']
[0.618s] Level 1:colcon.colcon_core.package_identification:_identify(src/visualization/simulator/autoware_adapi_msgs) by extension 'colcon_pkg'
[0.618s] Level 1:colcon.colcon_core.package_identification:_identify(src/visualization/simulator/autoware_adapi_msgs) by extensions ['colcon_meta']
[0.618s] Level 1:colcon.colcon_core.package_identification:_identify(src/visualization/simulator/autoware_adapi_msgs) by extension 'colcon_meta'
[0.618s] Level 1:colcon.colcon_core.package_identification:_identify(src/visualization/simulator/autoware_adapi_msgs) by extensions ['ros']
[0.618s] Level 1:colcon.colcon_core.package_identification:_identify(src/visualization/simulator/autoware_adapi_msgs) by extension 'ros'
[0.618s] Level 1:colcon.colcon_core.package_identification:_identify(src/visualization/simulator/autoware_adapi_msgs) by extensions ['cmake', 'python']
[0.618s] Level 1:colcon.colcon_core.package_identification:_identify(src/visualization/simulator/autoware_adapi_msgs) by extension 'cmake'
[0.618s] Level 1:colcon.colcon_core.package_identification:_identify(src/visualization/simulator/autoware_adapi_msgs) by extension 'python'
[0.618s] Level 1:colcon.colcon_core.package_identification:_identify(src/visualization/simulator/autoware_adapi_msgs) by extensions ['python_setup_py']
[0.618s] Level 1:colcon.colcon_core.package_identification:_identify(src/visualization/simulator/autoware_adapi_msgs) by extension 'python_setup_py'
[0.618s] Level 1:colcon.colcon_core.package_identification:_identify(src/visualization/simulator/autoware_adapi_msgs/autoware_adapi_v1_msgs) by extensions ['ignore', 'ignore_ament_install']
[0.618s] Level 1:colcon.colcon_core.package_identification:_identify(src/visualization/simulator/autoware_adapi_msgs/autoware_adapi_v1_msgs) by extension 'ignore'
[0.618s] Level 1:colcon.colcon_core.package_identification:_identify(src/visualization/simulator/autoware_adapi_msgs/autoware_adapi_v1_msgs) by extension 'ignore_ament_install'
[0.618s] Level 1:colcon.colcon_core.package_identification:_identify(src/visualization/simulator/autoware_adapi_msgs/autoware_adapi_v1_msgs) by extensions ['colcon_pkg']
[0.618s] Level 1:colcon.colcon_core.package_identification:_identify(src/visualization/simulator/autoware_adapi_msgs/autoware_adapi_v1_msgs) by extension 'colcon_pkg'
[0.618s] Level 1:colcon.colcon_core.package_identification:_identify(src/visualization/simulator/autoware_adapi_msgs/autoware_adapi_v1_msgs) by extensions ['colcon_meta']
[0.618s] Level 1:colcon.colcon_core.package_identification:_identify(src/visualization/simulator/autoware_adapi_msgs/autoware_adapi_v1_msgs) by extension 'colcon_meta'
[0.619s] Level 1:colcon.colcon_core.package_identification:_identify(src/visualization/simulator/autoware_adapi_msgs/autoware_adapi_v1_msgs) by extensions ['ros']
[0.619s] Level 1:colcon.colcon_core.package_identification:_identify(src/visualization/simulator/autoware_adapi_msgs/autoware_adapi_v1_msgs) by extension 'ros'
[0.620s] DEBUG:colcon.colcon_core.package_identification:Package 'src/visualization/simulator/autoware_adapi_msgs/autoware_adapi_v1_msgs' with type 'ros.ament_cmake' and name 'autoware_adapi_v1_msgs'
[0.620s] Level 1:colcon.colcon_core.package_identification:_identify(src/visualization/simulator/autoware_adapi_msgs/autoware_adapi_version_msgs) by extensions ['ignore', 'ignore_ament_install']
[0.620s] Level 1:colcon.colcon_core.package_identification:_identify(src/visualization/simulator/autoware_adapi_msgs/autoware_adapi_version_msgs) by extension 'ignore'
[0.620s] Level 1:colcon.colcon_core.package_identification:_identify(src/visualization/simulator/autoware_adapi_msgs/autoware_adapi_version_msgs) by extension 'ignore_ament_install'
[0.620s] Level 1:colcon.colcon_core.package_identification:_identify(src/visualization/simulator/autoware_adapi_msgs/autoware_adapi_version_msgs) by extensions ['colcon_pkg']
[0.620s] Level 1:colcon.colcon_core.package_identification:_identify(src/visualization/simulator/autoware_adapi_msgs/autoware_adapi_version_msgs) by extension 'colcon_pkg'
[0.620s] Level 1:colcon.colcon_core.package_identification:_identify(src/visualization/simulator/autoware_adapi_msgs/autoware_adapi_version_msgs) by extensions ['colcon_meta']
[0.620s] Level 1:colcon.colcon_core.package_identification:_identify(src/visualization/simulator/autoware_adapi_msgs/autoware_adapi_version_msgs) by extension 'colcon_meta'
[0.620s] Level 1:colcon.colcon_core.package_identification:_identify(src/visualization/simulator/autoware_adapi_msgs/autoware_adapi_version_msgs) by extensions ['ros']
[0.620s] Level 1:colcon.colcon_core.package_identification:_identify(src/visualization/simulator/autoware_adapi_msgs/autoware_adapi_version_msgs) by extension 'ros'
[0.621s] DEBUG:colcon.colcon_core.package_identification:Package 'src/visualization/simulator/autoware_adapi_msgs/autoware_adapi_version_msgs' with type 'ros.ament_cmake' and name 'autoware_adapi_version_msgs'
[0.621s] Level 1:colcon.colcon_core.package_identification:_identify(src/visualization/simulator/autoware_adapi_specs) by extensions ['ignore', 'ignore_ament_install']
[0.621s] Level 1:colcon.colcon_core.package_identification:_identify(src/visualization/simulator/autoware_adapi_specs) by extension 'ignore'
[0.621s] Level 1:colcon.colcon_core.package_identification:_identify(src/visualization/simulator/autoware_adapi_specs) by extension 'ignore_ament_install'
[0.621s] Level 1:colcon.colcon_core.package_identification:_identify(src/visualization/simulator/autoware_adapi_specs) by extensions ['colcon_pkg']
[0.621s] Level 1:colcon.colcon_core.package_identification:_identify(src/visualization/simulator/autoware_adapi_specs) by extension 'colcon_pkg'
[0.621s] Level 1:colcon.colcon_core.package_identification:_identify(src/visualization/simulator/autoware_adapi_specs) by extensions ['colcon_meta']
[0.622s] Level 1:colcon.colcon_core.package_identification:_identify(src/visualization/simulator/autoware_adapi_specs) by extension 'colcon_meta'
[0.622s] Level 1:colcon.colcon_core.package_identification:_identify(src/visualization/simulator/autoware_adapi_specs) by extensions ['ros']
[0.622s] Level 1:colcon.colcon_core.package_identification:_identify(src/visualization/simulator/autoware_adapi_specs) by extension 'ros'
[0.622s] DEBUG:colcon.colcon_core.package_identification:Package 'src/visualization/simulator/autoware_adapi_specs' with type 'ros.ament_cmake' and name 'autoware_adapi_specs'
[0.622s] Level 1:colcon.colcon_core.package_identification:_identify(src/visualization/simulator/autoware_component_interface_utils) by extensions ['ignore', 'ignore_ament_install']
[0.622s] Level 1:colcon.colcon_core.package_identification:_identify(src/visualization/simulator/autoware_component_interface_utils) by extension 'ignore'
[0.622s] Level 1:colcon.colcon_core.package_identification:_identify(src/visualization/simulator/autoware_component_interface_utils) by extension 'ignore_ament_install'
[0.623s] Level 1:colcon.colcon_core.package_identification:_identify(src/visualization/simulator/autoware_component_interface_utils) by extensions ['colcon_pkg']
[0.623s] Level 1:colcon.colcon_core.package_identification:_identify(src/visualization/simulator/autoware_component_interface_utils) by extension 'colcon_pkg'
[0.623s] Level 1:colcon.colcon_core.package_identification:_identify(src/visualization/simulator/autoware_component_interface_utils) by extensions ['colcon_meta']
[0.623s] Level 1:colcon.colcon_core.package_identification:_identify(src/visualization/simulator/autoware_component_interface_utils) by extension 'colcon_meta'
[0.623s] Level 1:colcon.colcon_core.package_identification:_identify(src/visualization/simulator/autoware_component_interface_utils) by extensions ['ros']
[0.623s] Level 1:colcon.colcon_core.package_identification:_identify(src/visualization/simulator/autoware_component_interface_utils) by extension 'ros'
[0.624s] DEBUG:colcon.colcon_core.package_identification:Package 'src/visualization/simulator/autoware_component_interface_utils' with type 'ros.ament_cmake' and name 'autoware_component_interface_utils'
[0.624s] Level 1:colcon.colcon_core.package_identification:_identify(src/visualization/simulator/autoware_interpolation) by extensions ['ignore', 'ignore_ament_install']
[0.624s] Level 1:colcon.colcon_core.package_identification:_identify(src/visualization/simulator/autoware_interpolation) by extension 'ignore'
[0.624s] Level 1:colcon.colcon_core.package_identification:_identify(src/visualization/simulator/autoware_interpolation) by extension 'ignore_ament_install'
[0.624s] Level 1:colcon.colcon_core.package_identification:_identify(src/visualization/simulator/autoware_interpolation) by extensions ['colcon_pkg']
[0.624s] Level 1:colcon.colcon_core.package_identification:_identify(src/visualization/simulator/autoware_interpolation) by extension 'colcon_pkg'
[0.624s] Level 1:colcon.colcon_core.package_identification:_identify(src/visualization/simulator/autoware_interpolation) by extensions ['colcon_meta']
[0.624s] Level 1:colcon.colcon_core.package_identification:_identify(src/visualization/simulator/autoware_interpolation) by extension 'colcon_meta'
[0.624s] Level 1:colcon.colcon_core.package_identification:_identify(src/visualization/simulator/autoware_interpolation) by extensions ['ros']
[0.624s] Level 1:colcon.colcon_core.package_identification:_identify(src/visualization/simulator/autoware_interpolation) by extension 'ros'
[0.625s] DEBUG:colcon.colcon_core.package_identification:Package 'src/visualization/simulator/autoware_interpolation' with type 'ros.ament_cmake' and name 'autoware_interpolation'
[0.625s] Level 1:colcon.colcon_core.package_identification:_identify(src/visualization/simulator/autoware_motion_utils) by extensions ['ignore', 'ignore_ament_install']
[0.625s] Level 1:colcon.colcon_core.package_identification:_identify(src/visualization/simulator/autoware_motion_utils) by extension 'ignore'
[0.625s] Level 1:colcon.colcon_core.package_identification:_identify(src/visualization/simulator/autoware_motion_utils) by extension 'ignore_ament_install'
[0.626s] Level 1:colcon.colcon_core.package_identification:_identify(src/visualization/simulator/autoware_motion_utils) by extensions ['colcon_pkg']
[0.626s] Level 1:colcon.colcon_core.package_identification:_identify(src/visualization/simulator/autoware_motion_utils) by extension 'colcon_pkg'
[0.626s] Level 1:colcon.colcon_core.package_identification:_identify(src/visualization/simulator/autoware_motion_utils) by extensions ['colcon_meta']
[0.626s] Level 1:colcon.colcon_core.package_identification:_identify(src/visualization/simulator/autoware_motion_utils) by extension 'colcon_meta'
[0.626s] Level 1:colcon.colcon_core.package_identification:_identify(src/visualization/simulator/autoware_motion_utils) by extensions ['ros']
[0.626s] Level 1:colcon.colcon_core.package_identification:_identify(src/visualization/simulator/autoware_motion_utils) by extension 'ros'
[0.628s] DEBUG:colcon.colcon_core.package_identification:Package 'src/visualization/simulator/autoware_motion_utils' with type 'ros.ament_cmake' and name 'autoware_motion_utils'
[0.628s] Level 1:colcon.colcon_core.package_identification:_identify(src/visualization/simulator/autoware_polar_grid) by extensions ['ignore', 'ignore_ament_install']
[0.628s] Level 1:colcon.colcon_core.package_identification:_identify(src/visualization/simulator/autoware_polar_grid) by extension 'ignore'
[0.628s] Level 1:colcon.colcon_core.package_identification:_identify(src/visualization/simulator/autoware_polar_grid) by extension 'ignore_ament_install'
[0.628s] Level 1:colcon.colcon_core.package_identification:_identify(src/visualization/simulator/autoware_polar_grid) by extensions ['colcon_pkg']
[0.628s] Level 1:colcon.colcon_core.package_identification:_identify(src/visualization/simulator/autoware_polar_grid) by extension 'colcon_pkg'
[0.628s] Level 1:colcon.colcon_core.package_identification:_identify(src/visualization/simulator/autoware_polar_grid) by extensions ['colcon_meta']
[0.628s] Level 1:colcon.colcon_core.package_identification:_identify(src/visualization/simulator/autoware_polar_grid) by extension 'colcon_meta'
[0.628s] Level 1:colcon.colcon_core.package_identification:_identify(src/visualization/simulator/autoware_polar_grid) by extensions ['ros']
[0.628s] Level 1:colcon.colcon_core.package_identification:_identify(src/visualization/simulator/autoware_polar_grid) by extension 'ros'
[0.629s] DEBUG:colcon.colcon_core.package_identification:Package 'src/visualization/simulator/autoware_polar_grid' with type 'ros.ament_cmake' and name 'autoware_polar_grid'
[0.629s] Level 1:colcon.colcon_core.package_identification:_identify(src/visualization/simulator/autoware_vehicle_info_utils) by extensions ['ignore', 'ignore_ament_install']
[0.629s] Level 1:colcon.colcon_core.package_identification:_identify(src/visualization/simulator/autoware_vehicle_info_utils) by extension 'ignore'
[0.630s] Level 1:colcon.colcon_core.package_identification:_identify(src/visualization/simulator/autoware_vehicle_info_utils) by extension 'ignore_ament_install'
[0.630s] Level 1:colcon.colcon_core.package_identification:_identify(src/visualization/simulator/autoware_vehicle_info_utils) by extensions ['colcon_pkg']
[0.630s] Level 1:colcon.colcon_core.package_identification:_identify(src/visualization/simulator/autoware_vehicle_info_utils) by extension 'colcon_pkg'
[0.630s] Level 1:colcon.colcon_core.package_identification:_identify(src/visualization/simulator/autoware_vehicle_info_utils) by extensions ['colcon_meta']
[0.630s] Level 1:colcon.colcon_core.package_identification:_identify(src/visualization/simulator/autoware_vehicle_info_utils) by extension 'colcon_meta'
[0.630s] Level 1:colcon.colcon_core.package_identification:_identify(src/visualization/simulator/autoware_vehicle_info_utils) by extensions ['ros']
[0.630s] Level 1:colcon.colcon_core.package_identification:_identify(src/visualization/simulator/autoware_vehicle_info_utils) by extension 'ros'
[0.631s] DEBUG:colcon.colcon_core.package_identification:Package 'src/visualization/simulator/autoware_vehicle_info_utils' with type 'ros.ament_cmake' and name 'autoware_vehicle_info_utils'
[0.631s] Level 1:colcon.colcon_core.package_identification:_identify(src/visualization/simulator/tier4_autoware_msgs) by extensions ['ignore', 'ignore_ament_install']
[0.631s] Level 1:colcon.colcon_core.package_identification:_identify(src/visualization/simulator/tier4_autoware_msgs) by extension 'ignore'
[0.631s] Level 1:colcon.colcon_core.package_identification:_identify(src/visualization/simulator/tier4_autoware_msgs) by extension 'ignore_ament_install'
[0.631s] Level 1:colcon.colcon_core.package_identification:_identify(src/visualization/simulator/tier4_autoware_msgs) by extensions ['colcon_pkg']
[0.631s] Level 1:colcon.colcon_core.package_identification:_identify(src/visualization/simulator/tier4_autoware_msgs) by extension 'colcon_pkg'
[0.631s] Level 1:colcon.colcon_core.package_identification:_identify(src/visualization/simulator/tier4_autoware_msgs) by extensions ['colcon_meta']
[0.631s] Level 1:colcon.colcon_core.package_identification:_identify(src/visualization/simulator/tier4_autoware_msgs) by extension 'colcon_meta'
[0.631s] Level 1:colcon.colcon_core.package_identification:_identify(src/visualization/simulator/tier4_autoware_msgs) by extensions ['ros']
[0.631s] Level 1:colcon.colcon_core.package_identification:_identify(src/visualization/simulator/tier4_autoware_msgs) by extension 'ros'
[0.631s] Level 1:colcon.colcon_core.package_identification:_identify(src/visualization/simulator/tier4_autoware_msgs) by extensions ['cmake', 'python']
[0.631s] Level 1:colcon.colcon_core.package_identification:_identify(src/visualization/simulator/tier4_autoware_msgs) by extension 'cmake'
[0.631s] Level 1:colcon.colcon_core.package_identification:_identify(src/visualization/simulator/tier4_autoware_msgs) by extension 'python'
[0.631s] Level 1:colcon.colcon_core.package_identification:_identify(src/visualization/simulator/tier4_autoware_msgs) by extensions ['python_setup_py']
[0.631s] Level 1:colcon.colcon_core.package_identification:_identify(src/visualization/simulator/tier4_autoware_msgs) by extension 'python_setup_py'
[0.631s] Level 1:colcon.colcon_core.package_identification:_identify(src/visualization/simulator/tier4_autoware_msgs/tier4_simulation_msgs) by extensions ['ignore', 'ignore_ament_install']
[0.632s] Level 1:colcon.colcon_core.package_identification:_identify(src/visualization/simulator/tier4_autoware_msgs/tier4_simulation_msgs) by extension 'ignore'
[0.632s] Level 1:colcon.colcon_core.package_identification:_identify(src/visualization/simulator/tier4_autoware_msgs/tier4_simulation_msgs) by extension 'ignore_ament_install'
[0.632s] Level 1:colcon.colcon_core.package_identification:_identify(src/visualization/simulator/tier4_autoware_msgs/tier4_simulation_msgs) by extensions ['colcon_pkg']
[0.632s] Level 1:colcon.colcon_core.package_identification:_identify(src/visualization/simulator/tier4_autoware_msgs/tier4_simulation_msgs) by extension 'colcon_pkg'
[0.632s] Level 1:colcon.colcon_core.package_identification:_identify(src/visualization/simulator/tier4_autoware_msgs/tier4_simulation_msgs) by extensions ['colcon_meta']
[0.632s] Level 1:colcon.colcon_core.package_identification:_identify(src/visualization/simulator/tier4_autoware_msgs/tier4_simulation_msgs) by extension 'colcon_meta'
[0.632s] Level 1:colcon.colcon_core.package_identification:_identify(src/visualization/simulator/tier4_autoware_msgs/tier4_simulation_msgs) by extensions ['ros']
[0.632s] Level 1:colcon.colcon_core.package_identification:_identify(src/visualization/simulator/tier4_autoware_msgs/tier4_simulation_msgs) by extension 'ros'
[0.633s] DEBUG:colcon.colcon_core.package_identification:Package 'src/visualization/simulator/tier4_autoware_msgs/tier4_simulation_msgs' with type 'ros.ament_cmake' and name 'tier4_simulation_msgs'
[0.633s] Level 1:colcon.colcon_core.package_identification:_identify(src/visualization/simulator/tier4_dummy_object_rviz_plugin) by extensions ['ignore', 'ignore_ament_install']
[0.633s] Level 1:colcon.colcon_core.package_identification:_identify(src/visualization/simulator/tier4_dummy_object_rviz_plugin) by extension 'ignore'
[0.633s] Level 1:colcon.colcon_core.package_identification:_identify(src/visualization/simulator/tier4_dummy_object_rviz_plugin) by extension 'ignore_ament_install'
[0.633s] Level 1:colcon.colcon_core.package_identification:_identify(src/visualization/simulator/tier4_dummy_object_rviz_plugin) by extensions ['colcon_pkg']
[0.633s] Level 1:colcon.colcon_core.package_identification:_identify(src/visualization/simulator/tier4_dummy_object_rviz_plugin) by extension 'colcon_pkg'
[0.634s] Level 1:colcon.colcon_core.package_identification:_identify(src/visualization/simulator/tier4_dummy_object_rviz_plugin) by extensions ['colcon_meta']
[0.634s] Level 1:colcon.colcon_core.package_identification:_identify(src/visualization/simulator/tier4_dummy_object_rviz_plugin) by extension 'colcon_meta'
[0.634s] Level 1:colcon.colcon_core.package_identification:_identify(src/visualization/simulator/tier4_dummy_object_rviz_plugin) by extensions ['ros']
[0.634s] Level 1:colcon.colcon_core.package_identification:_identify(src/visualization/simulator/tier4_dummy_object_rviz_plugin) by extension 'ros'
[0.635s] DEBUG:colcon.colcon_core.package_identification:Package 'src/visualization/simulator/tier4_dummy_object_rviz_plugin' with type 'ros.ament_cmake' and name 'tier4_dummy_object_rviz_plugin'
[0.635s] Level 1:colcon.colcon_core.package_identification:_identify(src/visualization/simulator/tier4_external_api_msgs) by extensions ['ignore', 'ignore_ament_install']
[0.635s] Level 1:colcon.colcon_core.package_identification:_identify(src/visualization/simulator/tier4_external_api_msgs) by extension 'ignore'
[0.635s] Level 1:colcon.colcon_core.package_identification:_identify(src/visualization/simulator/tier4_external_api_msgs) by extension 'ignore_ament_install'
[0.635s] Level 1:colcon.colcon_core.package_identification:_identify(src/visualization/simulator/tier4_external_api_msgs) by extensions ['colcon_pkg']
[0.635s] Level 1:colcon.colcon_core.package_identification:_identify(src/visualization/simulator/tier4_external_api_msgs) by extension 'colcon_pkg'
[0.635s] Level 1:colcon.colcon_core.package_identification:_identify(src/visualization/simulator/tier4_external_api_msgs) by extensions ['colcon_meta']
[0.635s] Level 1:colcon.colcon_core.package_identification:_identify(src/visualization/simulator/tier4_external_api_msgs) by extension 'colcon_meta'
[0.635s] Level 1:colcon.colcon_core.package_identification:_identify(src/visualization/simulator/tier4_external_api_msgs) by extensions ['ros']
[0.636s] Level 1:colcon.colcon_core.package_identification:_identify(src/visualization/simulator/tier4_external_api_msgs) by extension 'ros'
[0.636s] DEBUG:colcon.colcon_core.package_identification:Package 'src/visualization/simulator/tier4_external_api_msgs' with type 'ros.ament_cmake' and name 'tier4_external_api_msgs'
[0.636s] Level 1:colcon.colcon_core.package_identification:_identify(src/visualization/simulator/tier4_system_msgs) by extensions ['ignore', 'ignore_ament_install']
[0.637s] Level 1:colcon.colcon_core.package_identification:_identify(src/visualization/simulator/tier4_system_msgs) by extension 'ignore'
[0.637s] Level 1:colcon.colcon_core.package_identification:_identify(src/visualization/simulator/tier4_system_msgs) by extension 'ignore_ament_install'
[0.637s] Level 1:colcon.colcon_core.package_identification:_identify(src/visualization/simulator/tier4_system_msgs) by extensions ['colcon_pkg']
[0.637s] Level 1:colcon.colcon_core.package_identification:_identify(src/visualization/simulator/tier4_system_msgs) by extension 'colcon_pkg'
[0.637s] Level 1:colcon.colcon_core.package_identification:_identify(src/visualization/simulator/tier4_system_msgs) by extensions ['colcon_meta']
[0.637s] Level 1:colcon.colcon_core.package_identification:_identify(src/visualization/simulator/tier4_system_msgs) by extension 'colcon_meta'
[0.637s] Level 1:colcon.colcon_core.package_identification:_identify(src/visualization/simulator/tier4_system_msgs) by extensions ['ros']
[0.637s] Level 1:colcon.colcon_core.package_identification:_identify(src/visualization/simulator/tier4_system_msgs) by extension 'ros'
[0.638s] DEBUG:colcon.colcon_core.package_identification:Package 'src/visualization/simulator/tier4_system_msgs' with type 'ros.ament_cmake' and name 'tier4_system_msgs'
[0.638s] Level 1:colcon.colcon_core.package_discovery:discover_packages(recursive) using defaults
[0.638s] Level 1:colcon.colcon_core.package_discovery:discover_packages(ignore) discover
[0.638s] Level 1:colcon.colcon_core.package_discovery:discover_packages(ignore) using defaults
[0.638s] Level 1:colcon.colcon_core.package_discovery:discover_packages(path) discover
[0.638s] Level 1:colcon.colcon_core.package_discovery:discover_packages(path) using defaults
[0.710s] Level 1:colcon.colcon_core.package_discovery:discover_packages(prefix_path) check parameters
[0.710s] Level 1:colcon.colcon_core.package_discovery:discover_packages(prefix_path) discover
[0.716s] DEBUG:colcon.colcon_installed_package_information.package_discovery:Found 72 installed packages in /workspace/simpleav/20251204/install
[0.718s] DEBUG:colcon.colcon_installed_package_information.package_discovery:Found 356 installed packages in /opt/ros/humble
[0.720s] Level 1:colcon.colcon_core.package_discovery:discover_packages(prefix_path) using defaults
[0.773s] Level 5:colcon.colcon_core.verb:set package 'autoware_adapi_v1_msgs' build argument 'cmake_args' from command line to 'None'
[0.773s] Level 5:colcon.colcon_core.verb:set package 'autoware_adapi_v1_msgs' build argument 'cmake_target' from command line to 'None'
[0.773s] Level 5:colcon.colcon_core.verb:set package 'autoware_adapi_v1_msgs' build argument 'cmake_target_skip_unavailable' from command line to 'False'
[0.773s] Level 5:colcon.colcon_core.verb:set package 'autoware_adapi_v1_msgs' build argument 'cmake_clean_cache' from command line to 'False'
[0.773s] Level 5:colcon.colcon_core.verb:set package 'autoware_adapi_v1_msgs' build argument 'cmake_clean_first' from command line to 'False'
[0.773s] Level 5:colcon.colcon_core.verb:set package 'autoware_adapi_v1_msgs' build argument 'cmake_force_configure' from command line to 'False'
[0.773s] Level 5:colcon.colcon_core.verb:set package 'autoware_adapi_v1_msgs' build argument 'ament_cmake_args' from command line to 'None'
[0.773s] Level 5:colcon.colcon_core.verb:set package 'autoware_adapi_v1_msgs' build argument 'catkin_cmake_args' from command line to 'None'
[0.773s] Level 5:colcon.colcon_core.verb:set package 'autoware_adapi_v1_msgs' build argument 'catkin_skip_building_tests' from command line to 'False'
[0.773s] DEBUG:colcon.colcon_core.verb:Building package 'autoware_adapi_v1_msgs' with the following arguments: {'ament_cmake_args': None, 'build_base': '/workspace/simpleav/20251204/src/simple_av/build/autoware_adapi_v1_msgs', 'catkin_cmake_args': None, 'catkin_skip_building_tests': False, 'cmake_args': None, 'cmake_clean_cache': False, 'cmake_clean_first': False, 'cmake_force_configure': False, 'cmake_target': None, 'cmake_target_skip_unavailable': False, 'install_base': '/workspace/simpleav/20251204/src/simple_av/install/autoware_adapi_v1_msgs', 'merge_install': False, 'path': '/workspace/simpleav/20251204/src/simple_av/src/visualization/simulator/autoware_adapi_msgs/autoware_adapi_v1_msgs', 'symlink_install': True, 'test_result_base': None}
[0.773s] Level 5:colcon.colcon_core.verb:set package 'autoware_adapi_version_msgs' build argument 'cmake_args' from command line to 'None'
[0.773s] Level 5:colcon.colcon_core.verb:set package 'autoware_adapi_version_msgs' build argument 'cmake_target' from command line to 'None'
[0.773s] Level 5:colcon.colcon_core.verb:set package 'autoware_adapi_version_msgs' build argument 'cmake_target_skip_unavailable' from command line to 'False'
[0.773s] Level 5:colcon.colcon_core.verb:set package 'autoware_adapi_version_msgs' build argument 'cmake_clean_cache' from command line to 'False'
[0.773s] Level 5:colcon.colcon_core.verb:set package 'autoware_adapi_version_msgs' build argument 'cmake_clean_first' from command line to 'False'
[0.773s] Level 5:colcon.colcon_core.verb:set package 'autoware_adapi_version_msgs' build argument 'cmake_force_configure' from command line to 'False'
[0.774s] Level 5:colcon.colcon_core.verb:set package 'autoware_adapi_version_msgs' build argument 'ament_cmake_args' from command line to 'None'
[0.774s] Level 5:colcon.colcon_core.verb:set package 'autoware_adapi_version_msgs' build argument 'catkin_cmake_args' from command line to 'None'
[0.774s] Level 5:colcon.colcon_core.verb:set package 'autoware_adapi_version_msgs' build argument 'catkin_skip_building_tests' from command line to 'False'
[0.774s] DEBUG:colcon.colcon_core.verb:Building package 'autoware_adapi_version_msgs' with the following arguments: {'ament_cmake_args': None, 'build_base': '/workspace/simpleav/20251204/src/simple_av/build/autoware_adapi_version_msgs', 'catkin_cmake_args': None, 'catkin_skip_building_tests': False, 'cmake_args': None, 'cmake_clean_cache': False, 'cmake_clean_first': False, 'cmake_force_configure': False, 'cmake_target': None, 'cmake_target_skip_unavailable': False, 'install_base': '/workspace/simpleav/20251204/src/simple_av/install/autoware_adapi_version_msgs', 'merge_install': False, 'path': '/workspace/simpleav/20251204/src/simple_av/src/visualization/simulator/autoware_adapi_msgs/autoware_adapi_version_msgs', 'symlink_install': True, 'test_result_base': None}
[0.774s] Level 5:colcon.colcon_core.verb:set package 'autoware_common_msgs' build argument 'cmake_args' from command line to 'None'
[0.774s] Level 5:colcon.colcon_core.verb:set package 'autoware_common_msgs' build argument 'cmake_target' from command line to 'None'
[0.774s] Level 5:colcon.colcon_core.verb:set package 'autoware_common_msgs' build argument 'cmake_target_skip_unavailable' from command line to 'False'
[0.774s] Level 5:colcon.colcon_core.verb:set package 'autoware_common_msgs' build argument 'cmake_clean_cache' from command line to 'False'
[0.774s] Level 5:colcon.colcon_core.verb:set package 'autoware_common_msgs' build argument 'cmake_clean_first' from command line to 'False'
[0.774s] Level 5:colcon.colcon_core.verb:set package 'autoware_common_msgs' build argument 'cmake_force_configure' from command line to 'False'
[0.774s] Level 5:colcon.colcon_core.verb:set package 'autoware_common_msgs' build argument 'ament_cmake_args' from command line to 'None'
[0.774s] Level 5:colcon.colcon_core.verb:set package 'autoware_common_msgs' build argument 'catkin_cmake_args' from command line to 'None'
[0.774s] Level 5:colcon.colcon_core.verb:set package 'autoware_common_msgs' build argument 'catkin_skip_building_tests' from command line to 'False'
[0.774s] DEBUG:colcon.colcon_core.verb:Building package 'autoware_common_msgs' with the following arguments: {'ament_cmake_args': None, 'build_base': '/workspace/simpleav/20251204/src/simple_av/build/autoware_common_msgs', 'catkin_cmake_args': None, 'catkin_skip_building_tests': False, 'cmake_args': None, 'cmake_clean_cache': False, 'cmake_clean_first': False, 'cmake_force_configure': False, 'cmake_target': None, 'cmake_target_skip_unavailable': False, 'install_base': '/workspace/simpleav/20251204/src/simple_av/install/autoware_common_msgs', 'merge_install': False, 'path': '/workspace/simpleav/20251204/src/simple_av/src/messages/autoware_msgs/autoware_common_msgs', 'symlink_install': True, 'test_result_base': None}
[0.775s] Level 5:colcon.colcon_core.verb:set package 'autoware_control_msgs' build argument 'cmake_args' from command line to 'None'
[0.775s] Level 5:colcon.colcon_core.verb:set package 'autoware_control_msgs' build argument 'cmake_target' from command line to 'None'
[0.775s] Level 5:colcon.colcon_core.verb:set package 'autoware_control_msgs' build argument 'cmake_target_skip_unavailable' from command line to 'False'
[0.775s] Level 5:colcon.colcon_core.verb:set package 'autoware_control_msgs' build argument 'cmake_clean_cache' from command line to 'False'
[0.775s] Level 5:colcon.colcon_core.verb:set package 'autoware_control_msgs' build argument 'cmake_clean_first' from command line to 'False'
[0.775s] Level 5:colcon.colcon_core.verb:set package 'autoware_control_msgs' build argument 'cmake_force_configure' from command line to 'False'
[0.775s] Level 5:colcon.colcon_core.verb:set package 'autoware_control_msgs' build argument 'ament_cmake_args' from command line to 'None'
[0.775s] Level 5:colcon.colcon_core.verb:set package 'autoware_control_msgs' build argument 'catkin_cmake_args' from command line to 'None'
[0.775s] Level 5:colcon.colcon_core.verb:set package 'autoware_control_msgs' build argument 'catkin_skip_building_tests' from command line to 'False'
[0.775s] DEBUG:colcon.colcon_core.verb:Building package 'autoware_control_msgs' with the following arguments: {'ament_cmake_args': None, 'build_base': '/workspace/simpleav/20251204/src/simple_av/build/autoware_control_msgs', 'catkin_cmake_args': None, 'catkin_skip_building_tests': False, 'cmake_args': None, 'cmake_clean_cache': False, 'cmake_clean_first': False, 'cmake_force_configure': False, 'cmake_target': None, 'cmake_target_skip_unavailable': False, 'install_base': '/workspace/simpleav/20251204/src/simple_av/install/autoware_control_msgs', 'merge_install': False, 'path': '/workspace/simpleav/20251204/src/simple_av/src/messages/autoware_msgs/autoware_control_msgs', 'symlink_install': True, 'test_result_base': None}
[0.775s] Level 5:colcon.colcon_core.verb:set package 'autoware_internal_debug_msgs' build argument 'cmake_args' from command line to 'None'
[0.775s] Level 5:colcon.colcon_core.verb:set package 'autoware_internal_debug_msgs' build argument 'cmake_target' from command line to 'None'
[0.775s] Level 5:colcon.colcon_core.verb:set package 'autoware_internal_debug_msgs' build argument 'cmake_target_skip_unavailable' from command line to 'False'
[0.775s] Level 5:colcon.colcon_core.verb:set package 'autoware_internal_debug_msgs' build argument 'cmake_clean_cache' from command line to 'False'
[0.775s] Level 5:colcon.colcon_core.verb:set package 'autoware_internal_debug_msgs' build argument 'cmake_clean_first' from command line to 'False'
[0.775s] Level 5:colcon.colcon_core.verb:set package 'autoware_internal_debug_msgs' build argument 'cmake_force_configure' from command line to 'False'
[0.775s] Level 5:colcon.colcon_core.verb:set package 'autoware_internal_debug_msgs' build argument 'ament_cmake_args' from command line to 'None'
[0.775s] Level 5:colcon.colcon_core.verb:set package 'autoware_internal_debug_msgs' build argument 'catkin_cmake_args' from command line to 'None'
[0.775s] Level 5:colcon.colcon_core.verb:set package 'autoware_internal_debug_msgs' build argument 'catkin_skip_building_tests' from command line to 'False'
[0.775s] DEBUG:colcon.colcon_core.verb:Building package 'autoware_internal_debug_msgs' with the following arguments: {'ament_cmake_args': None, 'build_base': '/workspace/simpleav/20251204/src/simple_av/build/autoware_internal_debug_msgs', 'catkin_cmake_args': None, 'catkin_skip_building_tests': False, 'cmake_args': None, 'cmake_clean_cache': False, 'cmake_clean_first': False, 'cmake_force_configure': False, 'cmake_target': None, 'cmake_target_skip_unavailable': False, 'install_base': '/workspace/simpleav/20251204/src/simple_av/install/autoware_internal_debug_msgs', 'merge_install': False, 'path': '/workspace/simpleav/20251204/src/simple_av/src/visualization/autoware_internal_msgs/autoware_internal_debug_msgs', 'symlink_install': True, 'test_result_base': None}
[0.776s] Level 5:colcon.colcon_core.verb:set package 'autoware_internal_metric_msgs' build argument 'cmake_args' from command line to 'None'
[0.776s] Level 5:colcon.colcon_core.verb:set package 'autoware_internal_metric_msgs' build argument 'cmake_target' from command line to 'None'
[0.776s] Level 5:colcon.colcon_core.verb:set package 'autoware_internal_metric_msgs' build argument 'cmake_target_skip_unavailable' from command line to 'False'
[0.776s] Level 5:colcon.colcon_core.verb:set package 'autoware_internal_metric_msgs' build argument 'cmake_clean_cache' from command line to 'False'
[0.776s] Level 5:colcon.colcon_core.verb:set package 'autoware_internal_metric_msgs' build argument 'cmake_clean_first' from command line to 'False'
[0.776s] Level 5:colcon.colcon_core.verb:set package 'autoware_internal_metric_msgs' build argument 'cmake_force_configure' from command line to 'False'
[0.776s] Level 5:colcon.colcon_core.verb:set package 'autoware_internal_metric_msgs' build argument 'ament_cmake_args' from command line to 'None'
[0.776s] Level 5:colcon.colcon_core.verb:set package 'autoware_internal_metric_msgs' build argument 'catkin_cmake_args' from command line to 'None'
[0.776s] Level 5:colcon.colcon_core.verb:set package 'autoware_internal_metric_msgs' build argument 'catkin_skip_building_tests' from command line to 'False'
[0.776s] DEBUG:colcon.colcon_core.verb:Building package 'autoware_internal_metric_msgs' with the following arguments: {'ament_cmake_args': None, 'build_base': '/workspace/simpleav/20251204/src/simple_av/build/autoware_internal_metric_msgs', 'catkin_cmake_args': None, 'catkin_skip_building_tests': False, 'cmake_args': None, 'cmake_clean_cache': False, 'cmake_clean_first': False, 'cmake_force_configure': False, 'cmake_target': None, 'cmake_target_skip_unavailable': False, 'install_base': '/workspace/simpleav/20251204/src/simple_av/install/autoware_internal_metric_msgs', 'merge_install': False, 'path': '/workspace/simpleav/20251204/src/simple_av/src/visualization/autoware_internal_msgs/autoware_internal_metric_msgs', 'symlink_install': True, 'test_result_base': None}
[0.776s] Level 5:colcon.colcon_core.verb:set package 'autoware_lint_common' build argument 'cmake_args' from command line to 'None'
[0.776s] Level 5:colcon.colcon_core.verb:set package 'autoware_lint_common' build argument 'cmake_target' from command line to 'None'
[0.776s] Level 5:colcon.colcon_core.verb:set package 'autoware_lint_common' build argument 'cmake_target_skip_unavailable' from command line to 'False'
[0.776s] Level 5:colcon.colcon_core.verb:set package 'autoware_lint_common' build argument 'cmake_clean_cache' from command line to 'False'
[0.776s] Level 5:colcon.colcon_core.verb:set package 'autoware_lint_common' build argument 'cmake_clean_first' from command line to 'False'
[0.776s] Level 5:colcon.colcon_core.verb:set package 'autoware_lint_common' build argument 'cmake_force_configure' from command line to 'False'
[0.776s] Level 5:colcon.colcon_core.verb:set package 'autoware_lint_common' build argument 'ament_cmake_args' from command line to 'None'
[0.777s] Level 5:colcon.colcon_core.verb:set package 'autoware_lint_common' build argument 'catkin_cmake_args' from command line to 'None'
[0.777s] Level 5:colcon.colcon_core.verb:set package 'autoware_lint_common' build argument 'catkin_skip_building_tests' from command line to 'False'
[0.777s] DEBUG:colcon.colcon_core.verb:Building package 'autoware_lint_common' with the following arguments: {'ament_cmake_args': None, 'build_base': '/workspace/simpleav/20251204/src/simple_av/build/autoware_lint_common', 'catkin_cmake_args': None, 'catkin_skip_building_tests': False, 'cmake_args': None, 'cmake_clean_cache': False, 'cmake_clean_first': False, 'cmake_force_configure': False, 'cmake_target': None, 'cmake_target_skip_unavailable': False, 'install_base': '/workspace/simpleav/20251204/src/simple_av/install/autoware_lint_common', 'merge_install': False, 'path': '/workspace/simpleav/20251204/src/simple_av/src/visualization/autoware_cmake/autoware_lint_common', 'symlink_install': True, 'test_result_base': None}
[0.777s] Level 5:colcon.colcon_core.verb:set package 'autoware_localization_msgs' build argument 'cmake_args' from command line to 'None'
[0.777s] Level 5:colcon.colcon_core.verb:set package 'autoware_localization_msgs' build argument 'cmake_target' from command line to 'None'
[0.777s] Level 5:colcon.colcon_core.verb:set package 'autoware_localization_msgs' build argument 'cmake_target_skip_unavailable' from command line to 'False'
[0.777s] Level 5:colcon.colcon_core.verb:set package 'autoware_localization_msgs' build argument 'cmake_clean_cache' from command line to 'False'
[0.777s] Level 5:colcon.colcon_core.verb:set package 'autoware_localization_msgs' build argument 'cmake_clean_first' from command line to 'False'
[0.777s] Level 5:colcon.colcon_core.verb:set package 'autoware_localization_msgs' build argument 'cmake_force_configure' from command line to 'False'
[0.777s] Level 5:colcon.colcon_core.verb:set package 'autoware_localization_msgs' build argument 'ament_cmake_args' from command line to 'None'
[0.777s] Level 5:colcon.colcon_core.verb:set package 'autoware_localization_msgs' build argument 'catkin_cmake_args' from command line to 'None'
[0.777s] Level 5:colcon.colcon_core.verb:set package 'autoware_localization_msgs' build argument 'catkin_skip_building_tests' from command line to 'False'
[0.777s] DEBUG:colcon.colcon_core.verb:Building package 'autoware_localization_msgs' with the following arguments: {'ament_cmake_args': None, 'build_base': '/workspace/simpleav/20251204/src/simple_av/build/autoware_localization_msgs', 'catkin_cmake_args': None, 'catkin_skip_building_tests': False, 'cmake_args': None, 'cmake_clean_cache': False, 'cmake_clean_first': False, 'cmake_force_configure': False, 'cmake_target': None, 'cmake_target_skip_unavailable': False, 'install_base': '/workspace/simpleav/20251204/src/simple_av/install/autoware_localization_msgs', 'merge_install': False, 'path': '/workspace/simpleav/20251204/src/simple_av/src/messages/autoware_msgs/autoware_localization_msgs', 'symlink_install': True, 'test_result_base': None}
[0.778s] Level 5:colcon.colcon_core.verb:set package 'autoware_map_msgs' build argument 'cmake_args' from command line to 'None'
[0.778s] Level 5:colcon.colcon_core.verb:set package 'autoware_map_msgs' build argument 'cmake_target' from command line to 'None'
[0.778s] Level 5:colcon.colcon_core.verb:set package 'autoware_map_msgs' build argument 'cmake_target_skip_unavailable' from command line to 'False'
[0.778s] Level 5:colcon.colcon_core.verb:set package 'autoware_map_msgs' build argument 'cmake_clean_cache' from command line to 'False'
[0.778s] Level 5:colcon.colcon_core.verb:set package 'autoware_map_msgs' build argument 'cmake_clean_first' from command line to 'False'
[0.778s] Level 5:colcon.colcon_core.verb:set package 'autoware_map_msgs' build argument 'cmake_force_configure' from command line to 'False'
[0.778s] Level 5:colcon.colcon_core.verb:set package 'autoware_map_msgs' build argument 'ament_cmake_args' from command line to 'None'
[0.778s] Level 5:colcon.colcon_core.verb:set package 'autoware_map_msgs' build argument 'catkin_cmake_args' from command line to 'None'
[0.778s] Level 5:colcon.colcon_core.verb:set package 'autoware_map_msgs' build argument 'catkin_skip_building_tests' from command line to 'False'
[0.778s] DEBUG:colcon.colcon_core.verb:Building package 'autoware_map_msgs' with the following arguments: {'ament_cmake_args': None, 'build_base': '/workspace/simpleav/20251204/src/simple_av/build/autoware_map_msgs', 'catkin_cmake_args': None, 'catkin_skip_building_tests': False, 'cmake_args': None, 'cmake_clean_cache': False, 'cmake_clean_first': False, 'cmake_force_configure': False, 'cmake_target': None, 'cmake_target_skip_unavailable': False, 'install_base': '/workspace/simpleav/20251204/src/simple_av/install/autoware_map_msgs', 'merge_install': False, 'path': '/workspace/simpleav/20251204/src/simple_av/src/messages/autoware_msgs/autoware_map_msgs', 'symlink_install': True, 'test_result_base': None}
[0.778s] Level 5:colcon.colcon_core.verb:set package 'autoware_perception_msgs' build argument 'cmake_args' from command line to 'None'
[0.778s] Level 5:colcon.colcon_core.verb:set package 'autoware_perception_msgs' build argument 'cmake_target' from command line to 'None'
[0.778s] Level 5:colcon.colcon_core.verb:set package 'autoware_perception_msgs' build argument 'cmake_target_skip_unavailable' from command line to 'False'
[0.778s] Level 5:colcon.colcon_core.verb:set package 'autoware_perception_msgs' build argument 'cmake_clean_cache' from command line to 'False'
[0.778s] Level 5:colcon.colcon_core.verb:set package 'autoware_perception_msgs' build argument 'cmake_clean_first' from command line to 'False'
[0.778s] Level 5:colcon.colcon_core.verb:set package 'autoware_perception_msgs' build argument 'cmake_force_configure' from command line to 'False'
[0.778s] Level 5:colcon.colcon_core.verb:set package 'autoware_perception_msgs' build argument 'ament_cmake_args' from command line to 'None'
[0.778s] Level 5:colcon.colcon_core.verb:set package 'autoware_perception_msgs' build argument 'catkin_cmake_args' from command line to 'None'
[0.778s] Level 5:colcon.colcon_core.verb:set package 'autoware_perception_msgs' build argument 'catkin_skip_building_tests' from command line to 'False'
[0.778s] DEBUG:colcon.colcon_core.verb:Building package 'autoware_perception_msgs' with the following arguments: {'ament_cmake_args': None, 'build_base': '/workspace/simpleav/20251204/src/simple_av/build/autoware_perception_msgs', 'catkin_cmake_args': None, 'catkin_skip_building_tests': False, 'cmake_args': None, 'cmake_clean_cache': False, 'cmake_clean_first': False, 'cmake_force_configure': False, 'cmake_target': None, 'cmake_target_skip_unavailable': False, 'install_base': '/workspace/simpleav/20251204/src/simple_av/install/autoware_perception_msgs', 'merge_install': False, 'path': '/workspace/simpleav/20251204/src/simple_av/src/messages/autoware_msgs/autoware_perception_msgs', 'symlink_install': True, 'test_result_base': None}
[0.779s] Level 5:colcon.colcon_core.verb:set package 'autoware_planning_msgs' build argument 'cmake_args' from command line to 'None'
[0.779s] Level 5:colcon.colcon_core.verb:set package 'autoware_planning_msgs' build argument 'cmake_target' from command line to 'None'
[0.779s] Level 5:colcon.colcon_core.verb:set package 'autoware_planning_msgs' build argument 'cmake_target_skip_unavailable' from command line to 'False'
[0.779s] Level 5:colcon.colcon_core.verb:set package 'autoware_planning_msgs' build argument 'cmake_clean_cache' from command line to 'False'
[0.779s] Level 5:colcon.colcon_core.verb:set package 'autoware_planning_msgs' build argument 'cmake_clean_first' from command line to 'False'
[0.779s] Level 5:colcon.colcon_core.verb:set package 'autoware_planning_msgs' build argument 'cmake_force_configure' from command line to 'False'
[0.779s] Level 5:colcon.colcon_core.verb:set package 'autoware_planning_msgs' build argument 'ament_cmake_args' from command line to 'None'
[0.779s] Level 5:colcon.colcon_core.verb:set package 'autoware_planning_msgs' build argument 'catkin_cmake_args' from command line to 'None'
[0.779s] Level 5:colcon.colcon_core.verb:set package 'autoware_planning_msgs' build argument 'catkin_skip_building_tests' from command line to 'False'
[0.779s] DEBUG:colcon.colcon_core.verb:Building package 'autoware_planning_msgs' with the following arguments: {'ament_cmake_args': None, 'build_base': '/workspace/simpleav/20251204/src/simple_av/build/autoware_planning_msgs', 'catkin_cmake_args': None, 'catkin_skip_building_tests': False, 'cmake_args': None, 'cmake_clean_cache': False, 'cmake_clean_first': False, 'cmake_force_configure': False, 'cmake_target': None, 'cmake_target_skip_unavailable': False, 'install_base': '/workspace/simpleav/20251204/src/simple_av/install/autoware_planning_msgs', 'merge_install': False, 'path': '/workspace/simpleav/20251204/src/simple_av/src/messages/autoware_msgs/autoware_planning_msgs', 'symlink_install': True, 'test_result_base': None}
[0.779s] Level 5:colcon.colcon_core.verb:set package 'autoware_sensing_msgs' build argument 'cmake_args' from command line to 'None'
[0.779s] Level 5:colcon.colcon_core.verb:set package 'autoware_sensing_msgs' build argument 'cmake_target' from command line to 'None'
[0.779s] Level 5:colcon.colcon_core.verb:set package 'autoware_sensing_msgs' build argument 'cmake_target_skip_unavailable' from command line to 'False'
[0.779s] Level 5:colcon.colcon_core.verb:set package 'autoware_sensing_msgs' build argument 'cmake_clean_cache' from command line to 'False'
[0.779s] Level 5:colcon.colcon_core.verb:set package 'autoware_sensing_msgs' build argument 'cmake_clean_first' from command line to 'False'
[0.779s] Level 5:colcon.colcon_core.verb:set package 'autoware_sensing_msgs' build argument 'cmake_force_configure' from command line to 'False'
[0.779s] Level 5:colcon.colcon_core.verb:set package 'autoware_sensing_msgs' build argument 'ament_cmake_args' from command line to 'None'
[0.779s] Level 5:colcon.colcon_core.verb:set package 'autoware_sensing_msgs' build argument 'catkin_cmake_args' from command line to 'None'
[0.779s] Level 5:colcon.colcon_core.verb:set package 'autoware_sensing_msgs' build argument 'catkin_skip_building_tests' from command line to 'False'
[0.780s] DEBUG:colcon.colcon_core.verb:Building package 'autoware_sensing_msgs' with the following arguments: {'ament_cmake_args': None, 'build_base': '/workspace/simpleav/20251204/src/simple_av/build/autoware_sensing_msgs', 'catkin_cmake_args': None, 'catkin_skip_building_tests': False, 'cmake_args': None, 'cmake_clean_cache': False, 'cmake_clean_first': False, 'cmake_force_configure': False, 'cmake_target': None, 'cmake_target_skip_unavailable': False, 'install_base': '/workspace/simpleav/20251204/src/simple_av/install/autoware_sensing_msgs', 'merge_install': False, 'path': '/workspace/simpleav/20251204/src/simple_av/src/messages/autoware_msgs/autoware_sensing_msgs', 'symlink_install': True, 'test_result_base': None}
[0.780s] Level 5:colcon.colcon_core.verb:set package 'autoware_system_msgs' build argument 'cmake_args' from command line to 'None'
[0.780s] Level 5:colcon.colcon_core.verb:set package 'autoware_system_msgs' build argument 'cmake_target' from command line to 'None'
[0.780s] Level 5:colcon.colcon_core.verb:set package 'autoware_system_msgs' build argument 'cmake_target_skip_unavailable' from command line to 'False'
[0.780s] Level 5:colcon.colcon_core.verb:set package 'autoware_system_msgs' build argument 'cmake_clean_cache' from command line to 'False'
[0.780s] Level 5:colcon.colcon_core.verb:set package 'autoware_system_msgs' build argument 'cmake_clean_first' from command line to 'False'
[0.780s] Level 5:colcon.colcon_core.verb:set package 'autoware_system_msgs' build argument 'cmake_force_configure' from command line to 'False'
[0.780s] Level 5:colcon.colcon_core.verb:set package 'autoware_system_msgs' build argument 'ament_cmake_args' from command line to 'None'
[0.780s] Level 5:colcon.colcon_core.verb:set package 'autoware_system_msgs' build argument 'catkin_cmake_args' from command line to 'None'
[0.780s] Level 5:colcon.colcon_core.verb:set package 'autoware_system_msgs' build argument 'catkin_skip_building_tests' from command line to 'False'
[0.780s] DEBUG:colcon.colcon_core.verb:Building package 'autoware_system_msgs' with the following arguments: {'ament_cmake_args': None, 'build_base': '/workspace/simpleav/20251204/src/simple_av/build/autoware_system_msgs', 'catkin_cmake_args': None, 'catkin_skip_building_tests': False, 'cmake_args': None, 'cmake_clean_cache': False, 'cmake_clean_first': False, 'cmake_force_configure': False, 'cmake_target': None, 'cmake_target_skip_unavailable': False, 'install_base': '/workspace/simpleav/20251204/src/simple_av/install/autoware_system_msgs', 'merge_install': False, 'path': '/workspace/simpleav/20251204/src/simple_av/src/messages/autoware_msgs/autoware_system_msgs', 'symlink_install': True, 'test_result_base': None}
[0.780s] Level 5:colcon.colcon_core.verb:set package 'common' build argument 'cmake_args' from command line to 'None'
[0.781s] Level 5:colcon.colcon_core.verb:set package 'common' build argument 'cmake_target' from command line to 'None'
[0.781s] Level 5:colcon.colcon_core.verb:set package 'common' build argument 'cmake_target_skip_unavailable' from command line to 'False'
[0.781s] Level 5:colcon.colcon_core.verb:set package 'common' build argument 'cmake_clean_cache' from command line to 'False'
[0.781s] Level 5:colcon.colcon_core.verb:set package 'common' build argument 'cmake_clean_first' from command line to 'False'
[0.781s] Level 5:colcon.colcon_core.verb:set package 'common' build argument 'cmake_force_configure' from command line to 'False'
[0.781s] Level 5:colcon.colcon_core.verb:set package 'common' build argument 'ament_cmake_args' from command line to 'None'
[0.781s] Level 5:colcon.colcon_core.verb:set package 'common' build argument 'catkin_cmake_args' from command line to 'None'
[0.781s] Level 5:colcon.colcon_core.verb:set package 'common' build argument 'catkin_skip_building_tests' from command line to 'False'
[0.781s] DEBUG:colcon.colcon_core.verb:Building package 'common' with the following arguments: {'ament_cmake_args': None, 'build_base': '/workspace/simpleav/20251204/src/simple_av/build/common', 'catkin_cmake_args': None, 'catkin_skip_building_tests': False, 'cmake_args': None, 'cmake_clean_cache': False, 'cmake_clean_first': False, 'cmake_force_configure': False, 'cmake_target': None, 'cmake_target_skip_unavailable': False, 'install_base': '/workspace/simpleav/20251204/src/simple_av/install/common', 'merge_install': False, 'path': '/workspace/simpleav/20251204/src/simple_av/src/common', 'symlink_install': True, 'test_result_base': None}
[0.781s] Level 5:colcon.colcon_core.verb:set package 'localization' build argument 'cmake_args' from command line to 'None'
[0.781s] Level 5:colcon.colcon_core.verb:set package 'localization' build argument 'cmake_target' from command line to 'None'
[0.781s] Level 5:colcon.colcon_core.verb:set package 'localization' build argument 'cmake_target_skip_unavailable' from command line to 'False'
[0.781s] Level 5:colcon.colcon_core.verb:set package 'localization' build argument 'cmake_clean_cache' from command line to 'False'
[0.781s] Level 5:colcon.colcon_core.verb:set package 'localization' build argument 'cmake_clean_first' from command line to 'False'
[0.781s] Level 5:colcon.colcon_core.verb:set package 'localization' build argument 'cmake_force_configure' from command line to 'False'
[0.781s] Level 5:colcon.colcon_core.verb:set package 'localization' build argument 'ament_cmake_args' from command line to 'None'
[0.781s] Level 5:colcon.colcon_core.verb:set package 'localization' build argument 'catkin_cmake_args' from command line to 'None'
[0.781s] Level 5:colcon.colcon_core.verb:set package 'localization' build argument 'catkin_skip_building_tests' from command line to 'False'
[0.781s] DEBUG:colcon.colcon_core.verb:Building package 'localization' with the following arguments: {'ament_cmake_args': None, 'build_base': '/workspace/simpleav/20251204/src/simple_av/build/localization', 'catkin_cmake_args': None, 'catkin_skip_building_tests': False, 'cmake_args': None, 'cmake_clean_cache': False, 'cmake_clean_first': False, 'cmake_force_configure': False, 'cmake_target': None, 'cmake_target_skip_unavailable': False, 'install_base': '/workspace/simpleav/20251204/src/simple_av/install/localization', 'merge_install': False, 'path': '/workspace/simpleav/20251204/src/simple_av/src/localization', 'symlink_install': True, 'test_result_base': None}
[0.782s] Level 5:colcon.colcon_core.verb:set package 'simple_av' build argument 'cmake_args' from command line to 'None'
[0.782s] Level 5:colcon.colcon_core.verb:set package 'simple_av' build argument 'cmake_target' from command line to 'None'
[0.782s] Level 5:colcon.colcon_core.verb:set package 'simple_av' build argument 'cmake_target_skip_unavailable' from command line to 'False'
[0.782s] Level 5:colcon.colcon_core.verb:set package 'simple_av' build argument 'cmake_clean_cache' from command line to 'False'
[0.782s] Level 5:colcon.colcon_core.verb:set package 'simple_av' build argument 'cmake_clean_first' from command line to 'False'
[0.782s] Level 5:colcon.colcon_core.verb:set package 'simple_av' build argument 'cmake_force_configure' from command line to 'False'
[0.782s] Level 5:colcon.colcon_core.verb:set package 'simple_av' build argument 'ament_cmake_args' from command line to 'None'
[0.782s] Level 5:colcon.colcon_core.verb:set package 'simple_av' build argument 'catkin_cmake_args' from command line to 'None'
[0.782s] Level 5:colcon.colcon_core.verb:set package 'simple_av' build argument 'catkin_skip_building_tests' from command line to 'False'
[0.782s] DEBUG:colcon.colcon_core.verb:Building package 'simple_av' with the following arguments: {'ament_cmake_args': None, 'build_base': '/workspace/simpleav/20251204/src/simple_av/build/simple_av', 'catkin_cmake_args': None, 'catkin_skip_building_tests': False, 'cmake_args': None, 'cmake_clean_cache': False, 'cmake_clean_first': False, 'cmake_force_configure': False, 'cmake_target': None, 'cmake_target_skip_unavailable': False, 'install_base': '/workspace/simpleav/20251204/src/simple_av/install/simple_av', 'merge_install': False, 'path': '/workspace/simpleav/20251204/src/simple_av/src/simple_av', 'symlink_install': True, 'test_result_base': None}
[0.782s] Level 5:colcon.colcon_core.verb:set package 'simple_av_msgs' build argument 'cmake_args' from command line to 'None'
[0.782s] Level 5:colcon.colcon_core.verb:set package 'simple_av_msgs' build argument 'cmake_target' from command line to 'None'
[0.782s] Level 5:colcon.colcon_core.verb:set package 'simple_av_msgs' build argument 'cmake_target_skip_unavailable' from command line to 'False'
[0.782s] Level 5:colcon.colcon_core.verb:set package 'simple_av_msgs' build argument 'cmake_clean_cache' from command line to 'False'
[0.782s] Level 5:colcon.colcon_core.verb:set package 'simple_av_msgs' build argument 'cmake_clean_first' from command line to 'False'
[0.782s] Level 5:colcon.colcon_core.verb:set package 'simple_av_msgs' build argument 'cmake_force_configure' from command line to 'False'
[0.782s] Level 5:colcon.colcon_core.verb:set package 'simple_av_msgs' build argument 'ament_cmake_args' from command line to 'None'
[0.782s] Level 5:colcon.colcon_core.verb:set package 'simple_av_msgs' build argument 'catkin_cmake_args' from command line to 'None'
[0.782s] Level 5:colcon.colcon_core.verb:set package 'simple_av_msgs' build argument 'catkin_skip_building_tests' from command line to 'False'
[0.782s] DEBUG:colcon.colcon_core.verb:Building package 'simple_av_msgs' with the following arguments: {'ament_cmake_args': None, 'build_base': '/workspace/simpleav/20251204/src/simple_av/build/simple_av_msgs', 'catkin_cmake_args': None, 'catkin_skip_building_tests': False, 'cmake_args': None, 'cmake_clean_cache': False, 'cmake_clean_first': False, 'cmake_force_configure': False, 'cmake_target': None, 'cmake_target_skip_unavailable': False, 'install_base': '/workspace/simpleav/20251204/src/simple_av/install/simple_av_msgs', 'merge_install': False, 'path': '/workspace/simpleav/20251204/src/simple_av/src/messages/simple_av_msgs', 'symlink_install': True, 'test_result_base': None}
[0.783s] Level 5:colcon.colcon_core.verb:set package 'system' build argument 'cmake_args' from command line to 'None'
[0.783s] Level 5:colcon.colcon_core.verb:set package 'system' build argument 'cmake_target' from command line to 'None'
[0.783s] Level 5:colcon.colcon_core.verb:set package 'system' build argument 'cmake_target_skip_unavailable' from command line to 'False'
[0.783s] Level 5:colcon.colcon_core.verb:set package 'system' build argument 'cmake_clean_cache' from command line to 'False'
[0.783s] Level 5:colcon.colcon_core.verb:set package 'system' build argument 'cmake_clean_first' from command line to 'False'
[0.783s] Level 5:colcon.colcon_core.verb:set package 'system' build argument 'cmake_force_configure' from command line to 'False'
[0.783s] Level 5:colcon.colcon_core.verb:set package 'system' build argument 'ament_cmake_args' from command line to 'None'
[0.783s] Level 5:colcon.colcon_core.verb:set package 'system' build argument 'catkin_cmake_args' from command line to 'None'
[0.783s] Level 5:colcon.colcon_core.verb:set package 'system' build argument 'catkin_skip_building_tests' from command line to 'False'
[0.783s] DEBUG:colcon.colcon_core.verb:Building package 'system' with the following arguments: {'ament_cmake_args': None, 'build_base': '/workspace/simpleav/20251204/src/simple_av/build/system', 'catkin_cmake_args': None, 'catkin_skip_building_tests': False, 'cmake_args': None, 'cmake_clean_cache': False, 'cmake_clean_first': False, 'cmake_force_configure': False, 'cmake_target': None, 'cmake_target_skip_unavailable': False, 'install_base': '/workspace/simpleav/20251204/src/simple_av/install/system', 'merge_install': False, 'path': '/workspace/simpleav/20251204/src/simple_av/src/system', 'symlink_install': True, 'test_result_base': None}
[0.783s] Level 5:colcon.colcon_core.verb:set package 'tier4_external_api_msgs' build argument 'cmake_args' from command line to 'None'
[0.783s] Level 5:colcon.colcon_core.verb:set package 'tier4_external_api_msgs' build argument 'cmake_target' from command line to 'None'
[0.783s] Level 5:colcon.colcon_core.verb:set package 'tier4_external_api_msgs' build argument 'cmake_target_skip_unavailable' from command line to 'False'
[0.783s] Level 5:colcon.colcon_core.verb:set package 'tier4_external_api_msgs' build argument 'cmake_clean_cache' from command line to 'False'
[0.783s] Level 5:colcon.colcon_core.verb:set package 'tier4_external_api_msgs' build argument 'cmake_clean_first' from command line to 'False'
[0.784s] Level 5:colcon.colcon_core.verb:set package 'tier4_external_api_msgs' build argument 'cmake_force_configure' from command line to 'False'
[0.784s] Level 5:colcon.colcon_core.verb:set package 'tier4_external_api_msgs' build argument 'ament_cmake_args' from command line to 'None'
[0.784s] Level 5:colcon.colcon_core.verb:set package 'tier4_external_api_msgs' build argument 'catkin_cmake_args' from command line to 'None'
[0.784s] Level 5:colcon.colcon_core.verb:set package 'tier4_external_api_msgs' build argument 'catkin_skip_building_tests' from command line to 'False'
[0.784s] DEBUG:colcon.colcon_core.verb:Building package 'tier4_external_api_msgs' with the following arguments: {'ament_cmake_args': None, 'build_base': '/workspace/simpleav/20251204/src/simple_av/build/tier4_external_api_msgs', 'catkin_cmake_args': None, 'catkin_skip_building_tests': False, 'cmake_args': None, 'cmake_clean_cache': False, 'cmake_clean_first': False, 'cmake_force_configure': False, 'cmake_target': None, 'cmake_target_skip_unavailable': False, 'install_base': '/workspace/simpleav/20251204/src/simple_av/install/tier4_external_api_msgs', 'merge_install': False, 'path': '/workspace/simpleav/20251204/src/simple_av/src/visualization/simulator/tier4_external_api_msgs', 'symlink_install': True, 'test_result_base': None}
[0.784s] Level 5:colcon.colcon_core.verb:set package 'autoware_cmake' build argument 'cmake_args' from command line to 'None'
[0.784s] Level 5:colcon.colcon_core.verb:set package 'autoware_cmake' build argument 'cmake_target' from command line to 'None'
[0.784s] Level 5:colcon.colcon_core.verb:set package 'autoware_cmake' build argument 'cmake_target_skip_unavailable' from command line to 'False'
[0.784s] Level 5:colcon.colcon_core.verb:set package 'autoware_cmake' build argument 'cmake_clean_cache' from command line to 'False'
[0.784s] Level 5:colcon.colcon_core.verb:set package 'autoware_cmake' build argument 'cmake_clean_first' from command line to 'False'
[0.784s] Level 5:colcon.colcon_core.verb:set package 'autoware_cmake' build argument 'cmake_force_configure' from command line to 'False'
[0.784s] Level 5:colcon.colcon_core.verb:set package 'autoware_cmake' build argument 'ament_cmake_args' from command line to 'None'
[0.784s] Level 5:colcon.colcon_core.verb:set package 'autoware_cmake' build argument 'catkin_cmake_args' from command line to 'None'
[0.784s] Level 5:colcon.colcon_core.verb:set package 'autoware_cmake' build argument 'catkin_skip_building_tests' from command line to 'False'
[0.784s] DEBUG:colcon.colcon_core.verb:Building package 'autoware_cmake' with the following arguments: {'ament_cmake_args': None, 'build_base': '/workspace/simpleav/20251204/src/simple_av/build/autoware_cmake', 'catkin_cmake_args': None, 'catkin_skip_building_tests': False, 'cmake_args': None, 'cmake_clean_cache': False, 'cmake_clean_first': False, 'cmake_force_configure': False, 'cmake_target': None, 'cmake_target_skip_unavailable': False, 'install_base': '/workspace/simpleav/20251204/src/simple_av/install/autoware_cmake', 'merge_install': False, 'path': '/workspace/simpleav/20251204/src/simple_av/src/visualization/autoware_cmake/autoware_cmake', 'symlink_install': True, 'test_result_base': None}
[0.785s] Level 5:colcon.colcon_core.verb:set package 'autoware_internal_localization_msgs' build argument 'cmake_args' from command line to 'None'
[0.785s] Level 5:colcon.colcon_core.verb:set package 'autoware_internal_localization_msgs' build argument 'cmake_target' from command line to 'None'
[0.785s] Level 5:colcon.colcon_core.verb:set package 'autoware_internal_localization_msgs' build argument 'cmake_target_skip_unavailable' from command line to 'False'
[0.785s] Level 5:colcon.colcon_core.verb:set package 'autoware_internal_localization_msgs' build argument 'cmake_clean_cache' from command line to 'False'
[0.785s] Level 5:colcon.colcon_core.verb:set package 'autoware_internal_localization_msgs' build argument 'cmake_clean_first' from command line to 'False'
[0.785s] Level 5:colcon.colcon_core.verb:set package 'autoware_internal_localization_msgs' build argument 'cmake_force_configure' from command line to 'False'
[0.785s] Level 5:colcon.colcon_core.verb:set package 'autoware_internal_localization_msgs' build argument 'ament_cmake_args' from command line to 'None'
[0.785s] Level 5:colcon.colcon_core.verb:set package 'autoware_internal_localization_msgs' build argument 'catkin_cmake_args' from command line to 'None'
[0.785s] Level 5:colcon.colcon_core.verb:set package 'autoware_internal_localization_msgs' build argument 'catkin_skip_building_tests' from command line to 'False'
[0.785s] DEBUG:colcon.colcon_core.verb:Building package 'autoware_internal_localization_msgs' with the following arguments: {'ament_cmake_args': None, 'build_base': '/workspace/simpleav/20251204/src/simple_av/build/autoware_internal_localization_msgs', 'catkin_cmake_args': None, 'catkin_skip_building_tests': False, 'cmake_args': None, 'cmake_clean_cache': False, 'cmake_clean_first': False, 'cmake_force_configure': False, 'cmake_target': None, 'cmake_target_skip_unavailable': False, 'install_base': '/workspace/simpleav/20251204/src/simple_av/install/autoware_internal_localization_msgs', 'merge_install': False, 'path': '/workspace/simpleav/20251204/src/simple_av/src/visualization/autoware_internal_msgs/autoware_internal_localization_msgs', 'symlink_install': True, 'test_result_base': None}
[0.785s] Level 5:colcon.colcon_core.verb:set package 'autoware_internal_perception_msgs' build argument 'cmake_args' from command line to 'None'
[0.785s] Level 5:colcon.colcon_core.verb:set package 'autoware_internal_perception_msgs' build argument 'cmake_target' from command line to 'None'
[0.785s] Level 5:colcon.colcon_core.verb:set package 'autoware_internal_perception_msgs' build argument 'cmake_target_skip_unavailable' from command line to 'False'
[0.785s] Level 5:colcon.colcon_core.verb:set package 'autoware_internal_perception_msgs' build argument 'cmake_clean_cache' from command line to 'False'
[0.785s] Level 5:colcon.colcon_core.verb:set package 'autoware_internal_perception_msgs' build argument 'cmake_clean_first' from command line to 'False'
[0.785s] Level 5:colcon.colcon_core.verb:set package 'autoware_internal_perception_msgs' build argument 'cmake_force_configure' from command line to 'False'
[0.785s] Level 5:colcon.colcon_core.verb:set package 'autoware_internal_perception_msgs' build argument 'ament_cmake_args' from command line to 'None'
[0.785s] Level 5:colcon.colcon_core.verb:set package 'autoware_internal_perception_msgs' build argument 'catkin_cmake_args' from command line to 'None'
[0.785s] Level 5:colcon.colcon_core.verb:set package 'autoware_internal_perception_msgs' build argument 'catkin_skip_building_tests' from command line to 'False'
[0.785s] DEBUG:colcon.colcon_core.verb:Building package 'autoware_internal_perception_msgs' with the following arguments: {'ament_cmake_args': None, 'build_base': '/workspace/simpleav/20251204/src/simple_av/build/autoware_internal_perception_msgs', 'catkin_cmake_args': None, 'catkin_skip_building_tests': False, 'cmake_args': None, 'cmake_clean_cache': False, 'cmake_clean_first': False, 'cmake_force_configure': False, 'cmake_target': None, 'cmake_target_skip_unavailable': False, 'install_base': '/workspace/simpleav/20251204/src/simple_av/install/autoware_internal_perception_msgs', 'merge_install': False, 'path': '/workspace/simpleav/20251204/src/simple_av/src/visualization/autoware_internal_msgs/autoware_internal_perception_msgs', 'symlink_install': True, 'test_result_base': None}
[0.786s] Level 5:colcon.colcon_core.verb:set package 'autoware_internal_planning_msgs' build argument 'cmake_args' from command line to 'None'
[0.786s] Level 5:colcon.colcon_core.verb:set package 'autoware_internal_planning_msgs' build argument 'cmake_target' from command line to 'None'
[0.786s] Level 5:colcon.colcon_core.verb:set package 'autoware_internal_planning_msgs' build argument 'cmake_target_skip_unavailable' from command line to 'False'
[0.786s] Level 5:colcon.colcon_core.verb:set package 'autoware_internal_planning_msgs' build argument 'cmake_clean_cache' from command line to 'False'
[0.786s] Level 5:colcon.colcon_core.verb:set package 'autoware_internal_planning_msgs' build argument 'cmake_clean_first' from command line to 'False'
[0.786s] Level 5:colcon.colcon_core.verb:set package 'autoware_internal_planning_msgs' build argument 'cmake_force_configure' from command line to 'False'
[0.786s] Level 5:colcon.colcon_core.verb:set package 'autoware_internal_planning_msgs' build argument 'ament_cmake_args' from command line to 'None'
[0.786s] Level 5:colcon.colcon_core.verb:set package 'autoware_internal_planning_msgs' build argument 'catkin_cmake_args' from command line to 'None'
[0.786s] Level 5:colcon.colcon_core.verb:set package 'autoware_internal_planning_msgs' build argument 'catkin_skip_building_tests' from command line to 'False'
[0.786s] DEBUG:colcon.colcon_core.verb:Building package 'autoware_internal_planning_msgs' with the following arguments: {'ament_cmake_args': None, 'build_base': '/workspace/simpleav/20251204/src/simple_av/build/autoware_internal_planning_msgs', 'catkin_cmake_args': None, 'catkin_skip_building_tests': False, 'cmake_args': None, 'cmake_clean_cache': False, 'cmake_clean_first': False, 'cmake_force_configure': False, 'cmake_target': None, 'cmake_target_skip_unavailable': False, 'install_base': '/workspace/simpleav/20251204/src/simple_av/install/autoware_internal_planning_msgs', 'merge_install': False, 'path': '/workspace/simpleav/20251204/src/simple_av/src/visualization/autoware_internal_msgs/autoware_internal_planning_msgs', 'symlink_install': True, 'test_result_base': None}
[0.786s] Level 5:colcon.colcon_core.verb:set package 'autoware_vehicle_msgs' build argument 'cmake_args' from command line to 'None'
[0.786s] Level 5:colcon.colcon_core.verb:set package 'autoware_vehicle_msgs' build argument 'cmake_target' from command line to 'None'
[0.786s] Level 5:colcon.colcon_core.verb:set package 'autoware_vehicle_msgs' build argument 'cmake_target_skip_unavailable' from command line to 'False'
[0.786s] Level 5:colcon.colcon_core.verb:set package 'autoware_vehicle_msgs' build argument 'cmake_clean_cache' from command line to 'False'
[0.786s] Level 5:colcon.colcon_core.verb:set package 'autoware_vehicle_msgs' build argument 'cmake_clean_first' from command line to 'False'
[0.786s] Level 5:colcon.colcon_core.verb:set package 'autoware_vehicle_msgs' build argument 'cmake_force_configure' from command line to 'False'
[0.787s] Level 5:colcon.colcon_core.verb:set package 'autoware_vehicle_msgs' build argument 'ament_cmake_args' from command line to 'None'
[0.787s] Level 5:colcon.colcon_core.verb:set package 'autoware_vehicle_msgs' build argument 'catkin_cmake_args' from command line to 'None'
[0.787s] Level 5:colcon.colcon_core.verb:set package 'autoware_vehicle_msgs' build argument 'catkin_skip_building_tests' from command line to 'False'
[0.787s] DEBUG:colcon.colcon_core.verb:Building package 'autoware_vehicle_msgs' with the following arguments: {'ament_cmake_args': None, 'build_base': '/workspace/simpleav/20251204/src/simple_av/build/autoware_vehicle_msgs', 'catkin_cmake_args': None, 'catkin_skip_building_tests': False, 'cmake_args': None, 'cmake_clean_cache': False, 'cmake_clean_first': False, 'cmake_force_configure': False, 'cmake_target': None, 'cmake_target_skip_unavailable': False, 'install_base': '/workspace/simpleav/20251204/src/simple_av/install/autoware_vehicle_msgs', 'merge_install': False, 'path': '/workspace/simpleav/20251204/src/simple_av/src/messages/autoware_msgs/autoware_vehicle_msgs', 'symlink_install': True, 'test_result_base': None}
[0.787s] Level 5:colcon.colcon_core.verb:set package 'perception' build argument 'cmake_args' from command line to 'None'
[0.787s] Level 5:colcon.colcon_core.verb:set package 'perception' build argument 'cmake_target' from command line to 'None'
[0.787s] Level 5:colcon.colcon_core.verb:set package 'perception' build argument 'cmake_target_skip_unavailable' from command line to 'False'
[0.787s] Level 5:colcon.colcon_core.verb:set package 'perception' build argument 'cmake_clean_cache' from command line to 'False'
[0.787s] Level 5:colcon.colcon_core.verb:set package 'perception' build argument 'cmake_clean_first' from command line to 'False'
[0.787s] Level 5:colcon.colcon_core.verb:set package 'perception' build argument 'cmake_force_configure' from command line to 'False'
[0.787s] Level 5:colcon.colcon_core.verb:set package 'perception' build argument 'ament_cmake_args' from command line to 'None'
[0.787s] Level 5:colcon.colcon_core.verb:set package 'perception' build argument 'catkin_cmake_args' from command line to 'None'
[0.787s] Level 5:colcon.colcon_core.verb:set package 'perception' build argument 'catkin_skip_building_tests' from command line to 'False'
[0.787s] DEBUG:colcon.colcon_core.verb:Building package 'perception' with the following arguments: {'ament_cmake_args': None, 'build_base': '/workspace/simpleav/20251204/src/simple_av/build/perception', 'catkin_cmake_args': None, 'catkin_skip_building_tests': False, 'cmake_args': None, 'cmake_clean_cache': False, 'cmake_clean_first': False, 'cmake_force_configure': False, 'cmake_target': None, 'cmake_target_skip_unavailable': False, 'install_base': '/workspace/simpleav/20251204/src/simple_av/install/perception', 'merge_install': False, 'path': '/workspace/simpleav/20251204/src/simple_av/src/perception', 'symlink_install': True, 'test_result_base': None}
[0.788s] Level 5:colcon.colcon_core.verb:set package 'tier4_simulation_msgs' build argument 'cmake_args' from command line to 'None'
[0.788s] Level 5:colcon.colcon_core.verb:set package 'tier4_simulation_msgs' build argument 'cmake_target' from command line to 'None'
[0.788s] Level 5:colcon.colcon_core.verb:set package 'tier4_simulation_msgs' build argument 'cmake_target_skip_unavailable' from command line to 'False'
[0.788s] Level 5:colcon.colcon_core.verb:set package 'tier4_simulation_msgs' build argument 'cmake_clean_cache' from command line to 'False'
[0.788s] Level 5:colcon.colcon_core.verb:set package 'tier4_simulation_msgs' build argument 'cmake_clean_first' from command line to 'False'
[0.788s] Level 5:colcon.colcon_core.verb:set package 'tier4_simulation_msgs' build argument 'cmake_force_configure' from command line to 'False'
[0.788s] Level 5:colcon.colcon_core.verb:set package 'tier4_simulation_msgs' build argument 'ament_cmake_args' from command line to 'None'
[0.788s] Level 5:colcon.colcon_core.verb:set package 'tier4_simulation_msgs' build argument 'catkin_cmake_args' from command line to 'None'
[0.788s] Level 5:colcon.colcon_core.verb:set package 'tier4_simulation_msgs' build argument 'catkin_skip_building_tests' from command line to 'False'
[0.788s] DEBUG:colcon.colcon_core.verb:Building package 'tier4_simulation_msgs' with the following arguments: {'ament_cmake_args': None, 'build_base': '/workspace/simpleav/20251204/src/simple_av/build/tier4_simulation_msgs', 'catkin_cmake_args': None, 'catkin_skip_building_tests': False, 'cmake_args': None, 'cmake_clean_cache': False, 'cmake_clean_first': False, 'cmake_force_configure': False, 'cmake_target': None, 'cmake_target_skip_unavailable': False, 'install_base': '/workspace/simpleav/20251204/src/simple_av/install/tier4_simulation_msgs', 'merge_install': False, 'path': '/workspace/simpleav/20251204/src/simple_av/src/visualization/simulator/tier4_autoware_msgs/tier4_simulation_msgs', 'symlink_install': True, 'test_result_base': None}
[0.788s] Level 5:colcon.colcon_core.verb:set package 'tier4_system_msgs' build argument 'cmake_args' from command line to 'None'
[0.788s] Level 5:colcon.colcon_core.verb:set package 'tier4_system_msgs' build argument 'cmake_target' from command line to 'None'
[0.788s] Level 5:colcon.colcon_core.verb:set package 'tier4_system_msgs' build argument 'cmake_target_skip_unavailable' from command line to 'False'
[0.788s] Level 5:colcon.colcon_core.verb:set package 'tier4_system_msgs' build argument 'cmake_clean_cache' from command line to 'False'
[0.788s] Level 5:colcon.colcon_core.verb:set package 'tier4_system_msgs' build argument 'cmake_clean_first' from command line to 'False'
[0.788s] Level 5:colcon.colcon_core.verb:set package 'tier4_system_msgs' build argument 'cmake_force_configure' from command line to 'False'
[0.788s] Level 5:colcon.colcon_core.verb:set package 'tier4_system_msgs' build argument 'ament_cmake_args' from command line to 'None'
[0.788s] Level 5:colcon.colcon_core.verb:set package 'tier4_system_msgs' build argument 'catkin_cmake_args' from command line to 'None'
[0.788s] Level 5:colcon.colcon_core.verb:set package 'tier4_system_msgs' build argument 'catkin_skip_building_tests' from command line to 'False'
[0.788s] DEBUG:colcon.colcon_core.verb:Building package 'tier4_system_msgs' with the following arguments: {'ament_cmake_args': None, 'build_base': '/workspace/simpleav/20251204/src/simple_av/build/tier4_system_msgs', 'catkin_cmake_args': None, 'catkin_skip_building_tests': False, 'cmake_args': None, 'cmake_clean_cache': False, 'cmake_clean_first': False, 'cmake_force_configure': False, 'cmake_target': None, 'cmake_target_skip_unavailable': False, 'install_base': '/workspace/simpleav/20251204/src/simple_av/install/tier4_system_msgs', 'merge_install': False, 'path': '/workspace/simpleav/20251204/src/simple_av/src/visualization/simulator/tier4_system_msgs', 'symlink_install': True, 'test_result_base': None}
[0.789s] Level 5:colcon.colcon_core.verb:set package 'v2x_msgs' build argument 'cmake_args' from command line to 'None'
[0.789s] Level 5:colcon.colcon_core.verb:set package 'v2x_msgs' build argument 'cmake_target' from command line to 'None'
[0.789s] Level 5:colcon.colcon_core.verb:set package 'v2x_msgs' build argument 'cmake_target_skip_unavailable' from command line to 'False'
[0.789s] Level 5:colcon.colcon_core.verb:set package 'v2x_msgs' build argument 'cmake_clean_cache' from command line to 'False'
[0.789s] Level 5:colcon.colcon_core.verb:set package 'v2x_msgs' build argument 'cmake_clean_first' from command line to 'False'
[0.789s] Level 5:colcon.colcon_core.verb:set package 'v2x_msgs' build argument 'cmake_force_configure' from command line to 'False'
[0.789s] Level 5:colcon.colcon_core.verb:set package 'v2x_msgs' build argument 'ament_cmake_args' from command line to 'None'
[0.789s] Level 5:colcon.colcon_core.verb:set package 'v2x_msgs' build argument 'catkin_cmake_args' from command line to 'None'
[0.789s] Level 5:colcon.colcon_core.verb:set package 'v2x_msgs' build argument 'catkin_skip_building_tests' from command line to 'False'
[0.789s] DEBUG:colcon.colcon_core.verb:Building package 'v2x_msgs' with the following arguments: {'ament_cmake_args': None, 'build_base': '/workspace/simpleav/20251204/src/simple_av/build/v2x_msgs', 'catkin_cmake_args': None, 'catkin_skip_building_tests': False, 'cmake_args': None, 'cmake_clean_cache': False, 'cmake_clean_first': False, 'cmake_force_configure': False, 'cmake_target': None, 'cmake_target_skip_unavailable': False, 'install_base': '/workspace/simpleav/20251204/src/simple_av/install/v2x_msgs', 'merge_install': False, 'path': '/workspace/simpleav/20251204/src/simple_av/src/messages/v2x_msgs', 'symlink_install': True, 'test_result_base': None}
[0.789s] Level 5:colcon.colcon_core.verb:set package 'autoware_adapi_specs' build argument 'cmake_args' from command line to 'None'
[0.789s] Level 5:colcon.colcon_core.verb:set package 'autoware_adapi_specs' build argument 'cmake_target' from command line to 'None'
[0.789s] Level 5:colcon.colcon_core.verb:set package 'autoware_adapi_specs' build argument 'cmake_target_skip_unavailable' from command line to 'False'
[0.789s] Level 5:colcon.colcon_core.verb:set package 'autoware_adapi_specs' build argument 'cmake_clean_cache' from command line to 'False'
[0.789s] Level 5:colcon.colcon_core.verb:set package 'autoware_adapi_specs' build argument 'cmake_clean_first' from command line to 'False'
[0.789s] Level 5:colcon.colcon_core.verb:set package 'autoware_adapi_specs' build argument 'cmake_force_configure' from command line to 'False'
[0.789s] Level 5:colcon.colcon_core.verb:set package 'autoware_adapi_specs' build argument 'ament_cmake_args' from command line to 'None'
[0.790s] Level 5:colcon.colcon_core.verb:set package 'autoware_adapi_specs' build argument 'catkin_cmake_args' from command line to 'None'
[0.790s] Level 5:colcon.colcon_core.verb:set package 'autoware_adapi_specs' build argument 'catkin_skip_building_tests' from command line to 'False'
[0.790s] DEBUG:colcon.colcon_core.verb:Building package 'autoware_adapi_specs' with the following arguments: {'ament_cmake_args': None, 'build_base': '/workspace/simpleav/20251204/src/simple_av/build/autoware_adapi_specs', 'catkin_cmake_args': None, 'catkin_skip_building_tests': False, 'cmake_args': None, 'cmake_clean_cache': False, 'cmake_clean_first': False, 'cmake_force_configure': False, 'cmake_target': None, 'cmake_target_skip_unavailable': False, 'install_base': '/workspace/simpleav/20251204/src/simple_av/install/autoware_adapi_specs', 'merge_install': False, 'path': '/workspace/simpleav/20251204/src/simple_av/src/visualization/simulator/autoware_adapi_specs', 'symlink_install': True, 'test_result_base': None}
[0.790s] Level 5:colcon.colcon_core.verb:set package 'autoware_bag_time_manager_rviz_plugin' build argument 'cmake_args' from command line to 'None'
[0.790s] Level 5:colcon.colcon_core.verb:set package 'autoware_bag_time_manager_rviz_plugin' build argument 'cmake_target' from command line to 'None'
[0.790s] Level 5:colcon.colcon_core.verb:set package 'autoware_bag_time_manager_rviz_plugin' build argument 'cmake_target_skip_unavailable' from command line to 'False'
[0.790s] Level 5:colcon.colcon_core.verb:set package 'autoware_bag_time_manager_rviz_plugin' build argument 'cmake_clean_cache' from command line to 'False'
[0.790s] Level 5:colcon.colcon_core.verb:set package 'autoware_bag_time_manager_rviz_plugin' build argument 'cmake_clean_first' from command line to 'False'
[0.790s] Level 5:colcon.colcon_core.verb:set package 'autoware_bag_time_manager_rviz_plugin' build argument 'cmake_force_configure' from command line to 'False'
[0.790s] Level 5:colcon.colcon_core.verb:set package 'autoware_bag_time_manager_rviz_plugin' build argument 'ament_cmake_args' from command line to 'None'
[0.790s] Level 5:colcon.colcon_core.verb:set package 'autoware_bag_time_manager_rviz_plugin' build argument 'catkin_cmake_args' from command line to 'None'
[0.790s] Level 5:colcon.colcon_core.verb:set package 'autoware_bag_time_manager_rviz_plugin' build argument 'catkin_skip_building_tests' from command line to 'False'
[0.790s] DEBUG:colcon.colcon_core.verb:Building package 'autoware_bag_time_manager_rviz_plugin' with the following arguments: {'ament_cmake_args': None, 'build_base': '/workspace/simpleav/20251204/src/simple_av/build/autoware_bag_time_manager_rviz_plugin', 'catkin_cmake_args': None, 'catkin_skip_building_tests': False, 'cmake_args': None, 'cmake_clean_cache': False, 'cmake_clean_first': False, 'cmake_force_configure': False, 'cmake_target': None, 'cmake_target_skip_unavailable': False, 'install_base': '/workspace/simpleav/20251204/src/simple_av/install/autoware_bag_time_manager_rviz_plugin', 'merge_install': False, 'path': '/workspace/simpleav/20251204/src/simple_av/src/visualization/autoware_plugins/autoware_bag_time_manager_rviz_plugin', 'symlink_install': True, 'test_result_base': None}
[0.791s] Level 5:colcon.colcon_core.verb:set package 'autoware_component_interface_specs' build argument 'cmake_args' from command line to 'None'
[0.791s] Level 5:colcon.colcon_core.verb:set package 'autoware_component_interface_specs' build argument 'cmake_target' from command line to 'None'
[0.791s] Level 5:colcon.colcon_core.verb:set package 'autoware_component_interface_specs' build argument 'cmake_target_skip_unavailable' from command line to 'False'
[0.791s] Level 5:colcon.colcon_core.verb:set package 'autoware_component_interface_specs' build argument 'cmake_clean_cache' from command line to 'False'
[0.791s] Level 5:colcon.colcon_core.verb:set package 'autoware_component_interface_specs' build argument 'cmake_clean_first' from command line to 'False'
[0.791s] Level 5:colcon.colcon_core.verb:set package 'autoware_component_interface_specs' build argument 'cmake_force_configure' from command line to 'False'
[0.791s] Level 5:colcon.colcon_core.verb:set package 'autoware_component_interface_specs' build argument 'ament_cmake_args' from command line to 'None'
[0.791s] Level 5:colcon.colcon_core.verb:set package 'autoware_component_interface_specs' build argument 'catkin_cmake_args' from command line to 'None'
[0.791s] Level 5:colcon.colcon_core.verb:set package 'autoware_component_interface_specs' build argument 'catkin_skip_building_tests' from command line to 'False'
[0.791s] DEBUG:colcon.colcon_core.verb:Building package 'autoware_component_interface_specs' with the following arguments: {'ament_cmake_args': None, 'build_base': '/workspace/simpleav/20251204/src/simple_av/build/autoware_component_interface_specs', 'catkin_cmake_args': None, 'catkin_skip_building_tests': False, 'cmake_args': None, 'cmake_clean_cache': False, 'cmake_clean_first': False, 'cmake_force_configure': False, 'cmake_target': None, 'cmake_target_skip_unavailable': False, 'install_base': '/workspace/simpleav/20251204/src/simple_av/install/autoware_component_interface_specs', 'merge_install': False, 'path': '/workspace/simpleav/20251204/src/simple_av/src/visualization/core/autoware_core/common/autoware_component_interface_specs', 'symlink_install': True, 'test_result_base': None}
[0.791s] Level 5:colcon.colcon_core.verb:set package 'autoware_component_interface_utils' build argument 'cmake_args' from command line to 'None'
[0.791s] Level 5:colcon.colcon_core.verb:set package 'autoware_component_interface_utils' build argument 'cmake_target' from command line to 'None'
[0.791s] Level 5:colcon.colcon_core.verb:set package 'autoware_component_interface_utils' build argument 'cmake_target_skip_unavailable' from command line to 'False'
[0.791s] Level 5:colcon.colcon_core.verb:set package 'autoware_component_interface_utils' build argument 'cmake_clean_cache' from command line to 'False'
[0.791s] Level 5:colcon.colcon_core.verb:set package 'autoware_component_interface_utils' build argument 'cmake_clean_first' from command line to 'False'
[0.791s] Level 5:colcon.colcon_core.verb:set package 'autoware_component_interface_utils' build argument 'cmake_force_configure' from command line to 'False'
[0.791s] Level 5:colcon.colcon_core.verb:set package 'autoware_component_interface_utils' build argument 'ament_cmake_args' from command line to 'None'
[0.791s] Level 5:colcon.colcon_core.verb:set package 'autoware_component_interface_utils' build argument 'catkin_cmake_args' from command line to 'None'
[0.791s] Level 5:colcon.colcon_core.verb:set package 'autoware_component_interface_utils' build argument 'catkin_skip_building_tests' from command line to 'False'
[0.791s] DEBUG:colcon.colcon_core.verb:Building package 'autoware_component_interface_utils' with the following arguments: {'ament_cmake_args': None, 'build_base': '/workspace/simpleav/20251204/src/simple_av/build/autoware_component_interface_utils', 'catkin_cmake_args': None, 'catkin_skip_building_tests': False, 'cmake_args': None, 'cmake_clean_cache': False, 'cmake_clean_first': False, 'cmake_force_configure': False, 'cmake_target': None, 'cmake_target_skip_unavailable': False, 'install_base': '/workspace/simpleav/20251204/src/simple_av/install/autoware_component_interface_utils', 'merge_install': False, 'path': '/workspace/simpleav/20251204/src/simple_av/src/visualization/simulator/autoware_component_interface_utils', 'symlink_install': True, 'test_result_base': None}
[0.792s] Level 5:colcon.colcon_core.verb:set package 'autoware_internal_msgs' build argument 'cmake_args' from command line to 'None'
[0.792s] Level 5:colcon.colcon_core.verb:set package 'autoware_internal_msgs' build argument 'cmake_target' from command line to 'None'
[0.792s] Level 5:colcon.colcon_core.verb:set package 'autoware_internal_msgs' build argument 'cmake_target_skip_unavailable' from command line to 'False'
[0.792s] Level 5:colcon.colcon_core.verb:set package 'autoware_internal_msgs' build argument 'cmake_clean_cache' from command line to 'False'
[0.792s] Level 5:colcon.colcon_core.verb:set package 'autoware_internal_msgs' build argument 'cmake_clean_first' from command line to 'False'
[0.792s] Level 5:colcon.colcon_core.verb:set package 'autoware_internal_msgs' build argument 'cmake_force_configure' from command line to 'False'
[0.792s] Level 5:colcon.colcon_core.verb:set package 'autoware_internal_msgs' build argument 'ament_cmake_args' from command line to 'None'
[0.792s] Level 5:colcon.colcon_core.verb:set package 'autoware_internal_msgs' build argument 'catkin_cmake_args' from command line to 'None'
[0.792s] Level 5:colcon.colcon_core.verb:set package 'autoware_internal_msgs' build argument 'catkin_skip_building_tests' from command line to 'False'
[0.792s] DEBUG:colcon.colcon_core.verb:Building package 'autoware_internal_msgs' with the following arguments: {'ament_cmake_args': None, 'build_base': '/workspace/simpleav/20251204/src/simple_av/build/autoware_internal_msgs', 'catkin_cmake_args': None, 'catkin_skip_building_tests': False, 'cmake_args': None, 'cmake_clean_cache': False, 'cmake_clean_first': False, 'cmake_force_configure': False, 'cmake_target': None, 'cmake_target_skip_unavailable': False, 'install_base': '/workspace/simpleav/20251204/src/simple_av/install/autoware_internal_msgs', 'merge_install': False, 'path': '/workspace/simpleav/20251204/src/simple_av/src/visualization/autoware_internal_msgs/autoware_internal_msgs', 'symlink_install': True, 'test_result_base': None}
[0.792s] Level 5:colcon.colcon_core.verb:set package 'autoware_lanelet2_extension' build argument 'cmake_args' from command line to 'None'
[0.792s] Level 5:colcon.colcon_core.verb:set package 'autoware_lanelet2_extension' build argument 'cmake_target' from command line to 'None'
[0.792s] Level 5:colcon.colcon_core.verb:set package 'autoware_lanelet2_extension' build argument 'cmake_target_skip_unavailable' from command line to 'False'
[0.792s] Level 5:colcon.colcon_core.verb:set package 'autoware_lanelet2_extension' build argument 'cmake_clean_cache' from command line to 'False'
[0.792s] Level 5:colcon.colcon_core.verb:set package 'autoware_lanelet2_extension' build argument 'cmake_clean_first' from command line to 'False'
[0.792s] Level 5:colcon.colcon_core.verb:set package 'autoware_lanelet2_extension' build argument 'cmake_force_configure' from command line to 'False'
[0.792s] Level 5:colcon.colcon_core.verb:set package 'autoware_lanelet2_extension' build argument 'ament_cmake_args' from command line to 'None'
[0.792s] Level 5:colcon.colcon_core.verb:set package 'autoware_lanelet2_extension' build argument 'catkin_cmake_args' from command line to 'None'
[0.792s] Level 5:colcon.colcon_core.verb:set package 'autoware_lanelet2_extension' build argument 'catkin_skip_building_tests' from command line to 'False'
[0.792s] DEBUG:colcon.colcon_core.verb:Building package 'autoware_lanelet2_extension' with the following arguments: {'ament_cmake_args': None, 'build_base': '/workspace/simpleav/20251204/src/simple_av/build/autoware_lanelet2_extension', 'catkin_cmake_args': None, 'catkin_skip_building_tests': False, 'cmake_args': None, 'cmake_clean_cache': False, 'cmake_clean_first': False, 'cmake_force_configure': False, 'cmake_target': None, 'cmake_target_skip_unavailable': False, 'install_base': '/workspace/simpleav/20251204/src/simple_av/install/autoware_lanelet2_extension', 'merge_install': False, 'path': '/workspace/simpleav/20251204/src/simple_av/src/visualization/autoware_lanelet2_extension/autoware_lanelet2_extension', 'symlink_install': True, 'test_result_base': None}
[0.793s] Level 5:colcon.colcon_core.verb:set package 'autoware_overlay_rviz_plugin' build argument 'cmake_args' from command line to 'None'
[0.793s] Level 5:colcon.colcon_core.verb:set package 'autoware_overlay_rviz_plugin' build argument 'cmake_target' from command line to 'None'
[0.793s] Level 5:colcon.colcon_core.verb:set package 'autoware_overlay_rviz_plugin' build argument 'cmake_target_skip_unavailable' from command line to 'False'
[0.793s] Level 5:colcon.colcon_core.verb:set package 'autoware_overlay_rviz_plugin' build argument 'cmake_clean_cache' from command line to 'False'
[0.793s] Level 5:colcon.colcon_core.verb:set package 'autoware_overlay_rviz_plugin' build argument 'cmake_clean_first' from command line to 'False'
[0.793s] Level 5:colcon.colcon_core.verb:set package 'autoware_overlay_rviz_plugin' build argument 'cmake_force_configure' from command line to 'False'
[0.793s] Level 5:colcon.colcon_core.verb:set package 'autoware_overlay_rviz_plugin' build argument 'ament_cmake_args' from command line to 'None'
[0.793s] Level 5:colcon.colcon_core.verb:set package 'autoware_overlay_rviz_plugin' build argument 'catkin_cmake_args' from command line to 'None'
[0.793s] Level 5:colcon.colcon_core.verb:set package 'autoware_overlay_rviz_plugin' build argument 'catkin_skip_building_tests' from command line to 'False'
[0.793s] DEBUG:colcon.colcon_core.verb:Building package 'autoware_overlay_rviz_plugin' with the following arguments: {'ament_cmake_args': None, 'build_base': '/workspace/simpleav/20251204/src/simple_av/build/autoware_overlay_rviz_plugin', 'catkin_cmake_args': None, 'catkin_skip_building_tests': False, 'cmake_args': None, 'cmake_clean_cache': False, 'cmake_clean_first': False, 'cmake_force_configure': False, 'cmake_target': None, 'cmake_target_skip_unavailable': False, 'install_base': '/workspace/simpleav/20251204/src/simple_av/install/autoware_overlay_rviz_plugin', 'merge_install': False, 'path': '/workspace/simpleav/20251204/src/simple_av/src/visualization/autoware_plugins/autoware_overlay_rviz_plugin/autoware_overlay_rviz_plugin', 'symlink_install': True, 'test_result_base': None}
[0.793s] Level 5:colcon.colcon_core.verb:set package 'autoware_perception_rviz_plugin' build argument 'cmake_args' from command line to 'None'
[0.793s] Level 5:colcon.colcon_core.verb:set package 'autoware_perception_rviz_plugin' build argument 'cmake_target' from command line to 'None'
[0.793s] Level 5:colcon.colcon_core.verb:set package 'autoware_perception_rviz_plugin' build argument 'cmake_target_skip_unavailable' from command line to 'False'
[0.794s] Level 5:colcon.colcon_core.verb:set package 'autoware_perception_rviz_plugin' build argument 'cmake_clean_cache' from command line to 'False'
[0.794s] Level 5:colcon.colcon_core.verb:set package 'autoware_perception_rviz_plugin' build argument 'cmake_clean_first' from command line to 'False'
[0.794s] Level 5:colcon.colcon_core.verb:set package 'autoware_perception_rviz_plugin' build argument 'cmake_force_configure' from command line to 'False'
[0.794s] Level 5:colcon.colcon_core.verb:set package 'autoware_perception_rviz_plugin' build argument 'ament_cmake_args' from command line to 'None'
[0.794s] Level 5:colcon.colcon_core.verb:set package 'autoware_perception_rviz_plugin' build argument 'catkin_cmake_args' from command line to 'None'
[0.794s] Level 5:colcon.colcon_core.verb:set package 'autoware_perception_rviz_plugin' build argument 'catkin_skip_building_tests' from command line to 'False'
[0.794s] DEBUG:colcon.colcon_core.verb:Building package 'autoware_perception_rviz_plugin' with the following arguments: {'ament_cmake_args': None, 'build_base': '/workspace/simpleav/20251204/src/simple_av/build/autoware_perception_rviz_plugin', 'catkin_cmake_args': None, 'catkin_skip_building_tests': False, 'cmake_args': None, 'cmake_clean_cache': False, 'cmake_clean_first': False, 'cmake_force_configure': False, 'cmake_target': None, 'cmake_target_skip_unavailable': False, 'install_base': '/workspace/simpleav/20251204/src/simple_av/install/autoware_perception_rviz_plugin', 'merge_install': False, 'path': '/workspace/simpleav/20251204/src/simple_av/src/visualization/autoware_plugins/autoware_perception_rviz_plugin', 'symlink_install': True, 'test_result_base': None}
[0.794s] Level 5:colcon.colcon_core.verb:set package 'autoware_polar_grid' build argument 'cmake_args' from command line to 'None'
[0.794s] Level 5:colcon.colcon_core.verb:set package 'autoware_polar_grid' build argument 'cmake_target' from command line to 'None'
[0.794s] Level 5:colcon.colcon_core.verb:set package 'autoware_polar_grid' build argument 'cmake_target_skip_unavailable' from command line to 'False'
[0.794s] Level 5:colcon.colcon_core.verb:set package 'autoware_polar_grid' build argument 'cmake_clean_cache' from command line to 'False'
[0.794s] Level 5:colcon.colcon_core.verb:set package 'autoware_polar_grid' build argument 'cmake_clean_first' from command line to 'False'
[0.794s] Level 5:colcon.colcon_core.verb:set package 'autoware_polar_grid' build argument 'cmake_force_configure' from command line to 'False'
[0.794s] Level 5:colcon.colcon_core.verb:set package 'autoware_polar_grid' build argument 'ament_cmake_args' from command line to 'None'
[0.794s] Level 5:colcon.colcon_core.verb:set package 'autoware_polar_grid' build argument 'catkin_cmake_args' from command line to 'None'
[0.794s] Level 5:colcon.colcon_core.verb:set package 'autoware_polar_grid' build argument 'catkin_skip_building_tests' from command line to 'False'
[0.794s] DEBUG:colcon.colcon_core.verb:Building package 'autoware_polar_grid' with the following arguments: {'ament_cmake_args': None, 'build_base': '/workspace/simpleav/20251204/src/simple_av/build/autoware_polar_grid', 'catkin_cmake_args': None, 'catkin_skip_building_tests': False, 'cmake_args': None, 'cmake_clean_cache': False, 'cmake_clean_first': False, 'cmake_force_configure': False, 'cmake_target': None, 'cmake_target_skip_unavailable': False, 'install_base': '/workspace/simpleav/20251204/src/simple_av/install/autoware_polar_grid', 'merge_install': False, 'path': '/workspace/simpleav/20251204/src/simple_av/src/visualization/simulator/autoware_polar_grid', 'symlink_install': True, 'test_result_base': None}
[0.795s] Level 5:colcon.colcon_core.verb:set package 'autoware_string_stamped_rviz_plugin' build argument 'cmake_args' from command line to 'None'
[0.795s] Level 5:colcon.colcon_core.verb:set package 'autoware_string_stamped_rviz_plugin' build argument 'cmake_target' from command line to 'None'
[0.795s] Level 5:colcon.colcon_core.verb:set package 'autoware_string_stamped_rviz_plugin' build argument 'cmake_target_skip_unavailable' from command line to 'False'
[0.795s] Level 5:colcon.colcon_core.verb:set package 'autoware_string_stamped_rviz_plugin' build argument 'cmake_clean_cache' from command line to 'False'
[0.795s] Level 5:colcon.colcon_core.verb:set package 'autoware_string_stamped_rviz_plugin' build argument 'cmake_clean_first' from command line to 'False'
[0.795s] Level 5:colcon.colcon_core.verb:set package 'autoware_string_stamped_rviz_plugin' build argument 'cmake_force_configure' from command line to 'False'
[0.795s] Level 5:colcon.colcon_core.verb:set package 'autoware_string_stamped_rviz_plugin' build argument 'ament_cmake_args' from command line to 'None'
[0.795s] Level 5:colcon.colcon_core.verb:set package 'autoware_string_stamped_rviz_plugin' build argument 'catkin_cmake_args' from command line to 'None'
[0.795s] Level 5:colcon.colcon_core.verb:set package 'autoware_string_stamped_rviz_plugin' build argument 'catkin_skip_building_tests' from command line to 'False'
[0.795s] DEBUG:colcon.colcon_core.verb:Building package 'autoware_string_stamped_rviz_plugin' with the following arguments: {'ament_cmake_args': None, 'build_base': '/workspace/simpleav/20251204/src/simple_av/build/autoware_string_stamped_rviz_plugin', 'catkin_cmake_args': None, 'catkin_skip_building_tests': False, 'cmake_args': None, 'cmake_clean_cache': False, 'cmake_clean_first': False, 'cmake_force_configure': False, 'cmake_target': None, 'cmake_target_skip_unavailable': False, 'install_base': '/workspace/simpleav/20251204/src/simple_av/install/autoware_string_stamped_rviz_plugin', 'merge_install': False, 'path': '/workspace/simpleav/20251204/src/simple_av/src/visualization/autoware_plugins/autoware_overlay_rviz_plugin/autoware_string_stamped_overlay_rviz_plugin', 'symlink_install': True, 'test_result_base': None}
[0.795s] Level 5:colcon.colcon_core.verb:set package 'autoware_utils_diagnostics' build argument 'cmake_args' from command line to 'None'
[0.795s] Level 5:colcon.colcon_core.verb:set package 'autoware_utils_diagnostics' build argument 'cmake_target' from command line to 'None'
[0.795s] Level 5:colcon.colcon_core.verb:set package 'autoware_utils_diagnostics' build argument 'cmake_target_skip_unavailable' from command line to 'False'
[0.795s] Level 5:colcon.colcon_core.verb:set package 'autoware_utils_diagnostics' build argument 'cmake_clean_cache' from command line to 'False'
[0.795s] Level 5:colcon.colcon_core.verb:set package 'autoware_utils_diagnostics' build argument 'cmake_clean_first' from command line to 'False'
[0.795s] Level 5:colcon.colcon_core.verb:set package 'autoware_utils_diagnostics' build argument 'cmake_force_configure' from command line to 'False'
[0.795s] Level 5:colcon.colcon_core.verb:set package 'autoware_utils_diagnostics' build argument 'ament_cmake_args' from command line to 'None'
[0.795s] Level 5:colcon.colcon_core.verb:set package 'autoware_utils_diagnostics' build argument 'catkin_cmake_args' from command line to 'None'
[0.795s] Level 5:colcon.colcon_core.verb:set package 'autoware_utils_diagnostics' build argument 'catkin_skip_building_tests' from command line to 'False'
[0.795s] DEBUG:colcon.colcon_core.verb:Building package 'autoware_utils_diagnostics' with the following arguments: {'ament_cmake_args': None, 'build_base': '/workspace/simpleav/20251204/src/simple_av/build/autoware_utils_diagnostics', 'catkin_cmake_args': None, 'catkin_skip_building_tests': False, 'cmake_args': None, 'cmake_clean_cache': False, 'cmake_clean_first': False, 'cmake_force_configure': False, 'cmake_target': None, 'cmake_target_skip_unavailable': False, 'install_base': '/workspace/simpleav/20251204/src/simple_av/install/autoware_utils_diagnostics', 'merge_install': False, 'path': '/workspace/simpleav/20251204/src/simple_av/src/visualization/core/autoware_utils/autoware_utils_diagnostics', 'symlink_install': True, 'test_result_base': None}
[0.796s] Level 5:colcon.colcon_core.verb:set package 'autoware_utils_logging' build argument 'cmake_args' from command line to 'None'
[0.796s] Level 5:colcon.colcon_core.verb:set package 'autoware_utils_logging' build argument 'cmake_target' from command line to 'None'
[0.796s] Level 5:colcon.colcon_core.verb:set package 'autoware_utils_logging' build argument 'cmake_target_skip_unavailable' from command line to 'False'
[0.796s] Level 5:colcon.colcon_core.verb:set package 'autoware_utils_logging' build argument 'cmake_clean_cache' from command line to 'False'
[0.796s] Level 5:colcon.colcon_core.verb:set package 'autoware_utils_logging' build argument 'cmake_clean_first' from command line to 'False'
[0.796s] Level 5:colcon.colcon_core.verb:set package 'autoware_utils_logging' build argument 'cmake_force_configure' from command line to 'False'
[0.796s] Level 5:colcon.colcon_core.verb:set package 'autoware_utils_logging' build argument 'ament_cmake_args' from command line to 'None'
[0.796s] Level 5:colcon.colcon_core.verb:set package 'autoware_utils_logging' build argument 'catkin_cmake_args' from command line to 'None'
[0.796s] Level 5:colcon.colcon_core.verb:set package 'autoware_utils_logging' build argument 'catkin_skip_building_tests' from command line to 'False'
[0.796s] DEBUG:colcon.colcon_core.verb:Building package 'autoware_utils_logging' with the following arguments: {'ament_cmake_args': None, 'build_base': '/workspace/simpleav/20251204/src/simple_av/build/autoware_utils_logging', 'catkin_cmake_args': None, 'catkin_skip_building_tests': False, 'cmake_args': None, 'cmake_clean_cache': False, 'cmake_clean_first': False, 'cmake_force_configure': False, 'cmake_target': None, 'cmake_target_skip_unavailable': False, 'install_base': '/workspace/simpleav/20251204/src/simple_av/install/autoware_utils_logging', 'merge_install': False, 'path': '/workspace/simpleav/20251204/src/simple_av/src/visualization/core/autoware_utils/autoware_utils_logging', 'symlink_install': True, 'test_result_base': None}
[0.796s] Level 5:colcon.colcon_core.verb:set package 'autoware_utils_math' build argument 'cmake_args' from command line to 'None'
[0.796s] Level 5:colcon.colcon_core.verb:set package 'autoware_utils_math' build argument 'cmake_target' from command line to 'None'
[0.796s] Level 5:colcon.colcon_core.verb:set package 'autoware_utils_math' build argument 'cmake_target_skip_unavailable' from command line to 'False'
[0.796s] Level 5:colcon.colcon_core.verb:set package 'autoware_utils_math' build argument 'cmake_clean_cache' from command line to 'False'
[0.796s] Level 5:colcon.colcon_core.verb:set package 'autoware_utils_math' build argument 'cmake_clean_first' from command line to 'False'
[0.796s] Level 5:colcon.colcon_core.verb:set package 'autoware_utils_math' build argument 'cmake_force_configure' from command line to 'False'
[0.796s] Level 5:colcon.colcon_core.verb:set package 'autoware_utils_math' build argument 'ament_cmake_args' from command line to 'None'
[0.796s] Level 5:colcon.colcon_core.verb:set package 'autoware_utils_math' build argument 'catkin_cmake_args' from command line to 'None'
[0.797s] Level 5:colcon.colcon_core.verb:set package 'autoware_utils_math' build argument 'catkin_skip_building_tests' from command line to 'False'
[0.797s] DEBUG:colcon.colcon_core.verb:Building package 'autoware_utils_math' with the following arguments: {'ament_cmake_args': None, 'build_base': '/workspace/simpleav/20251204/src/simple_av/build/autoware_utils_math', 'catkin_cmake_args': None, 'catkin_skip_building_tests': False, 'cmake_args': None, 'cmake_clean_cache': False, 'cmake_clean_first': False, 'cmake_force_configure': False, 'cmake_target': None, 'cmake_target_skip_unavailable': False, 'install_base': '/workspace/simpleav/20251204/src/simple_av/install/autoware_utils_math', 'merge_install': False, 'path': '/workspace/simpleav/20251204/src/simple_av/src/visualization/core/autoware_utils/autoware_utils_math', 'symlink_install': True, 'test_result_base': None}
[0.797s] Level 5:colcon.colcon_core.verb:set package 'autoware_utils_rclcpp' build argument 'cmake_args' from command line to 'None'
[0.797s] Level 5:colcon.colcon_core.verb:set package 'autoware_utils_rclcpp' build argument 'cmake_target' from command line to 'None'
[0.797s] Level 5:colcon.colcon_core.verb:set package 'autoware_utils_rclcpp' build argument 'cmake_target_skip_unavailable' from command line to 'False'
[0.797s] Level 5:colcon.colcon_core.verb:set package 'autoware_utils_rclcpp' build argument 'cmake_clean_cache' from command line to 'False'
[0.797s] Level 5:colcon.colcon_core.verb:set package 'autoware_utils_rclcpp' build argument 'cmake_clean_first' from command line to 'False'
[0.797s] Level 5:colcon.colcon_core.verb:set package 'autoware_utils_rclcpp' build argument 'cmake_force_configure' from command line to 'False'
[0.797s] Level 5:colcon.colcon_core.verb:set package 'autoware_utils_rclcpp' build argument 'ament_cmake_args' from command line to 'None'
[0.797s] Level 5:colcon.colcon_core.verb:set package 'autoware_utils_rclcpp' build argument 'catkin_cmake_args' from command line to 'None'
[0.797s] Level 5:colcon.colcon_core.verb:set package 'autoware_utils_rclcpp' build argument 'catkin_skip_building_tests' from command line to 'False'
[0.797s] DEBUG:colcon.colcon_core.verb:Building package 'autoware_utils_rclcpp' with the following arguments: {'ament_cmake_args': None, 'build_base': '/workspace/simpleav/20251204/src/simple_av/build/autoware_utils_rclcpp', 'catkin_cmake_args': None, 'catkin_skip_building_tests': False, 'cmake_args': None, 'cmake_clean_cache': False, 'cmake_clean_first': False, 'cmake_force_configure': False, 'cmake_target': None, 'cmake_target_skip_unavailable': False, 'install_base': '/workspace/simpleav/20251204/src/simple_av/install/autoware_utils_rclcpp', 'merge_install': False, 'path': '/workspace/simpleav/20251204/src/simple_av/src/visualization/core/autoware_utils/autoware_utils_rclcpp', 'symlink_install': True, 'test_result_base': None}
[0.797s] Level 5:colcon.colcon_core.verb:set package 'autoware_utils_system' build argument 'cmake_args' from command line to 'None'
[0.798s] Level 5:colcon.colcon_core.verb:set package 'autoware_utils_system' build argument 'cmake_target' from command line to 'None'
[0.798s] Level 5:colcon.colcon_core.verb:set package 'autoware_utils_system' build argument 'cmake_target_skip_unavailable' from command line to 'False'
[0.798s] Level 5:colcon.colcon_core.verb:set package 'autoware_utils_system' build argument 'cmake_clean_cache' from command line to 'False'
[0.798s] Level 5:colcon.colcon_core.verb:set package 'autoware_utils_system' build argument 'cmake_clean_first' from command line to 'False'
[0.798s] Level 5:colcon.colcon_core.verb:set package 'autoware_utils_system' build argument 'cmake_force_configure' from command line to 'False'
[0.798s] Level 5:colcon.colcon_core.verb:set package 'autoware_utils_system' build argument 'ament_cmake_args' from command line to 'None'
[0.798s] Level 5:colcon.colcon_core.verb:set package 'autoware_utils_system' build argument 'catkin_cmake_args' from command line to 'None'
[0.798s] Level 5:colcon.colcon_core.verb:set package 'autoware_utils_system' build argument 'catkin_skip_building_tests' from command line to 'False'
[0.798s] DEBUG:colcon.colcon_core.verb:Building package 'autoware_utils_system' with the following arguments: {'ament_cmake_args': None, 'build_base': '/workspace/simpleav/20251204/src/simple_av/build/autoware_utils_system', 'catkin_cmake_args': None, 'catkin_skip_building_tests': False, 'cmake_args': None, 'cmake_clean_cache': False, 'cmake_clean_first': False, 'cmake_force_configure': False, 'cmake_target': None, 'cmake_target_skip_unavailable': False, 'install_base': '/workspace/simpleav/20251204/src/simple_av/install/autoware_utils_system', 'merge_install': False, 'path': '/workspace/simpleav/20251204/src/simple_av/src/visualization/core/autoware_utils/autoware_utils_system', 'symlink_install': True, 'test_result_base': None}
[0.798s] Level 5:colcon.colcon_core.verb:set package 'autoware_utils_uuid' build argument 'cmake_args' from command line to 'None'
[0.798s] Level 5:colcon.colcon_core.verb:set package 'autoware_utils_uuid' build argument 'cmake_target' from command line to 'None'
[0.798s] Level 5:colcon.colcon_core.verb:set package 'autoware_utils_uuid' build argument 'cmake_target_skip_unavailable' from command line to 'False'
[0.798s] Level 5:colcon.colcon_core.verb:set package 'autoware_utils_uuid' build argument 'cmake_clean_cache' from command line to 'False'
[0.798s] Level 5:colcon.colcon_core.verb:set package 'autoware_utils_uuid' build argument 'cmake_clean_first' from command line to 'False'
[0.798s] Level 5:colcon.colcon_core.verb:set package 'autoware_utils_uuid' build argument 'cmake_force_configure' from command line to 'False'
[0.798s] Level 5:colcon.colcon_core.verb:set package 'autoware_utils_uuid' build argument 'ament_cmake_args' from command line to 'None'
[0.798s] Level 5:colcon.colcon_core.verb:set package 'autoware_utils_uuid' build argument 'catkin_cmake_args' from command line to 'None'
[0.798s] Level 5:colcon.colcon_core.verb:set package 'autoware_utils_uuid' build argument 'catkin_skip_building_tests' from command line to 'False'
[0.798s] DEBUG:colcon.colcon_core.verb:Building package 'autoware_utils_uuid' with the following arguments: {'ament_cmake_args': None, 'build_base': '/workspace/simpleav/20251204/src/simple_av/build/autoware_utils_uuid', 'catkin_cmake_args': None, 'catkin_skip_building_tests': False, 'cmake_args': None, 'cmake_clean_cache': False, 'cmake_clean_first': False, 'cmake_force_configure': False, 'cmake_target': None, 'cmake_target_skip_unavailable': False, 'install_base': '/workspace/simpleav/20251204/src/simple_av/install/autoware_utils_uuid', 'merge_install': False, 'path': '/workspace/simpleav/20251204/src/simple_av/src/visualization/core/autoware_utils/autoware_utils_uuid', 'symlink_install': True, 'test_result_base': None}
[0.799s] Level 5:colcon.colcon_core.verb:set package 'autoware_utils_visualization' build argument 'cmake_args' from command line to 'None'
[0.799s] Level 5:colcon.colcon_core.verb:set package 'autoware_utils_visualization' build argument 'cmake_target' from command line to 'None'
[0.799s] Level 5:colcon.colcon_core.verb:set package 'autoware_utils_visualization' build argument 'cmake_target_skip_unavailable' from command line to 'False'
[0.799s] Level 5:colcon.colcon_core.verb:set package 'autoware_utils_visualization' build argument 'cmake_clean_cache' from command line to 'False'
[0.799s] Level 5:colcon.colcon_core.verb:set package 'autoware_utils_visualization' build argument 'cmake_clean_first' from command line to 'False'
[0.799s] Level 5:colcon.colcon_core.verb:set package 'autoware_utils_visualization' build argument 'cmake_force_configure' from command line to 'False'
[0.799s] Level 5:colcon.colcon_core.verb:set package 'autoware_utils_visualization' build argument 'ament_cmake_args' from command line to 'None'
[0.799s] Level 5:colcon.colcon_core.verb:set package 'autoware_utils_visualization' build argument 'catkin_cmake_args' from command line to 'None'
[0.799s] Level 5:colcon.colcon_core.verb:set package 'autoware_utils_visualization' build argument 'catkin_skip_building_tests' from command line to 'False'
[0.799s] DEBUG:colcon.colcon_core.verb:Building package 'autoware_utils_visualization' with the following arguments: {'ament_cmake_args': None, 'build_base': '/workspace/simpleav/20251204/src/simple_av/build/autoware_utils_visualization', 'catkin_cmake_args': None, 'catkin_skip_building_tests': False, 'cmake_args': None, 'cmake_clean_cache': False, 'cmake_clean_first': False, 'cmake_force_configure': False, 'cmake_target': None, 'cmake_target_skip_unavailable': False, 'install_base': '/workspace/simpleav/20251204/src/simple_av/install/autoware_utils_visualization', 'merge_install': False, 'path': '/workspace/simpleav/20251204/src/simple_av/src/visualization/core/autoware_utils/autoware_utils_visualization', 'symlink_install': True, 'test_result_base': None}
[0.799s] Level 5:colcon.colcon_core.verb:set package 'control' build argument 'cmake_args' from command line to 'None'
[0.799s] Level 5:colcon.colcon_core.verb:set package 'control' build argument 'cmake_target' from command line to 'None'
[0.799s] Level 5:colcon.colcon_core.verb:set package 'control' build argument 'cmake_target_skip_unavailable' from command line to 'False'
[0.799s] Level 5:colcon.colcon_core.verb:set package 'control' build argument 'cmake_clean_cache' from command line to 'False'
[0.799s] Level 5:colcon.colcon_core.verb:set package 'control' build argument 'cmake_clean_first' from command line to 'False'
[0.799s] Level 5:colcon.colcon_core.verb:set package 'control' build argument 'cmake_force_configure' from command line to 'False'
[0.799s] Level 5:colcon.colcon_core.verb:set package 'control' build argument 'ament_cmake_args' from command line to 'None'
[0.799s] Level 5:colcon.colcon_core.verb:set package 'control' build argument 'catkin_cmake_args' from command line to 'None'
[0.799s] Level 5:colcon.colcon_core.verb:set package 'control' build argument 'catkin_skip_building_tests' from command line to 'False'
[0.799s] DEBUG:colcon.colcon_core.verb:Building package 'control' with the following arguments: {'ament_cmake_args': None, 'build_base': '/workspace/simpleav/20251204/src/simple_av/build/control', 'catkin_cmake_args': None, 'catkin_skip_building_tests': False, 'cmake_args': None, 'cmake_clean_cache': False, 'cmake_clean_first': False, 'cmake_force_configure': False, 'cmake_target': None, 'cmake_target_skip_unavailable': False, 'install_base': '/workspace/simpleav/20251204/src/simple_av/install/control', 'merge_install': False, 'path': '/workspace/simpleav/20251204/src/simple_av/src/control', 'symlink_install': True, 'test_result_base': None}
[0.800s] Level 5:colcon.colcon_core.verb:set package 'planning' build argument 'cmake_args' from command line to 'None'
[0.800s] Level 5:colcon.colcon_core.verb:set package 'planning' build argument 'cmake_target' from command line to 'None'
[0.800s] Level 5:colcon.colcon_core.verb:set package 'planning' build argument 'cmake_target_skip_unavailable' from command line to 'False'
[0.800s] Level 5:colcon.colcon_core.verb:set package 'planning' build argument 'cmake_clean_cache' from command line to 'False'
[0.800s] Level 5:colcon.colcon_core.verb:set package 'planning' build argument 'cmake_clean_first' from command line to 'False'
[0.800s] Level 5:colcon.colcon_core.verb:set package 'planning' build argument 'cmake_force_configure' from command line to 'False'
[0.800s] Level 5:colcon.colcon_core.verb:set package 'planning' build argument 'ament_cmake_args' from command line to 'None'
[0.800s] Level 5:colcon.colcon_core.verb:set package 'planning' build argument 'catkin_cmake_args' from command line to 'None'
[0.800s] Level 5:colcon.colcon_core.verb:set package 'planning' build argument 'catkin_skip_building_tests' from command line to 'False'
[0.800s] DEBUG:colcon.colcon_core.verb:Building package 'planning' with the following arguments: {'ament_cmake_args': None, 'build_base': '/workspace/simpleav/20251204/src/simple_av/build/planning', 'catkin_cmake_args': None, 'catkin_skip_building_tests': False, 'cmake_args': None, 'cmake_clean_cache': False, 'cmake_clean_first': False, 'cmake_force_configure': False, 'cmake_target': None, 'cmake_target_skip_unavailable': False, 'install_base': '/workspace/simpleav/20251204/src/simple_av/install/planning', 'merge_install': False, 'path': '/workspace/simpleav/20251204/src/simple_av/src/planning', 'symlink_install': True, 'test_result_base': None}
[0.800s] Level 5:colcon.colcon_core.verb:set package 'simple_av_logger' build argument 'cmake_args' from command line to 'None'
[0.800s] Level 5:colcon.colcon_core.verb:set package 'simple_av_logger' build argument 'cmake_target' from command line to 'None'
[0.800s] Level 5:colcon.colcon_core.verb:set package 'simple_av_logger' build argument 'cmake_target_skip_unavailable' from command line to 'False'
[0.800s] Level 5:colcon.colcon_core.verb:set package 'simple_av_logger' build argument 'cmake_clean_cache' from command line to 'False'
[0.800s] Level 5:colcon.colcon_core.verb:set package 'simple_av_logger' build argument 'cmake_clean_first' from command line to 'False'
[0.801s] Level 5:colcon.colcon_core.verb:set package 'simple_av_logger' build argument 'cmake_force_configure' from command line to 'False'
[0.801s] Level 5:colcon.colcon_core.verb:set package 'simple_av_logger' build argument 'ament_cmake_args' from command line to 'None'
[0.801s] Level 5:colcon.colcon_core.verb:set package 'simple_av_logger' build argument 'catkin_cmake_args' from command line to 'None'
[0.801s] Level 5:colcon.colcon_core.verb:set package 'simple_av_logger' build argument 'catkin_skip_building_tests' from command line to 'False'
[0.801s] DEBUG:colcon.colcon_core.verb:Building package 'simple_av_logger' with the following arguments: {'ament_cmake_args': None, 'build_base': '/workspace/simpleav/20251204/src/simple_av/build/simple_av_logger', 'catkin_cmake_args': None, 'catkin_skip_building_tests': False, 'cmake_args': None, 'cmake_clean_cache': False, 'cmake_clean_first': False, 'cmake_force_configure': False, 'cmake_target': None, 'cmake_target_skip_unavailable': False, 'install_base': '/workspace/simpleav/20251204/src/simple_av/install/simple_av_logger', 'merge_install': False, 'path': '/workspace/simpleav/20251204/src/simple_av/src/simple_av_logger', 'symlink_install': True, 'test_result_base': None}
[0.801s] Level 5:colcon.colcon_core.verb:set package 'tier4_datetime_rviz_plugin' build argument 'cmake_args' from command line to 'None'
[0.801s] Level 5:colcon.colcon_core.verb:set package 'tier4_datetime_rviz_plugin' build argument 'cmake_target' from command line to 'None'
[0.801s] Level 5:colcon.colcon_core.verb:set package 'tier4_datetime_rviz_plugin' build argument 'cmake_target_skip_unavailable' from command line to 'False'
[0.801s] Level 5:colcon.colcon_core.verb:set package 'tier4_datetime_rviz_plugin' build argument 'cmake_clean_cache' from command line to 'False'
[0.801s] Level 5:colcon.colcon_core.verb:set package 'tier4_datetime_rviz_plugin' build argument 'cmake_clean_first' from command line to 'False'
[0.801s] Level 5:colcon.colcon_core.verb:set package 'tier4_datetime_rviz_plugin' build argument 'cmake_force_configure' from command line to 'False'
[0.801s] Level 5:colcon.colcon_core.verb:set package 'tier4_datetime_rviz_plugin' build argument 'ament_cmake_args' from command line to 'None'
[0.801s] Level 5:colcon.colcon_core.verb:set package 'tier4_datetime_rviz_plugin' build argument 'catkin_cmake_args' from command line to 'None'
[0.801s] Level 5:colcon.colcon_core.verb:set package 'tier4_datetime_rviz_plugin' build argument 'catkin_skip_building_tests' from command line to 'False'
[0.801s] DEBUG:colcon.colcon_core.verb:Building package 'tier4_datetime_rviz_plugin' with the following arguments: {'ament_cmake_args': None, 'build_base': '/workspace/simpleav/20251204/src/simple_av/build/tier4_datetime_rviz_plugin', 'catkin_cmake_args': None, 'catkin_skip_building_tests': False, 'cmake_args': None, 'cmake_clean_cache': False, 'cmake_clean_first': False, 'cmake_force_configure': False, 'cmake_target': None, 'cmake_target_skip_unavailable': False, 'install_base': '/workspace/simpleav/20251204/src/simple_av/install/tier4_datetime_rviz_plugin', 'merge_install': False, 'path': '/workspace/simpleav/20251204/src/simple_av/src/visualization/autoware_plugins/tier4_datetime_rviz_plugin', 'symlink_install': True, 'test_result_base': None}
[0.802s] Level 5:colcon.colcon_core.verb:set package 'tier4_dummy_object_rviz_plugin' build argument 'cmake_args' from command line to 'None'
[0.802s] Level 5:colcon.colcon_core.verb:set package 'tier4_dummy_object_rviz_plugin' build argument 'cmake_target' from command line to 'None'
[0.802s] Level 5:colcon.colcon_core.verb:set package 'tier4_dummy_object_rviz_plugin' build argument 'cmake_target_skip_unavailable' from command line to 'False'
[0.802s] Level 5:colcon.colcon_core.verb:set package 'tier4_dummy_object_rviz_plugin' build argument 'cmake_clean_cache' from command line to 'False'
[0.802s] Level 5:colcon.colcon_core.verb:set package 'tier4_dummy_object_rviz_plugin' build argument 'cmake_clean_first' from command line to 'False'
[0.802s] Level 5:colcon.colcon_core.verb:set package 'tier4_dummy_object_rviz_plugin' build argument 'cmake_force_configure' from command line to 'False'
[0.802s] Level 5:colcon.colcon_core.verb:set package 'tier4_dummy_object_rviz_plugin' build argument 'ament_cmake_args' from command line to 'None'
[0.802s] Level 5:colcon.colcon_core.verb:set package 'tier4_dummy_object_rviz_plugin' build argument 'catkin_cmake_args' from command line to 'None'
[0.802s] Level 5:colcon.colcon_core.verb:set package 'tier4_dummy_object_rviz_plugin' build argument 'catkin_skip_building_tests' from command line to 'False'
[0.802s] DEBUG:colcon.colcon_core.verb:Building package 'tier4_dummy_object_rviz_plugin' with the following arguments: {'ament_cmake_args': None, 'build_base': '/workspace/simpleav/20251204/src/simple_av/build/tier4_dummy_object_rviz_plugin', 'catkin_cmake_args': None, 'catkin_skip_building_tests': False, 'cmake_args': None, 'cmake_clean_cache': False, 'cmake_clean_first': False, 'cmake_force_configure': False, 'cmake_target': None, 'cmake_target_skip_unavailable': False, 'install_base': '/workspace/simpleav/20251204/src/simple_av/install/tier4_dummy_object_rviz_plugin', 'merge_install': False, 'path': '/workspace/simpleav/20251204/src/simple_av/src/visualization/simulator/tier4_dummy_object_rviz_plugin', 'symlink_install': True, 'test_result_base': None}
[0.802s] Level 5:colcon.colcon_core.verb:set package 'autoware_geography_utils' build argument 'cmake_args' from command line to 'None'
[0.802s] Level 5:colcon.colcon_core.verb:set package 'autoware_geography_utils' build argument 'cmake_target' from command line to 'None'
[0.802s] Level 5:colcon.colcon_core.verb:set package 'autoware_geography_utils' build argument 'cmake_target_skip_unavailable' from command line to 'False'
[0.802s] Level 5:colcon.colcon_core.verb:set package 'autoware_geography_utils' build argument 'cmake_clean_cache' from command line to 'False'
[0.802s] Level 5:colcon.colcon_core.verb:set package 'autoware_geography_utils' build argument 'cmake_clean_first' from command line to 'False'
[0.802s] Level 5:colcon.colcon_core.verb:set package 'autoware_geography_utils' build argument 'cmake_force_configure' from command line to 'False'
[0.802s] Level 5:colcon.colcon_core.verb:set package 'autoware_geography_utils' build argument 'ament_cmake_args' from command line to 'None'
[0.802s] Level 5:colcon.colcon_core.verb:set package 'autoware_geography_utils' build argument 'catkin_cmake_args' from command line to 'None'
[0.802s] Level 5:colcon.colcon_core.verb:set package 'autoware_geography_utils' build argument 'catkin_skip_building_tests' from command line to 'False'
[0.802s] DEBUG:colcon.colcon_core.verb:Building package 'autoware_geography_utils' with the following arguments: {'ament_cmake_args': None, 'build_base': '/workspace/simpleav/20251204/src/simple_av/build/autoware_geography_utils', 'catkin_cmake_args': None, 'catkin_skip_building_tests': False, 'cmake_args': None, 'cmake_clean_cache': False, 'cmake_clean_first': False, 'cmake_force_configure': False, 'cmake_target': None, 'cmake_target_skip_unavailable': False, 'install_base': '/workspace/simpleav/20251204/src/simple_av/install/autoware_geography_utils', 'merge_install': False, 'path': '/workspace/simpleav/20251204/src/simple_av/src/visualization/core/autoware_core/common/autoware_geography_utils', 'symlink_install': True, 'test_result_base': None}
[0.803s] Level 5:colcon.colcon_core.verb:set package 'autoware_lanelet2_extension_python' build argument 'cmake_args' from command line to 'None'
[0.803s] Level 5:colcon.colcon_core.verb:set package 'autoware_lanelet2_extension_python' build argument 'cmake_target' from command line to 'None'
[0.803s] Level 5:colcon.colcon_core.verb:set package 'autoware_lanelet2_extension_python' build argument 'cmake_target_skip_unavailable' from command line to 'False'
[0.803s] Level 5:colcon.colcon_core.verb:set package 'autoware_lanelet2_extension_python' build argument 'cmake_clean_cache' from command line to 'False'
[0.803s] Level 5:colcon.colcon_core.verb:set package 'autoware_lanelet2_extension_python' build argument 'cmake_clean_first' from command line to 'False'
[0.803s] Level 5:colcon.colcon_core.verb:set package 'autoware_lanelet2_extension_python' build argument 'cmake_force_configure' from command line to 'False'
[0.803s] Level 5:colcon.colcon_core.verb:set package 'autoware_lanelet2_extension_python' build argument 'ament_cmake_args' from command line to 'None'
[0.803s] Level 5:colcon.colcon_core.verb:set package 'autoware_lanelet2_extension_python' build argument 'catkin_cmake_args' from command line to 'None'
[0.803s] Level 5:colcon.colcon_core.verb:set package 'autoware_lanelet2_extension_python' build argument 'catkin_skip_building_tests' from command line to 'False'
[0.803s] DEBUG:colcon.colcon_core.verb:Building package 'autoware_lanelet2_extension_python' with the following arguments: {'ament_cmake_args': None, 'build_base': '/workspace/simpleav/20251204/src/simple_av/build/autoware_lanelet2_extension_python', 'catkin_cmake_args': None, 'catkin_skip_building_tests': False, 'cmake_args': None, 'cmake_clean_cache': False, 'cmake_clean_first': False, 'cmake_force_configure': False, 'cmake_target': None, 'cmake_target_skip_unavailable': False, 'install_base': '/workspace/simpleav/20251204/src/simple_av/install/autoware_lanelet2_extension_python', 'merge_install': False, 'path': '/workspace/simpleav/20251204/src/simple_av/src/visualization/autoware_lanelet2_extension/autoware_lanelet2_extension_python', 'symlink_install': True, 'test_result_base': None}
[0.803s] Level 5:colcon.colcon_core.verb:set package 'autoware_mission_details_overlay_rviz_plugin' build argument 'cmake_args' from command line to 'None'
[0.803s] Level 5:colcon.colcon_core.verb:set package 'autoware_mission_details_overlay_rviz_plugin' build argument 'cmake_target' from command line to 'None'
[0.803s] Level 5:colcon.colcon_core.verb:set package 'autoware_mission_details_overlay_rviz_plugin' build argument 'cmake_target_skip_unavailable' from command line to 'False'
[0.803s] Level 5:colcon.colcon_core.verb:set package 'autoware_mission_details_overlay_rviz_plugin' build argument 'cmake_clean_cache' from command line to 'False'
[0.803s] Level 5:colcon.colcon_core.verb:set package 'autoware_mission_details_overlay_rviz_plugin' build argument 'cmake_clean_first' from command line to 'False'
[0.803s] Level 5:colcon.colcon_core.verb:set package 'autoware_mission_details_overlay_rviz_plugin' build argument 'cmake_force_configure' from command line to 'False'
[0.803s] Level 5:colcon.colcon_core.verb:set package 'autoware_mission_details_overlay_rviz_plugin' build argument 'ament_cmake_args' from command line to 'None'
[0.803s] Level 5:colcon.colcon_core.verb:set package 'autoware_mission_details_overlay_rviz_plugin' build argument 'catkin_cmake_args' from command line to 'None'
[0.804s] Level 5:colcon.colcon_core.verb:set package 'autoware_mission_details_overlay_rviz_plugin' build argument 'catkin_skip_building_tests' from command line to 'False'
[0.804s] DEBUG:colcon.colcon_core.verb:Building package 'autoware_mission_details_overlay_rviz_plugin' with the following arguments: {'ament_cmake_args': None, 'build_base': '/workspace/simpleav/20251204/src/simple_av/build/autoware_mission_details_overlay_rviz_plugin', 'catkin_cmake_args': None, 'catkin_skip_building_tests': False, 'cmake_args': None, 'cmake_clean_cache': False, 'cmake_clean_first': False, 'cmake_force_configure': False, 'cmake_target': None, 'cmake_target_skip_unavailable': False, 'install_base': '/workspace/simpleav/20251204/src/simple_av/install/autoware_mission_details_overlay_rviz_plugin', 'merge_install': False, 'path': '/workspace/simpleav/20251204/src/simple_av/src/visualization/autoware_plugins/autoware_overlay_rviz_plugin/autoware_mission_details_overlay_rviz_plugin', 'symlink_install': True, 'test_result_base': None}
[0.804s] Level 5:colcon.colcon_core.verb:set package 'autoware_utils_debug' build argument 'cmake_args' from command line to 'None'
[0.804s] Level 5:colcon.colcon_core.verb:set package 'autoware_utils_debug' build argument 'cmake_target' from command line to 'None'
[0.804s] Level 5:colcon.colcon_core.verb:set package 'autoware_utils_debug' build argument 'cmake_target_skip_unavailable' from command line to 'False'
[0.804s] Level 5:colcon.colcon_core.verb:set package 'autoware_utils_debug' build argument 'cmake_clean_cache' from command line to 'False'
[0.804s] Level 5:colcon.colcon_core.verb:set package 'autoware_utils_debug' build argument 'cmake_clean_first' from command line to 'False'
[0.804s] Level 5:colcon.colcon_core.verb:set package 'autoware_utils_debug' build argument 'cmake_force_configure' from command line to 'False'
[0.804s] Level 5:colcon.colcon_core.verb:set package 'autoware_utils_debug' build argument 'ament_cmake_args' from command line to 'None'
[0.804s] Level 5:colcon.colcon_core.verb:set package 'autoware_utils_debug' build argument 'catkin_cmake_args' from command line to 'None'
[0.804s] Level 5:colcon.colcon_core.verb:set package 'autoware_utils_debug' build argument 'catkin_skip_building_tests' from command line to 'False'
[0.804s] DEBUG:colcon.colcon_core.verb:Building package 'autoware_utils_debug' with the following arguments: {'ament_cmake_args': None, 'build_base': '/workspace/simpleav/20251204/src/simple_av/build/autoware_utils_debug', 'catkin_cmake_args': None, 'catkin_skip_building_tests': False, 'cmake_args': None, 'cmake_clean_cache': False, 'cmake_clean_first': False, 'cmake_force_configure': False, 'cmake_target': None, 'cmake_target_skip_unavailable': False, 'install_base': '/workspace/simpleav/20251204/src/simple_av/install/autoware_utils_debug', 'merge_install': False, 'path': '/workspace/simpleav/20251204/src/simple_av/src/visualization/core/autoware_utils/autoware_utils_debug', 'symlink_install': True, 'test_result_base': None}
[0.805s] Level 5:colcon.colcon_core.verb:set package 'autoware_utils_geometry' build argument 'cmake_args' from command line to 'None'
[0.805s] Level 5:colcon.colcon_core.verb:set package 'autoware_utils_geometry' build argument 'cmake_target' from command line to 'None'
[0.805s] Level 5:colcon.colcon_core.verb:set package 'autoware_utils_geometry' build argument 'cmake_target_skip_unavailable' from command line to 'False'
[0.805s] Level 5:colcon.colcon_core.verb:set package 'autoware_utils_geometry' build argument 'cmake_clean_cache' from command line to 'False'
[0.805s] Level 5:colcon.colcon_core.verb:set package 'autoware_utils_geometry' build argument 'cmake_clean_first' from command line to 'False'
[0.805s] Level 5:colcon.colcon_core.verb:set package 'autoware_utils_geometry' build argument 'cmake_force_configure' from command line to 'False'
[0.805s] Level 5:colcon.colcon_core.verb:set package 'autoware_utils_geometry' build argument 'ament_cmake_args' from command line to 'None'
[0.805s] Level 5:colcon.colcon_core.verb:set package 'autoware_utils_geometry' build argument 'catkin_cmake_args' from command line to 'None'
[0.805s] Level 5:colcon.colcon_core.verb:set package 'autoware_utils_geometry' build argument 'catkin_skip_building_tests' from command line to 'False'
[0.805s] DEBUG:colcon.colcon_core.verb:Building package 'autoware_utils_geometry' with the following arguments: {'ament_cmake_args': None, 'build_base': '/workspace/simpleav/20251204/src/simple_av/build/autoware_utils_geometry', 'catkin_cmake_args': None, 'catkin_skip_building_tests': False, 'cmake_args': None, 'cmake_clean_cache': False, 'cmake_clean_first': False, 'cmake_force_configure': False, 'cmake_target': None, 'cmake_target_skip_unavailable': False, 'install_base': '/workspace/simpleav/20251204/src/simple_av/install/autoware_utils_geometry', 'merge_install': False, 'path': '/workspace/simpleav/20251204/src/simple_av/src/visualization/core/autoware_utils/autoware_utils_geometry', 'symlink_install': True, 'test_result_base': None}
[0.805s] Level 5:colcon.colcon_core.verb:set package 'tier4_adapi_rviz_plugin' build argument 'cmake_args' from command line to 'None'
[0.805s] Level 5:colcon.colcon_core.verb:set package 'tier4_adapi_rviz_plugin' build argument 'cmake_target' from command line to 'None'
[0.805s] Level 5:colcon.colcon_core.verb:set package 'tier4_adapi_rviz_plugin' build argument 'cmake_target_skip_unavailable' from command line to 'False'
[0.805s] Level 5:colcon.colcon_core.verb:set package 'tier4_adapi_rviz_plugin' build argument 'cmake_clean_cache' from command line to 'False'
[0.805s] Level 5:colcon.colcon_core.verb:set package 'tier4_adapi_rviz_plugin' build argument 'cmake_clean_first' from command line to 'False'
[0.805s] Level 5:colcon.colcon_core.verb:set package 'tier4_adapi_rviz_plugin' build argument 'cmake_force_configure' from command line to 'False'
[0.805s] Level 5:colcon.colcon_core.verb:set package 'tier4_adapi_rviz_plugin' build argument 'ament_cmake_args' from command line to 'None'
[0.805s] Level 5:colcon.colcon_core.verb:set package 'tier4_adapi_rviz_plugin' build argument 'catkin_cmake_args' from command line to 'None'
[0.805s] Level 5:colcon.colcon_core.verb:set package 'tier4_adapi_rviz_plugin' build argument 'catkin_skip_building_tests' from command line to 'False'
[0.805s] DEBUG:colcon.colcon_core.verb:Building package 'tier4_adapi_rviz_plugin' with the following arguments: {'ament_cmake_args': None, 'build_base': '/workspace/simpleav/20251204/src/simple_av/build/tier4_adapi_rviz_plugin', 'catkin_cmake_args': None, 'catkin_skip_building_tests': False, 'cmake_args': None, 'cmake_clean_cache': False, 'cmake_clean_first': False, 'cmake_force_configure': False, 'cmake_target': None, 'cmake_target_skip_unavailable': False, 'install_base': '/workspace/simpleav/20251204/src/simple_av/install/tier4_adapi_rviz_plugin', 'merge_install': False, 'path': '/workspace/simpleav/20251204/src/simple_av/src/visualization/autoware_plugins/tier4_adapi_rviz_plugin', 'symlink_install': True, 'test_result_base': None}
[0.806s] Level 5:colcon.colcon_core.verb:set package 'tier4_camera_view_rviz_plugin' build argument 'cmake_args' from command line to 'None'
[0.806s] Level 5:colcon.colcon_core.verb:set package 'tier4_camera_view_rviz_plugin' build argument 'cmake_target' from command line to 'None'
[0.806s] Level 5:colcon.colcon_core.verb:set package 'tier4_camera_view_rviz_plugin' build argument 'cmake_target_skip_unavailable' from command line to 'False'
[0.806s] Level 5:colcon.colcon_core.verb:set package 'tier4_camera_view_rviz_plugin' build argument 'cmake_clean_cache' from command line to 'False'
[0.806s] Level 5:colcon.colcon_core.verb:set package 'tier4_camera_view_rviz_plugin' build argument 'cmake_clean_first' from command line to 'False'
[0.806s] Level 5:colcon.colcon_core.verb:set package 'tier4_camera_view_rviz_plugin' build argument 'cmake_force_configure' from command line to 'False'
[0.806s] Level 5:colcon.colcon_core.verb:set package 'tier4_camera_view_rviz_plugin' build argument 'ament_cmake_args' from command line to 'None'
[0.806s] Level 5:colcon.colcon_core.verb:set package 'tier4_camera_view_rviz_plugin' build argument 'catkin_cmake_args' from command line to 'None'
[0.806s] Level 5:colcon.colcon_core.verb:set package 'tier4_camera_view_rviz_plugin' build argument 'catkin_skip_building_tests' from command line to 'False'
[0.806s] DEBUG:colcon.colcon_core.verb:Building package 'tier4_camera_view_rviz_plugin' with the following arguments: {'ament_cmake_args': None, 'build_base': '/workspace/simpleav/20251204/src/simple_av/build/tier4_camera_view_rviz_plugin', 'catkin_cmake_args': None, 'catkin_skip_building_tests': False, 'cmake_args': None, 'cmake_clean_cache': False, 'cmake_clean_first': False, 'cmake_force_configure': False, 'cmake_target': None, 'cmake_target_skip_unavailable': False, 'install_base': '/workspace/simpleav/20251204/src/simple_av/install/tier4_camera_view_rviz_plugin', 'merge_install': False, 'path': '/workspace/simpleav/20251204/src/simple_av/src/visualization/autoware_plugins/tier4_camera_view_rviz_plugin', 'symlink_install': True, 'test_result_base': None}
[0.806s] Level 5:colcon.colcon_core.verb:set package 'tier4_traffic_light_rviz_plugin' build argument 'cmake_args' from command line to 'None'
[0.806s] Level 5:colcon.colcon_core.verb:set package 'tier4_traffic_light_rviz_plugin' build argument 'cmake_target' from command line to 'None'
[0.806s] Level 5:colcon.colcon_core.verb:set package 'tier4_traffic_light_rviz_plugin' build argument 'cmake_target_skip_unavailable' from command line to 'False'
[0.806s] Level 5:colcon.colcon_core.verb:set package 'tier4_traffic_light_rviz_plugin' build argument 'cmake_clean_cache' from command line to 'False'
[0.806s] Level 5:colcon.colcon_core.verb:set package 'tier4_traffic_light_rviz_plugin' build argument 'cmake_clean_first' from command line to 'False'
[0.806s] Level 5:colcon.colcon_core.verb:set package 'tier4_traffic_light_rviz_plugin' build argument 'cmake_force_configure' from command line to 'False'
[0.806s] Level 5:colcon.colcon_core.verb:set package 'tier4_traffic_light_rviz_plugin' build argument 'ament_cmake_args' from command line to 'None'
[0.806s] Level 5:colcon.colcon_core.verb:set package 'tier4_traffic_light_rviz_plugin' build argument 'catkin_cmake_args' from command line to 'None'
[0.806s] Level 5:colcon.colcon_core.verb:set package 'tier4_traffic_light_rviz_plugin' build argument 'catkin_skip_building_tests' from command line to 'False'
[0.807s] DEBUG:colcon.colcon_core.verb:Building package 'tier4_traffic_light_rviz_plugin' with the following arguments: {'ament_cmake_args': None, 'build_base': '/workspace/simpleav/20251204/src/simple_av/build/tier4_traffic_light_rviz_plugin', 'catkin_cmake_args': None, 'catkin_skip_building_tests': False, 'cmake_args': None, 'cmake_clean_cache': False, 'cmake_clean_first': False, 'cmake_force_configure': False, 'cmake_target': None, 'cmake_target_skip_unavailable': False, 'install_base': '/workspace/simpleav/20251204/src/simple_av/install/tier4_traffic_light_rviz_plugin', 'merge_install': False, 'path': '/workspace/simpleav/20251204/src/simple_av/src/visualization/autoware_plugins/tier4_traffic_light_rviz_plugin', 'symlink_install': True, 'test_result_base': None}
[0.807s] Level 5:colcon.colcon_core.verb:set package 'autoware_interpolation' build argument 'cmake_args' from command line to 'None'
[0.807s] Level 5:colcon.colcon_core.verb:set package 'autoware_interpolation' build argument 'cmake_target' from command line to 'None'
[0.807s] Level 5:colcon.colcon_core.verb:set package 'autoware_interpolation' build argument 'cmake_target_skip_unavailable' from command line to 'False'
[0.807s] Level 5:colcon.colcon_core.verb:set package 'autoware_interpolation' build argument 'cmake_clean_cache' from command line to 'False'
[0.807s] Level 5:colcon.colcon_core.verb:set package 'autoware_interpolation' build argument 'cmake_clean_first' from command line to 'False'
[0.807s] Level 5:colcon.colcon_core.verb:set package 'autoware_interpolation' build argument 'cmake_force_configure' from command line to 'False'
[0.807s] Level 5:colcon.colcon_core.verb:set package 'autoware_interpolation' build argument 'ament_cmake_args' from command line to 'None'
[0.807s] Level 5:colcon.colcon_core.verb:set package 'autoware_interpolation' build argument 'catkin_cmake_args' from command line to 'None'
[0.807s] Level 5:colcon.colcon_core.verb:set package 'autoware_interpolation' build argument 'catkin_skip_building_tests' from command line to 'False'
[0.807s] DEBUG:colcon.colcon_core.verb:Building package 'autoware_interpolation' with the following arguments: {'ament_cmake_args': None, 'build_base': '/workspace/simpleav/20251204/src/simple_av/build/autoware_interpolation', 'catkin_cmake_args': None, 'catkin_skip_building_tests': False, 'cmake_args': None, 'cmake_clean_cache': False, 'cmake_clean_first': False, 'cmake_force_configure': False, 'cmake_target': None, 'cmake_target_skip_unavailable': False, 'install_base': '/workspace/simpleav/20251204/src/simple_av/install/autoware_interpolation', 'merge_install': False, 'path': '/workspace/simpleav/20251204/src/simple_av/src/visualization/simulator/autoware_interpolation', 'symlink_install': True, 'test_result_base': None}
[0.807s] Level 5:colcon.colcon_core.verb:set package 'autoware_map_loader' build argument 'cmake_args' from command line to 'None'
[0.808s] Level 5:colcon.colcon_core.verb:set package 'autoware_map_loader' build argument 'cmake_target' from command line to 'None'
[0.808s] Level 5:colcon.colcon_core.verb:set package 'autoware_map_loader' build argument 'cmake_target_skip_unavailable' from command line to 'False'
[0.808s] Level 5:colcon.colcon_core.verb:set package 'autoware_map_loader' build argument 'cmake_clean_cache' from command line to 'False'
[0.808s] Level 5:colcon.colcon_core.verb:set package 'autoware_map_loader' build argument 'cmake_clean_first' from command line to 'False'
[0.808s] Level 5:colcon.colcon_core.verb:set package 'autoware_map_loader' build argument 'cmake_force_configure' from command line to 'False'
[0.808s] Level 5:colcon.colcon_core.verb:set package 'autoware_map_loader' build argument 'ament_cmake_args' from command line to 'None'
[0.808s] Level 5:colcon.colcon_core.verb:set package 'autoware_map_loader' build argument 'catkin_cmake_args' from command line to 'None'
[0.808s] Level 5:colcon.colcon_core.verb:set package 'autoware_map_loader' build argument 'catkin_skip_building_tests' from command line to 'False'
[0.808s] DEBUG:colcon.colcon_core.verb:Building package 'autoware_map_loader' with the following arguments: {'ament_cmake_args': None, 'build_base': '/workspace/simpleav/20251204/src/simple_av/build/autoware_map_loader', 'catkin_cmake_args': None, 'catkin_skip_building_tests': False, 'cmake_args': None, 'cmake_clean_cache': False, 'cmake_clean_first': False, 'cmake_force_configure': False, 'cmake_target': None, 'cmake_target_skip_unavailable': False, 'install_base': '/workspace/simpleav/20251204/src/simple_av/install/autoware_map_loader', 'merge_install': False, 'path': '/workspace/simpleav/20251204/src/simple_av/src/visualization/core/autoware_core/map/autoware_map_loader', 'symlink_install': True, 'test_result_base': None}
[0.808s] Level 5:colcon.colcon_core.verb:set package 'autoware_utils_tf' build argument 'cmake_args' from command line to 'None'
[0.808s] Level 5:colcon.colcon_core.verb:set package 'autoware_utils_tf' build argument 'cmake_target' from command line to 'None'
[0.808s] Level 5:colcon.colcon_core.verb:set package 'autoware_utils_tf' build argument 'cmake_target_skip_unavailable' from command line to 'False'
[0.808s] Level 5:colcon.colcon_core.verb:set package 'autoware_utils_tf' build argument 'cmake_clean_cache' from command line to 'False'
[0.808s] Level 5:colcon.colcon_core.verb:set package 'autoware_utils_tf' build argument 'cmake_clean_first' from command line to 'False'
[0.808s] Level 5:colcon.colcon_core.verb:set package 'autoware_utils_tf' build argument 'cmake_force_configure' from command line to 'False'
[0.808s] Level 5:colcon.colcon_core.verb:set package 'autoware_utils_tf' build argument 'ament_cmake_args' from command line to 'None'
[0.808s] Level 5:colcon.colcon_core.verb:set package 'autoware_utils_tf' build argument 'catkin_cmake_args' from command line to 'None'
[0.808s] Level 5:colcon.colcon_core.verb:set package 'autoware_utils_tf' build argument 'catkin_skip_building_tests' from command line to 'False'
[0.808s] DEBUG:colcon.colcon_core.verb:Building package 'autoware_utils_tf' with the following arguments: {'ament_cmake_args': None, 'build_base': '/workspace/simpleav/20251204/src/simple_av/build/autoware_utils_tf', 'catkin_cmake_args': None, 'catkin_skip_building_tests': False, 'cmake_args': None, 'cmake_clean_cache': False, 'cmake_clean_first': False, 'cmake_force_configure': False, 'cmake_target': None, 'cmake_target_skip_unavailable': False, 'install_base': '/workspace/simpleav/20251204/src/simple_av/install/autoware_utils_tf', 'merge_install': False, 'path': '/workspace/simpleav/20251204/src/simple_av/src/visualization/core/autoware_utils/autoware_utils_tf', 'symlink_install': True, 'test_result_base': None}
[0.809s] Level 5:colcon.colcon_core.verb:set package 'autoware_lanelet2_map_visualizer' build argument 'cmake_args' from command line to 'None'
[0.809s] Level 5:colcon.colcon_core.verb:set package 'autoware_lanelet2_map_visualizer' build argument 'cmake_target' from command line to 'None'
[0.809s] Level 5:colcon.colcon_core.verb:set package 'autoware_lanelet2_map_visualizer' build argument 'cmake_target_skip_unavailable' from command line to 'False'
[0.809s] Level 5:colcon.colcon_core.verb:set package 'autoware_lanelet2_map_visualizer' build argument 'cmake_clean_cache' from command line to 'False'
[0.809s] Level 5:colcon.colcon_core.verb:set package 'autoware_lanelet2_map_visualizer' build argument 'cmake_clean_first' from command line to 'False'
[0.809s] Level 5:colcon.colcon_core.verb:set package 'autoware_lanelet2_map_visualizer' build argument 'cmake_force_configure' from command line to 'False'
[0.809s] Level 5:colcon.colcon_core.verb:set package 'autoware_lanelet2_map_visualizer' build argument 'ament_cmake_args' from command line to 'None'
[0.809s] Level 5:colcon.colcon_core.verb:set package 'autoware_lanelet2_map_visualizer' build argument 'catkin_cmake_args' from command line to 'None'
[0.809s] Level 5:colcon.colcon_core.verb:set package 'autoware_lanelet2_map_visualizer' build argument 'catkin_skip_building_tests' from command line to 'False'
[0.809s] DEBUG:colcon.colcon_core.verb:Building package 'autoware_lanelet2_map_visualizer' with the following arguments: {'ament_cmake_args': None, 'build_base': '/workspace/simpleav/20251204/src/simple_av/build/autoware_lanelet2_map_visualizer', 'catkin_cmake_args': None, 'catkin_skip_building_tests': False, 'cmake_args': None, 'cmake_clean_cache': False, 'cmake_clean_first': False, 'cmake_force_configure': False, 'cmake_target': None, 'cmake_target_skip_unavailable': False, 'install_base': '/workspace/simpleav/20251204/src/simple_av/install/autoware_lanelet2_map_visualizer', 'merge_install': False, 'path': '/workspace/simpleav/20251204/src/simple_av/src/visualization/core/autoware_core/map/autoware_lanelet2_map_visualizer', 'symlink_install': True, 'test_result_base': None}
[0.809s] Level 5:colcon.colcon_core.verb:set package 'autoware_utils_pcl' build argument 'cmake_args' from command line to 'None'
[0.809s] Level 5:colcon.colcon_core.verb:set package 'autoware_utils_pcl' build argument 'cmake_target' from command line to 'None'
[0.809s] Level 5:colcon.colcon_core.verb:set package 'autoware_utils_pcl' build argument 'cmake_target_skip_unavailable' from command line to 'False'
[0.809s] Level 5:colcon.colcon_core.verb:set package 'autoware_utils_pcl' build argument 'cmake_clean_cache' from command line to 'False'
[0.809s] Level 5:colcon.colcon_core.verb:set package 'autoware_utils_pcl' build argument 'cmake_clean_first' from command line to 'False'
[0.809s] Level 5:colcon.colcon_core.verb:set package 'autoware_utils_pcl' build argument 'cmake_force_configure' from command line to 'False'
[0.809s] Level 5:colcon.colcon_core.verb:set package 'autoware_utils_pcl' build argument 'ament_cmake_args' from command line to 'None'
[0.809s] Level 5:colcon.colcon_core.verb:set package 'autoware_utils_pcl' build argument 'catkin_cmake_args' from command line to 'None'
[0.809s] Level 5:colcon.colcon_core.verb:set package 'autoware_utils_pcl' build argument 'catkin_skip_building_tests' from command line to 'False'
[0.809s] DEBUG:colcon.colcon_core.verb:Building package 'autoware_utils_pcl' with the following arguments: {'ament_cmake_args': None, 'build_base': '/workspace/simpleav/20251204/src/simple_av/build/autoware_utils_pcl', 'catkin_cmake_args': None, 'catkin_skip_building_tests': False, 'cmake_args': None, 'cmake_clean_cache': False, 'cmake_clean_first': False, 'cmake_force_configure': False, 'cmake_target': None, 'cmake_target_skip_unavailable': False, 'install_base': '/workspace/simpleav/20251204/src/simple_av/install/autoware_utils_pcl', 'merge_install': False, 'path': '/workspace/simpleav/20251204/src/simple_av/src/visualization/core/autoware_utils/autoware_utils_pcl', 'symlink_install': True, 'test_result_base': None}
[0.810s] Level 5:colcon.colcon_core.verb:set package 'autoware_utils' build argument 'cmake_args' from command line to 'None'
[0.810s] Level 5:colcon.colcon_core.verb:set package 'autoware_utils' build argument 'cmake_target' from command line to 'None'
[0.810s] Level 5:colcon.colcon_core.verb:set package 'autoware_utils' build argument 'cmake_target_skip_unavailable' from command line to 'False'
[0.810s] Level 5:colcon.colcon_core.verb:set package 'autoware_utils' build argument 'cmake_clean_cache' from command line to 'False'
[0.810s] Level 5:colcon.colcon_core.verb:set package 'autoware_utils' build argument 'cmake_clean_first' from command line to 'False'
[0.810s] Level 5:colcon.colcon_core.verb:set package 'autoware_utils' build argument 'cmake_force_configure' from command line to 'False'
[0.810s] Level 5:colcon.colcon_core.verb:set package 'autoware_utils' build argument 'ament_cmake_args' from command line to 'None'
[0.810s] Level 5:colcon.colcon_core.verb:set package 'autoware_utils' build argument 'catkin_cmake_args' from command line to 'None'
[0.810s] Level 5:colcon.colcon_core.verb:set package 'autoware_utils' build argument 'catkin_skip_building_tests' from command line to 'False'
[0.810s] DEBUG:colcon.colcon_core.verb:Building package 'autoware_utils' with the following arguments: {'ament_cmake_args': None, 'build_base': '/workspace/simpleav/20251204/src/simple_av/build/autoware_utils', 'catkin_cmake_args': None, 'catkin_skip_building_tests': False, 'cmake_args': None, 'cmake_clean_cache': False, 'cmake_clean_first': False, 'cmake_force_configure': False, 'cmake_target': None, 'cmake_target_skip_unavailable': False, 'install_base': '/workspace/simpleav/20251204/src/simple_av/install/autoware_utils', 'merge_install': False, 'path': '/workspace/simpleav/20251204/src/simple_av/src/visualization/core/autoware_utils/autoware_utils', 'symlink_install': True, 'test_result_base': None}
[0.811s] Level 5:colcon.colcon_core.verb:set package 'autoware_motion_utils' build argument 'cmake_args' from command line to 'None'
[0.811s] Level 5:colcon.colcon_core.verb:set package 'autoware_motion_utils' build argument 'cmake_target' from command line to 'None'
[0.811s] Level 5:colcon.colcon_core.verb:set package 'autoware_motion_utils' build argument 'cmake_target_skip_unavailable' from command line to 'False'
[0.811s] Level 5:colcon.colcon_core.verb:set package 'autoware_motion_utils' build argument 'cmake_clean_cache' from command line to 'False'
[0.811s] Level 5:colcon.colcon_core.verb:set package 'autoware_motion_utils' build argument 'cmake_clean_first' from command line to 'False'
[0.811s] Level 5:colcon.colcon_core.verb:set package 'autoware_motion_utils' build argument 'cmake_force_configure' from command line to 'False'
[0.811s] Level 5:colcon.colcon_core.verb:set package 'autoware_motion_utils' build argument 'ament_cmake_args' from command line to 'None'
[0.811s] Level 5:colcon.colcon_core.verb:set package 'autoware_motion_utils' build argument 'catkin_cmake_args' from command line to 'None'
[0.811s] Level 5:colcon.colcon_core.verb:set package 'autoware_motion_utils' build argument 'catkin_skip_building_tests' from command line to 'False'
[0.811s] DEBUG:colcon.colcon_core.verb:Building package 'autoware_motion_utils' with the following arguments: {'ament_cmake_args': None, 'build_base': '/workspace/simpleav/20251204/src/simple_av/build/autoware_motion_utils', 'catkin_cmake_args': None, 'catkin_skip_building_tests': False, 'cmake_args': None, 'cmake_clean_cache': False, 'cmake_clean_first': False, 'cmake_force_configure': False, 'cmake_target': None, 'cmake_target_skip_unavailable': False, 'install_base': '/workspace/simpleav/20251204/src/simple_av/install/autoware_motion_utils', 'merge_install': False, 'path': '/workspace/simpleav/20251204/src/simple_av/src/visualization/simulator/autoware_motion_utils', 'symlink_install': True, 'test_result_base': None}
[0.811s] Level 5:colcon.colcon_core.verb:set package 'autoware_vehicle_info_utils' build argument 'cmake_args' from command line to 'None'
[0.811s] Level 5:colcon.colcon_core.verb:set package 'autoware_vehicle_info_utils' build argument 'cmake_target' from command line to 'None'
[0.811s] Level 5:colcon.colcon_core.verb:set package 'autoware_vehicle_info_utils' build argument 'cmake_target_skip_unavailable' from command line to 'False'
[0.811s] Level 5:colcon.colcon_core.verb:set package 'autoware_vehicle_info_utils' build argument 'cmake_clean_cache' from command line to 'False'
[0.811s] Level 5:colcon.colcon_core.verb:set package 'autoware_vehicle_info_utils' build argument 'cmake_clean_first' from command line to 'False'
[0.811s] Level 5:colcon.colcon_core.verb:set package 'autoware_vehicle_info_utils' build argument 'cmake_force_configure' from command line to 'False'
[0.811s] Level 5:colcon.colcon_core.verb:set package 'autoware_vehicle_info_utils' build argument 'ament_cmake_args' from command line to 'None'
[0.811s] Level 5:colcon.colcon_core.verb:set package 'autoware_vehicle_info_utils' build argument 'catkin_cmake_args' from command line to 'None'
[0.811s] Level 5:colcon.colcon_core.verb:set package 'autoware_vehicle_info_utils' build argument 'catkin_skip_building_tests' from command line to 'False'
[0.811s] DEBUG:colcon.colcon_core.verb:Building package 'autoware_vehicle_info_utils' with the following arguments: {'ament_cmake_args': None, 'build_base': '/workspace/simpleav/20251204/src/simple_av/build/autoware_vehicle_info_utils', 'catkin_cmake_args': None, 'catkin_skip_building_tests': False, 'cmake_args': None, 'cmake_clean_cache': False, 'cmake_clean_first': False, 'cmake_force_configure': False, 'cmake_target': None, 'cmake_target_skip_unavailable': False, 'install_base': '/workspace/simpleav/20251204/src/simple_av/install/autoware_vehicle_info_utils', 'merge_install': False, 'path': '/workspace/simpleav/20251204/src/simple_av/src/visualization/simulator/autoware_vehicle_info_utils', 'symlink_install': True, 'test_result_base': None}
[0.812s] Level 5:colcon.colcon_core.verb:set package 'tier4_system_rviz_plugin' build argument 'cmake_args' from command line to 'None'
[0.812s] Level 5:colcon.colcon_core.verb:set package 'tier4_system_rviz_plugin' build argument 'cmake_target' from command line to 'None'
[0.812s] Level 5:colcon.colcon_core.verb:set package 'tier4_system_rviz_plugin' build argument 'cmake_target_skip_unavailable' from command line to 'False'
[0.812s] Level 5:colcon.colcon_core.verb:set package 'tier4_system_rviz_plugin' build argument 'cmake_clean_cache' from command line to 'False'
[0.812s] Level 5:colcon.colcon_core.verb:set package 'tier4_system_rviz_plugin' build argument 'cmake_clean_first' from command line to 'False'
[0.812s] Level 5:colcon.colcon_core.verb:set package 'tier4_system_rviz_plugin' build argument 'cmake_force_configure' from command line to 'False'
[0.812s] Level 5:colcon.colcon_core.verb:set package 'tier4_system_rviz_plugin' build argument 'ament_cmake_args' from command line to 'None'
[0.812s] Level 5:colcon.colcon_core.verb:set package 'tier4_system_rviz_plugin' build argument 'catkin_cmake_args' from command line to 'None'
[0.812s] Level 5:colcon.colcon_core.verb:set package 'tier4_system_rviz_plugin' build argument 'catkin_skip_building_tests' from command line to 'False'
[0.812s] DEBUG:colcon.colcon_core.verb:Building package 'tier4_system_rviz_plugin' with the following arguments: {'ament_cmake_args': None, 'build_base': '/workspace/simpleav/20251204/src/simple_av/build/tier4_system_rviz_plugin', 'catkin_cmake_args': None, 'catkin_skip_building_tests': False, 'cmake_args': None, 'cmake_clean_cache': False, 'cmake_clean_first': False, 'cmake_force_configure': False, 'cmake_target': None, 'cmake_target_skip_unavailable': False, 'install_base': '/workspace/simpleav/20251204/src/simple_av/install/tier4_system_rviz_plugin', 'merge_install': False, 'path': '/workspace/simpleav/20251204/src/simple_av/src/visualization/autoware_plugins/tier4_system_rviz_plugin', 'symlink_install': True, 'test_result_base': None}
[0.812s] Level 5:colcon.colcon_core.verb:set package 'tier4_vehicle_rviz_plugin' build argument 'cmake_args' from command line to 'None'
[0.812s] Level 5:colcon.colcon_core.verb:set package 'tier4_vehicle_rviz_plugin' build argument 'cmake_target' from command line to 'None'
[0.812s] Level 5:colcon.colcon_core.verb:set package 'tier4_vehicle_rviz_plugin' build argument 'cmake_target_skip_unavailable' from command line to 'False'
[0.812s] Level 5:colcon.colcon_core.verb:set package 'tier4_vehicle_rviz_plugin' build argument 'cmake_clean_cache' from command line to 'False'
[0.812s] Level 5:colcon.colcon_core.verb:set package 'tier4_vehicle_rviz_plugin' build argument 'cmake_clean_first' from command line to 'False'
[0.812s] Level 5:colcon.colcon_core.verb:set package 'tier4_vehicle_rviz_plugin' build argument 'cmake_force_configure' from command line to 'False'
[0.812s] Level 5:colcon.colcon_core.verb:set package 'tier4_vehicle_rviz_plugin' build argument 'ament_cmake_args' from command line to 'None'
[0.812s] Level 5:colcon.colcon_core.verb:set package 'tier4_vehicle_rviz_plugin' build argument 'catkin_cmake_args' from command line to 'None'
[0.813s] Level 5:colcon.colcon_core.verb:set package 'tier4_vehicle_rviz_plugin' build argument 'catkin_skip_building_tests' from command line to 'False'
[0.813s] DEBUG:colcon.colcon_core.verb:Building package 'tier4_vehicle_rviz_plugin' with the following arguments: {'ament_cmake_args': None, 'build_base': '/workspace/simpleav/20251204/src/simple_av/build/tier4_vehicle_rviz_plugin', 'catkin_cmake_args': None, 'catkin_skip_building_tests': False, 'cmake_args': None, 'cmake_clean_cache': False, 'cmake_clean_first': False, 'cmake_force_configure': False, 'cmake_target': None, 'cmake_target_skip_unavailable': False, 'install_base': '/workspace/simpleav/20251204/src/simple_av/install/tier4_vehicle_rviz_plugin', 'merge_install': False, 'path': '/workspace/simpleav/20251204/src/simple_av/src/visualization/autoware_plugins/tier4_vehicle_rviz_plugin', 'symlink_install': True, 'test_result_base': None}
[0.813s] Level 5:colcon.colcon_core.verb:set package 'tier4_localization_rviz_plugin' build argument 'cmake_args' from command line to 'None'
[0.813s] Level 5:colcon.colcon_core.verb:set package 'tier4_localization_rviz_plugin' build argument 'cmake_target' from command line to 'None'
[0.813s] Level 5:colcon.colcon_core.verb:set package 'tier4_localization_rviz_plugin' build argument 'cmake_target_skip_unavailable' from command line to 'False'
[0.813s] Level 5:colcon.colcon_core.verb:set package 'tier4_localization_rviz_plugin' build argument 'cmake_clean_cache' from command line to 'False'
[0.813s] Level 5:colcon.colcon_core.verb:set package 'tier4_localization_rviz_plugin' build argument 'cmake_clean_first' from command line to 'False'
[0.813s] Level 5:colcon.colcon_core.verb:set package 'tier4_localization_rviz_plugin' build argument 'cmake_force_configure' from command line to 'False'
[0.813s] Level 5:colcon.colcon_core.verb:set package 'tier4_localization_rviz_plugin' build argument 'ament_cmake_args' from command line to 'None'
[0.813s] Level 5:colcon.colcon_core.verb:set package 'tier4_localization_rviz_plugin' build argument 'catkin_cmake_args' from command line to 'None'
[0.813s] Level 5:colcon.colcon_core.verb:set package 'tier4_localization_rviz_plugin' build argument 'catkin_skip_building_tests' from command line to 'False'
[0.813s] DEBUG:colcon.colcon_core.verb:Building package 'tier4_localization_rviz_plugin' with the following arguments: {'ament_cmake_args': None, 'build_base': '/workspace/simpleav/20251204/src/simple_av/build/tier4_localization_rviz_plugin', 'catkin_cmake_args': None, 'catkin_skip_building_tests': False, 'cmake_args': None, 'cmake_clean_cache': False, 'cmake_clean_first': False, 'cmake_force_configure': False, 'cmake_target': None, 'cmake_target_skip_unavailable': False, 'install_base': '/workspace/simpleav/20251204/src/simple_av/install/tier4_localization_rviz_plugin', 'merge_install': False, 'path': '/workspace/simpleav/20251204/src/simple_av/src/visualization/autoware_plugins/tier4_localization_rviz_plugin', 'symlink_install': True, 'test_result_base': None}
[0.814s] Level 5:colcon.colcon_core.verb:set package 'tier4_planning_factor_rviz_plugin' build argument 'cmake_args' from command line to 'None'
[0.814s] Level 5:colcon.colcon_core.verb:set package 'tier4_planning_factor_rviz_plugin' build argument 'cmake_target' from command line to 'None'
[0.814s] Level 5:colcon.colcon_core.verb:set package 'tier4_planning_factor_rviz_plugin' build argument 'cmake_target_skip_unavailable' from command line to 'False'
[0.814s] Level 5:colcon.colcon_core.verb:set package 'tier4_planning_factor_rviz_plugin' build argument 'cmake_clean_cache' from command line to 'False'
[0.814s] Level 5:colcon.colcon_core.verb:set package 'tier4_planning_factor_rviz_plugin' build argument 'cmake_clean_first' from command line to 'False'
[0.814s] Level 5:colcon.colcon_core.verb:set package 'tier4_planning_factor_rviz_plugin' build argument 'cmake_force_configure' from command line to 'False'
[0.814s] Level 5:colcon.colcon_core.verb:set package 'tier4_planning_factor_rviz_plugin' build argument 'ament_cmake_args' from command line to 'None'
[0.814s] Level 5:colcon.colcon_core.verb:set package 'tier4_planning_factor_rviz_plugin' build argument 'catkin_cmake_args' from command line to 'None'
[0.814s] Level 5:colcon.colcon_core.verb:set package 'tier4_planning_factor_rviz_plugin' build argument 'catkin_skip_building_tests' from command line to 'False'
[0.814s] DEBUG:colcon.colcon_core.verb:Building package 'tier4_planning_factor_rviz_plugin' with the following arguments: {'ament_cmake_args': None, 'build_base': '/workspace/simpleav/20251204/src/simple_av/build/tier4_planning_factor_rviz_plugin', 'catkin_cmake_args': None, 'catkin_skip_building_tests': False, 'cmake_args': None, 'cmake_clean_cache': False, 'cmake_clean_first': False, 'cmake_force_configure': False, 'cmake_target': None, 'cmake_target_skip_unavailable': False, 'install_base': '/workspace/simpleav/20251204/src/simple_av/install/tier4_planning_factor_rviz_plugin', 'merge_install': False, 'path': '/workspace/simpleav/20251204/src/simple_av/src/visualization/autoware_plugins/tier4_planning_factor_rviz_plugin', 'symlink_install': True, 'test_result_base': None}
[0.814s] Level 5:colcon.colcon_core.verb:set package 'tier4_planning_rviz_plugin' build argument 'cmake_args' from command line to 'None'
[0.814s] Level 5:colcon.colcon_core.verb:set package 'tier4_planning_rviz_plugin' build argument 'cmake_target' from command line to 'None'
[0.814s] Level 5:colcon.colcon_core.verb:set package 'tier4_planning_rviz_plugin' build argument 'cmake_target_skip_unavailable' from command line to 'False'
[0.814s] Level 5:colcon.colcon_core.verb:set package 'tier4_planning_rviz_plugin' build argument 'cmake_clean_cache' from command line to 'False'
[0.814s] Level 5:colcon.colcon_core.verb:set package 'tier4_planning_rviz_plugin' build argument 'cmake_clean_first' from command line to 'False'
[0.814s] Level 5:colcon.colcon_core.verb:set package 'tier4_planning_rviz_plugin' build argument 'cmake_force_configure' from command line to 'False'
[0.814s] Level 5:colcon.colcon_core.verb:set package 'tier4_planning_rviz_plugin' build argument 'ament_cmake_args' from command line to 'None'
[0.814s] Level 5:colcon.colcon_core.verb:set package 'tier4_planning_rviz_plugin' build argument 'catkin_cmake_args' from command line to 'None'
[0.814s] Level 5:colcon.colcon_core.verb:set package 'tier4_planning_rviz_plugin' build argument 'catkin_skip_building_tests' from command line to 'False'
[0.814s] DEBUG:colcon.colcon_core.verb:Building package 'tier4_planning_rviz_plugin' with the following arguments: {'ament_cmake_args': None, 'build_base': '/workspace/simpleav/20251204/src/simple_av/build/tier4_planning_rviz_plugin', 'catkin_cmake_args': None, 'catkin_skip_building_tests': False, 'cmake_args': None, 'cmake_clean_cache': False, 'cmake_clean_first': False, 'cmake_force_configure': False, 'cmake_target': None, 'cmake_target_skip_unavailable': False, 'install_base': '/workspace/simpleav/20251204/src/simple_av/install/tier4_planning_rviz_plugin', 'merge_install': False, 'path': '/workspace/simpleav/20251204/src/simple_av/src/visualization/autoware_plugins/tier4_planning_rviz_plugin', 'symlink_install': True, 'test_result_base': None}
[0.815s] Level 5:colcon.colcon_core.verb:set package 'tier4_state_rviz_plugin' build argument 'cmake_args' from command line to 'None'
[0.815s] Level 5:colcon.colcon_core.verb:set package 'tier4_state_rviz_plugin' build argument 'cmake_target' from command line to 'None'
[0.815s] Level 5:colcon.colcon_core.verb:set package 'tier4_state_rviz_plugin' build argument 'cmake_target_skip_unavailable' from command line to 'False'
[0.815s] Level 5:colcon.colcon_core.verb:set package 'tier4_state_rviz_plugin' build argument 'cmake_clean_cache' from command line to 'False'
[0.815s] Level 5:colcon.colcon_core.verb:set package 'tier4_state_rviz_plugin' build argument 'cmake_clean_first' from command line to 'False'
[0.815s] Level 5:colcon.colcon_core.verb:set package 'tier4_state_rviz_plugin' build argument 'cmake_force_configure' from command line to 'False'
[0.815s] Level 5:colcon.colcon_core.verb:set package 'tier4_state_rviz_plugin' build argument 'ament_cmake_args' from command line to 'None'
[0.815s] Level 5:colcon.colcon_core.verb:set package 'tier4_state_rviz_plugin' build argument 'catkin_cmake_args' from command line to 'None'
[0.815s] Level 5:colcon.colcon_core.verb:set package 'tier4_state_rviz_plugin' build argument 'catkin_skip_building_tests' from command line to 'False'
[0.815s] DEBUG:colcon.colcon_core.verb:Building package 'tier4_state_rviz_plugin' with the following arguments: {'ament_cmake_args': None, 'build_base': '/workspace/simpleav/20251204/src/simple_av/build/tier4_state_rviz_plugin', 'catkin_cmake_args': None, 'catkin_skip_building_tests': False, 'cmake_args': None, 'cmake_clean_cache': False, 'cmake_clean_first': False, 'cmake_force_configure': False, 'cmake_target': None, 'cmake_target_skip_unavailable': False, 'install_base': '/workspace/simpleav/20251204/src/simple_av/install/tier4_state_rviz_plugin', 'merge_install': False, 'path': '/workspace/simpleav/20251204/src/simple_av/src/visualization/autoware_plugins/tier4_state_rviz_plugin', 'symlink_install': True, 'test_result_base': None}
[0.815s] INFO:colcon.colcon_core.executor:Executing jobs using 'parallel' executor
[0.821s] DEBUG:colcon.colcon_parallel_executor.executor.parallel:run_until_complete
[0.823s] INFO:colcon.colcon_ros.task.ament_cmake.build:Building ROS package in '/workspace/simpleav/20251204/src/simple_av/src/visualization/autoware_cmake/autoware_lint_common' with build type 'ament_cmake'
[0.823s] INFO:colcon.colcon_cmake.task.cmake.build:Building CMake package in '/workspace/simpleav/20251204/src/simple_av/src/visualization/autoware_cmake/autoware_lint_common'
[0.828s] INFO:colcon.colcon_core.plugin_system:Skipping extension 'colcon_core.shell.bat': Not used on non-Windows systems
[0.828s] INFO:colcon.colcon_core.shell:Skip shell extension 'powershell' for command environment: Not usable outside of PowerShell
[0.828s] DEBUG:colcon.colcon_core.shell:Skip shell extension 'dsv' for command environment
[0.837s] INFO:colcon.colcon_ros.task.ament_cmake.build:Building ROS package in '/workspace/simpleav/20251204/src/simple_av/src/messages/autoware_msgs/autoware_planning_msgs' with build type 'ament_cmake'
[0.837s] INFO:colcon.colcon_cmake.task.cmake.build:Building CMake package in '/workspace/simpleav/20251204/src/simple_av/src/messages/autoware_msgs/autoware_planning_msgs'
[0.837s] INFO:colcon.colcon_core.shell:Skip shell extension 'powershell' for command environment: Not usable outside of PowerShell
[0.837s] DEBUG:colcon.colcon_core.shell:Skip shell extension 'dsv' for command environment
[0.846s] INFO:colcon.colcon_ros.task.ament_cmake.build:Building ROS package in '/workspace/simpleav/20251204/src/simple_av/src/messages/autoware_msgs/autoware_perception_msgs' with build type 'ament_cmake'
[0.846s] INFO:colcon.colcon_cmake.task.cmake.build:Building CMake package in '/workspace/simpleav/20251204/src/simple_av/src/messages/autoware_msgs/autoware_perception_msgs'
[0.846s] INFO:colcon.colcon_core.shell:Skip shell extension 'powershell' for command environment: Not usable outside of PowerShell
[0.846s] DEBUG:colcon.colcon_core.shell:Skip shell extension 'dsv' for command environment
[0.854s] INFO:colcon.colcon_ros.task.ament_cmake.build:Building ROS package in '/workspace/simpleav/20251204/src/simple_av/src/messages/autoware_msgs/autoware_common_msgs' with build type 'ament_cmake'
[0.854s] INFO:colcon.colcon_cmake.task.cmake.build:Building CMake package in '/workspace/simpleav/20251204/src/simple_av/src/messages/autoware_msgs/autoware_common_msgs'
[0.855s] INFO:colcon.colcon_core.shell:Skip shell extension 'powershell' for command environment: Not usable outside of PowerShell
[0.855s] DEBUG:colcon.colcon_core.shell:Skip shell extension 'dsv' for command environment
[0.863s] INFO:colcon.colcon_ros.task.ament_cmake.build:Building ROS package in '/workspace/simpleav/20251204/src/simple_av/src/visualization/autoware_internal_msgs/autoware_internal_debug_msgs' with build type 'ament_cmake'
[0.863s] INFO:colcon.colcon_cmake.task.cmake.build:Building CMake package in '/workspace/simpleav/20251204/src/simple_av/src/visualization/autoware_internal_msgs/autoware_internal_debug_msgs'
[0.863s] INFO:colcon.colcon_core.shell:Skip shell extension 'powershell' for command environment: Not usable outside of PowerShell
[0.863s] DEBUG:colcon.colcon_core.shell:Skip shell extension 'dsv' for command environment
[0.871s] INFO:colcon.colcon_ros.task.ament_cmake.build:Building ROS package in '/workspace/simpleav/20251204/src/simple_av/src/visualization/autoware_internal_msgs/autoware_internal_metric_msgs' with build type 'ament_cmake'
[0.871s] INFO:colcon.colcon_cmake.task.cmake.build:Building CMake package in '/workspace/simpleav/20251204/src/simple_av/src/visualization/autoware_internal_msgs/autoware_internal_metric_msgs'
[0.872s] INFO:colcon.colcon_core.shell:Skip shell extension 'powershell' for command environment: Not usable outside of PowerShell
[0.872s] DEBUG:colcon.colcon_core.shell:Skip shell extension 'dsv' for command environment
[0.880s] INFO:colcon.colcon_ros.task.ament_cmake.build:Building ROS package in '/workspace/simpleav/20251204/src/simple_av/src/visualization/simulator/autoware_adapi_msgs/autoware_adapi_v1_msgs' with build type 'ament_cmake'
[0.880s] INFO:colcon.colcon_cmake.task.cmake.build:Building CMake package in '/workspace/simpleav/20251204/src/simple_av/src/visualization/simulator/autoware_adapi_msgs/autoware_adapi_v1_msgs'
[0.880s] INFO:colcon.colcon_core.shell:Skip shell extension 'powershell' for command environment: Not usable outside of PowerShell
[0.880s] DEBUG:colcon.colcon_core.shell:Skip shell extension 'dsv' for command environment
[0.888s] INFO:colcon.colcon_ros.task.ament_cmake.build:Building ROS package in '/workspace/simpleav/20251204/src/simple_av/src/messages/autoware_msgs/autoware_map_msgs' with build type 'ament_cmake'
[0.888s] INFO:colcon.colcon_cmake.task.cmake.build:Building CMake package in '/workspace/simpleav/20251204/src/simple_av/src/messages/autoware_msgs/autoware_map_msgs'
[0.888s] INFO:colcon.colcon_core.shell:Skip shell extension 'powershell' for command environment: Not usable outside of PowerShell
[0.888s] DEBUG:colcon.colcon_core.shell:Skip shell extension 'dsv' for command environment
[0.896s] INFO:colcon.colcon_ros.task.ament_cmake.build:Building ROS package in '/workspace/simpleav/20251204/src/simple_av/src/messages/autoware_msgs/autoware_control_msgs' with build type 'ament_cmake'
[0.897s] INFO:colcon.colcon_cmake.task.cmake.build:Building CMake package in '/workspace/simpleav/20251204/src/simple_av/src/messages/autoware_msgs/autoware_control_msgs'
[0.897s] INFO:colcon.colcon_core.shell:Skip shell extension 'powershell' for command environment: Not usable outside of PowerShell
[0.897s] DEBUG:colcon.colcon_core.shell:Skip shell extension 'dsv' for command environment
[0.905s] INFO:colcon.colcon_ros.task.ament_cmake.build:Building ROS package in '/workspace/simpleav/20251204/src/simple_av/src/messages/autoware_msgs/autoware_localization_msgs' with build type 'ament_cmake'
[0.905s] INFO:colcon.colcon_cmake.task.cmake.build:Building CMake package in '/workspace/simpleav/20251204/src/simple_av/src/messages/autoware_msgs/autoware_localization_msgs'
[0.906s] INFO:colcon.colcon_core.shell:Skip shell extension 'powershell' for command environment: Not usable outside of PowerShell
[0.906s] DEBUG:colcon.colcon_core.shell:Skip shell extension 'dsv' for command environment
[0.914s] INFO:colcon.colcon_ros.task.ament_cmake.build:Building ROS package in '/workspace/simpleav/20251204/src/simple_av/src/visualization/simulator/tier4_external_api_msgs' with build type 'ament_cmake'
[0.914s] INFO:colcon.colcon_cmake.task.cmake.build:Building CMake package in '/workspace/simpleav/20251204/src/simple_av/src/visualization/simulator/tier4_external_api_msgs'
[0.914s] INFO:colcon.colcon_core.shell:Skip shell extension 'powershell' for command environment: Not usable outside of PowerShell
[0.914s] DEBUG:colcon.colcon_core.shell:Skip shell extension 'dsv' for command environment
[0.925s] INFO:colcon.colcon_ros.task.ament_cmake.build:Building ROS package in '/workspace/simpleav/20251204/src/simple_av/src/messages/autoware_msgs/autoware_system_msgs' with build type 'ament_cmake'
[0.926s] INFO:colcon.colcon_cmake.task.cmake.build:Building CMake package in '/workspace/simpleav/20251204/src/simple_av/src/messages/autoware_msgs/autoware_system_msgs'
[0.926s] INFO:colcon.colcon_core.shell:Skip shell extension 'powershell' for command environment: Not usable outside of PowerShell
[0.926s] DEBUG:colcon.colcon_core.shell:Skip shell extension 'dsv' for command environment
[0.934s] INFO:colcon.colcon_ros.task.ament_cmake.build:Building ROS package in '/workspace/simpleav/20251204/src/simple_av/src/visualization/simulator/autoware_adapi_msgs/autoware_adapi_version_msgs' with build type 'ament_cmake'
[0.934s] INFO:colcon.colcon_cmake.task.cmake.build:Building CMake package in '/workspace/simpleav/20251204/src/simple_av/src/visualization/simulator/autoware_adapi_msgs/autoware_adapi_version_msgs'
[0.934s] INFO:colcon.colcon_core.shell:Skip shell extension 'powershell' for command environment: Not usable outside of PowerShell
[0.934s] DEBUG:colcon.colcon_core.shell:Skip shell extension 'dsv' for command environment
[0.942s] INFO:colcon.colcon_ros.task.ament_cmake.build:Building ROS package in '/workspace/simpleav/20251204/src/simple_av/src/messages/autoware_msgs/autoware_sensing_msgs' with build type 'ament_cmake'
[0.943s] INFO:colcon.colcon_cmake.task.cmake.build:Building CMake package in '/workspace/simpleav/20251204/src/simple_av/src/messages/autoware_msgs/autoware_sensing_msgs'
[0.943s] INFO:colcon.colcon_core.shell:Skip shell extension 'powershell' for command environment: Not usable outside of PowerShell
[0.943s] DEBUG:colcon.colcon_core.shell:Skip shell extension 'dsv' for command environment
[0.951s] INFO:colcon.colcon_ros.task.ament_python.build:Building ROS package in '/workspace/simpleav/20251204/src/simple_av/src/common' with build type 'ament_python'
[0.951s] Level 1:colcon.colcon_core.shell:create_environment_hook('common', 'ament_prefix_path')
[0.952s] INFO:colcon.colcon_core.shell:Creating environment hook '/workspace/simpleav/20251204/src/simple_av/install/common/share/common/hook/ament_prefix_path.ps1'
[0.953s] INFO:colcon.colcon_core.shell:Creating environment descriptor '/workspace/simpleav/20251204/src/simple_av/install/common/share/common/hook/ament_prefix_path.dsv'
[0.953s] INFO:colcon.colcon_core.shell:Creating environment hook '/workspace/simpleav/20251204/src/simple_av/install/common/share/common/hook/ament_prefix_path.sh'
[0.954s] INFO:colcon.colcon_core.shell:Skip shell extension 'powershell' for command environment: Not usable outside of PowerShell
[0.954s] DEBUG:colcon.colcon_core.shell:Skip shell extension 'dsv' for command environment
[0.962s] INFO:colcon.colcon_ros.task.ament_python.build:Building ROS package in '/workspace/simpleav/20251204/src/simple_av/src/localization' with build type 'ament_python'
[0.962s] Level 1:colcon.colcon_core.shell:create_environment_hook('localization', 'ament_prefix_path')
[0.962s] INFO:colcon.colcon_core.shell:Creating environment hook '/workspace/simpleav/20251204/src/simple_av/install/localization/share/localization/hook/ament_prefix_path.ps1'
[0.963s] INFO:colcon.colcon_core.shell:Creating environment descriptor '/workspace/simpleav/20251204/src/simple_av/install/localization/share/localization/hook/ament_prefix_path.dsv'
[0.963s] INFO:colcon.colcon_core.shell:Creating environment hook '/workspace/simpleav/20251204/src/simple_av/install/localization/share/localization/hook/ament_prefix_path.sh'
[0.964s] INFO:colcon.colcon_core.shell:Skip shell extension 'powershell' for command environment: Not usable outside of PowerShell
[0.964s] DEBUG:colcon.colcon_core.shell:Skip shell extension 'dsv' for command environment
[0.972s] INFO:colcon.colcon_ros.task.ament_python.build:Building ROS package in '/workspace/simpleav/20251204/src/simple_av/src/simple_av' with build type 'ament_python'
[0.972s] Level 1:colcon.colcon_core.shell:create_environment_hook('simple_av', 'ament_prefix_path')
[0.972s] INFO:colcon.colcon_core.shell:Creating environment hook '/workspace/simpleav/20251204/src/simple_av/install/simple_av/share/simple_av/hook/ament_prefix_path.ps1'
[0.973s] INFO:colcon.colcon_core.shell:Creating environment descriptor '/workspace/simpleav/20251204/src/simple_av/install/simple_av/share/simple_av/hook/ament_prefix_path.dsv'
[0.973s] INFO:colcon.colcon_core.shell:Creating environment hook '/workspace/simpleav/20251204/src/simple_av/install/simple_av/share/simple_av/hook/ament_prefix_path.sh'
[0.974s] INFO:colcon.colcon_core.shell:Skip shell extension 'powershell' for command environment: Not usable outside of PowerShell
[0.974s] DEBUG:colcon.colcon_core.shell:Skip shell extension 'dsv' for command environment
[0.981s] INFO:colcon.colcon_ros.task.ament_cmake.build:Building ROS package in '/workspace/simpleav/20251204/src/simple_av/src/messages/simple_av_msgs' with build type 'ament_cmake'
[0.982s] INFO:colcon.colcon_cmake.task.cmake.build:Building CMake package in '/workspace/simpleav/20251204/src/simple_av/src/messages/simple_av_msgs'
[0.982s] INFO:colcon.colcon_core.shell:Skip shell extension 'powershell' for command environment: Not usable outside of PowerShell
[0.982s] DEBUG:colcon.colcon_core.shell:Skip shell extension 'dsv' for command environment
[0.991s] INFO:colcon.colcon_ros.task.ament_python.build:Building ROS package in '/workspace/simpleav/20251204/src/simple_av/src/system' with build type 'ament_python'
[0.991s] Level 1:colcon.colcon_core.shell:create_environment_hook('system', 'ament_prefix_path')
[0.991s] INFO:colcon.colcon_core.shell:Creating environment hook '/workspace/simpleav/20251204/src/simple_av/install/system/share/system/hook/ament_prefix_path.ps1'
[0.992s] INFO:colcon.colcon_core.shell:Creating environment descriptor '/workspace/simpleav/20251204/src/simple_av/install/system/share/system/hook/ament_prefix_path.dsv'
[0.992s] INFO:colcon.colcon_core.shell:Creating environment hook '/workspace/simpleav/20251204/src/simple_av/install/system/share/system/hook/ament_prefix_path.sh'
[0.993s] INFO:colcon.colcon_core.shell:Skip shell extension 'powershell' for command environment: Not usable outside of PowerShell
[0.993s] DEBUG:colcon.colcon_core.shell:Skip shell extension 'dsv' for command environment
[1.011s] DEBUG:colcon.colcon_core.event_handler.log_command:Invoking command in '/workspace/simpleav/20251204/src/simple_av/build/autoware_lint_common': CMAKE_PREFIX_PATH=${CMAKE_PREFIX_PATH}:/workspace/simpleav/20251204/install/system:/workspace/simpleav/20251204/install/simple_av_logger:/workspace/simpleav/20251204/install/simple_av:/workspace/simpleav/20251204/install/planning:/workspace/simpleav/20251204/install/perception:/workspace/simpleav/20251204/install/localization:/workspace/simpleav/20251204/install/control:/workspace/simpleav/20251204/install/common:/opt/ros/humble /usr/bin/cmake /workspace/simpleav/20251204/src/simple_av/src/visualization/autoware_cmake/autoware_lint_common -DAMENT_CMAKE_SYMLINK_INSTALL=1 -DCMAKE_INSTALL_PREFIX=/workspace/simpleav/20251204/src/simple_av/install/autoware_lint_common
[1.018s] DEBUG:colcon.colcon_core.event_handler.log_command:Invoking command in '/workspace/simpleav/20251204/src/simple_av/build/autoware_planning_msgs': CMAKE_PREFIX_PATH=${CMAKE_PREFIX_PATH}:/workspace/simpleav/20251204/install/system:/workspace/simpleav/20251204/install/simple_av_logger:/workspace/simpleav/20251204/install/simple_av:/workspace/simpleav/20251204/install/planning:/workspace/simpleav/20251204/install/perception:/workspace/simpleav/20251204/install/localization:/workspace/simpleav/20251204/install/control:/workspace/simpleav/20251204/install/common:/opt/ros/humble /usr/bin/cmake /workspace/simpleav/20251204/src/simple_av/src/messages/autoware_msgs/autoware_planning_msgs -DAMENT_CMAKE_SYMLINK_INSTALL=1 -DCMAKE_INSTALL_PREFIX=/workspace/simpleav/20251204/src/simple_av/install/autoware_planning_msgs
[1.020s] DEBUG:colcon.colcon_core.event_handler.log_command:Invoking command in '/workspace/simpleav/20251204/src/simple_av/build/autoware_perception_msgs': CMAKE_PREFIX_PATH=${CMAKE_PREFIX_PATH}:/workspace/simpleav/20251204/install/system:/workspace/simpleav/20251204/install/simple_av_logger:/workspace/simpleav/20251204/install/simple_av:/workspace/simpleav/20251204/install/planning:/workspace/simpleav/20251204/install/perception:/workspace/simpleav/20251204/install/localization:/workspace/simpleav/20251204/install/control:/workspace/simpleav/20251204/install/common:/opt/ros/humble /usr/bin/cmake /workspace/simpleav/20251204/src/simple_av/src/messages/autoware_msgs/autoware_perception_msgs -DAMENT_CMAKE_SYMLINK_INSTALL=1 -DCMAKE_INSTALL_PREFIX=/workspace/simpleav/20251204/src/simple_av/install/autoware_perception_msgs
[1.024s] DEBUG:colcon.colcon_core.event_handler.log_command:Invoking command in '/workspace/simpleav/20251204/src/simple_av/build/autoware_common_msgs': CMAKE_PREFIX_PATH=${CMAKE_PREFIX_PATH}:/workspace/simpleav/20251204/install/system:/workspace/simpleav/20251204/install/simple_av_logger:/workspace/simpleav/20251204/install/simple_av:/workspace/simpleav/20251204/install/planning:/workspace/simpleav/20251204/install/perception:/workspace/simpleav/20251204/install/localization:/workspace/simpleav/20251204/install/control:/workspace/simpleav/20251204/install/common:/opt/ros/humble /usr/bin/cmake /workspace/simpleav/20251204/src/simple_av/src/messages/autoware_msgs/autoware_common_msgs -DAMENT_CMAKE_SYMLINK_INSTALL=1 -DCMAKE_INSTALL_PREFIX=/workspace/simpleav/20251204/src/simple_av/install/autoware_common_msgs
[1.027s] DEBUG:colcon.colcon_core.event_handler.log_command:Invoking command in '/workspace/simpleav/20251204/src/simple_av/build/autoware_internal_debug_msgs': CMAKE_PREFIX_PATH=${CMAKE_PREFIX_PATH}:/workspace/simpleav/20251204/install/system:/workspace/simpleav/20251204/install/simple_av_logger:/workspace/simpleav/20251204/install/simple_av:/workspace/simpleav/20251204/install/planning:/workspace/simpleav/20251204/install/perception:/workspace/simpleav/20251204/install/localization:/workspace/simpleav/20251204/install/control:/workspace/simpleav/20251204/install/common:/opt/ros/humble /usr/bin/cmake /workspace/simpleav/20251204/src/simple_av/src/visualization/autoware_internal_msgs/autoware_internal_debug_msgs -DAMENT_CMAKE_SYMLINK_INSTALL=1 -DCMAKE_INSTALL_PREFIX=/workspace/simpleav/20251204/src/simple_av/install/autoware_internal_debug_msgs
[1.031s] DEBUG:colcon.colcon_core.event_handler.log_command:Invoking command in '/workspace/simpleav/20251204/src/simple_av/build/autoware_internal_metric_msgs': CMAKE_PREFIX_PATH=${CMAKE_PREFIX_PATH}:/workspace/simpleav/20251204/install/system:/workspace/simpleav/20251204/install/simple_av_logger:/workspace/simpleav/20251204/install/simple_av:/workspace/simpleav/20251204/install/planning:/workspace/simpleav/20251204/install/perception:/workspace/simpleav/20251204/install/localization:/workspace/simpleav/20251204/install/control:/workspace/simpleav/20251204/install/common:/opt/ros/humble /usr/bin/cmake /workspace/simpleav/20251204/src/simple_av/src/visualization/autoware_internal_msgs/autoware_internal_metric_msgs -DAMENT_CMAKE_SYMLINK_INSTALL=1 -DCMAKE_INSTALL_PREFIX=/workspace/simpleav/20251204/src/simple_av/install/autoware_internal_metric_msgs
[1.035s] DEBUG:colcon.colcon_core.event_handler.log_command:Invoking command in '/workspace/simpleav/20251204/src/simple_av/build/autoware_adapi_v1_msgs': CMAKE_PREFIX_PATH=${CMAKE_PREFIX_PATH}:/workspace/simpleav/20251204/install/system:/workspace/simpleav/20251204/install/simple_av_logger:/workspace/simpleav/20251204/install/simple_av:/workspace/simpleav/20251204/install/planning:/workspace/simpleav/20251204/install/perception:/workspace/simpleav/20251204/install/localization:/workspace/simpleav/20251204/install/control:/workspace/simpleav/20251204/install/common:/opt/ros/humble /usr/bin/cmake /workspace/simpleav/20251204/src/simple_av/src/visualization/simulator/autoware_adapi_msgs/autoware_adapi_v1_msgs -DAMENT_CMAKE_SYMLINK_INSTALL=1 -DCMAKE_INSTALL_PREFIX=/workspace/simpleav/20251204/src/simple_av/install/autoware_adapi_v1_msgs
[1.038s] DEBUG:colcon.colcon_core.event_handler.log_command:Invoking command in '/workspace/simpleav/20251204/src/simple_av/build/autoware_map_msgs': CMAKE_PREFIX_PATH=${CMAKE_PREFIX_PATH}:/workspace/simpleav/20251204/install/system:/workspace/simpleav/20251204/install/simple_av_logger:/workspace/simpleav/20251204/install/simple_av:/workspace/simpleav/20251204/install/planning:/workspace/simpleav/20251204/install/perception:/workspace/simpleav/20251204/install/localization:/workspace/simpleav/20251204/install/control:/workspace/simpleav/20251204/install/common:/opt/ros/humble /usr/bin/cmake /workspace/simpleav/20251204/src/simple_av/src/messages/autoware_msgs/autoware_map_msgs -DAMENT_CMAKE_SYMLINK_INSTALL=1 -DCMAKE_INSTALL_PREFIX=/workspace/simpleav/20251204/src/simple_av/install/autoware_map_msgs
[1.043s] DEBUG:colcon.colcon_core.event_handler.log_command:Invoking command in '/workspace/simpleav/20251204/src/simple_av/build/autoware_control_msgs': CMAKE_PREFIX_PATH=${CMAKE_PREFIX_PATH}:/workspace/simpleav/20251204/install/system:/workspace/simpleav/20251204/install/simple_av_logger:/workspace/simpleav/20251204/install/simple_av:/workspace/simpleav/20251204/install/planning:/workspace/simpleav/20251204/install/perception:/workspace/simpleav/20251204/install/localization:/workspace/simpleav/20251204/install/control:/workspace/simpleav/20251204/install/common:/opt/ros/humble /usr/bin/cmake /workspace/simpleav/20251204/src/simple_av/src/messages/autoware_msgs/autoware_control_msgs -DAMENT_CMAKE_SYMLINK_INSTALL=1 -DCMAKE_INSTALL_PREFIX=/workspace/simpleav/20251204/src/simple_av/install/autoware_control_msgs
[1.047s] DEBUG:colcon.colcon_core.event_handler.log_command:Invoking command in '/workspace/simpleav/20251204/src/simple_av/build/autoware_localization_msgs': CMAKE_PREFIX_PATH=${CMAKE_PREFIX_PATH}:/workspace/simpleav/20251204/install/system:/workspace/simpleav/20251204/install/simple_av_logger:/workspace/simpleav/20251204/install/simple_av:/workspace/simpleav/20251204/install/planning:/workspace/simpleav/20251204/install/perception:/workspace/simpleav/20251204/install/localization:/workspace/simpleav/20251204/install/control:/workspace/simpleav/20251204/install/common:/opt/ros/humble /usr/bin/cmake /workspace/simpleav/20251204/src/simple_av/src/messages/autoware_msgs/autoware_localization_msgs -DAMENT_CMAKE_SYMLINK_INSTALL=1 -DCMAKE_INSTALL_PREFIX=/workspace/simpleav/20251204/src/simple_av/install/autoware_localization_msgs
[1.051s] DEBUG:colcon.colcon_core.event_handler.log_command:Invoking command in '/workspace/simpleav/20251204/src/simple_av/build/tier4_external_api_msgs': CMAKE_PREFIX_PATH=${CMAKE_PREFIX_PATH}:/workspace/simpleav/20251204/install/system:/workspace/simpleav/20251204/install/simple_av_logger:/workspace/simpleav/20251204/install/simple_av:/workspace/simpleav/20251204/install/planning:/workspace/simpleav/20251204/install/perception:/workspace/simpleav/20251204/install/localization:/workspace/simpleav/20251204/install/control:/workspace/simpleav/20251204/install/common:/opt/ros/humble /usr/bin/cmake /workspace/simpleav/20251204/src/simple_av/src/visualization/simulator/tier4_external_api_msgs -DAMENT_CMAKE_SYMLINK_INSTALL=1 -DCMAKE_INSTALL_PREFIX=/workspace/simpleav/20251204/src/simple_av/install/tier4_external_api_msgs
[1.054s] DEBUG:colcon.colcon_core.event_handler.log_command:Invoking command in '/workspace/simpleav/20251204/src/simple_av/build/autoware_system_msgs': CMAKE_PREFIX_PATH=${CMAKE_PREFIX_PATH}:/workspace/simpleav/20251204/install/system:/workspace/simpleav/20251204/install/simple_av_logger:/workspace/simpleav/20251204/install/simple_av:/workspace/simpleav/20251204/install/planning:/workspace/simpleav/20251204/install/perception:/workspace/simpleav/20251204/install/localization:/workspace/simpleav/20251204/install/control:/workspace/simpleav/20251204/install/common:/opt/ros/humble /usr/bin/cmake /workspace/simpleav/20251204/src/simple_av/src/messages/autoware_msgs/autoware_system_msgs -DAMENT_CMAKE_SYMLINK_INSTALL=1 -DCMAKE_INSTALL_PREFIX=/workspace/simpleav/20251204/src/simple_av/install/autoware_system_msgs
[1.058s] DEBUG:colcon.colcon_core.event_handler.log_command:Invoking command in '/workspace/simpleav/20251204/src/simple_av/build/autoware_adapi_version_msgs': CMAKE_PREFIX_PATH=${CMAKE_PREFIX_PATH}:/workspace/simpleav/20251204/install/system:/workspace/simpleav/20251204/install/simple_av_logger:/workspace/simpleav/20251204/install/simple_av:/workspace/simpleav/20251204/install/planning:/workspace/simpleav/20251204/install/perception:/workspace/simpleav/20251204/install/localization:/workspace/simpleav/20251204/install/control:/workspace/simpleav/20251204/install/common:/opt/ros/humble /usr/bin/cmake /workspace/simpleav/20251204/src/simple_av/src/visualization/simulator/autoware_adapi_msgs/autoware_adapi_version_msgs -DAMENT_CMAKE_SYMLINK_INSTALL=1 -DCMAKE_INSTALL_PREFIX=/workspace/simpleav/20251204/src/simple_av/install/autoware_adapi_version_msgs
[1.063s] DEBUG:colcon.colcon_core.event_handler.log_command:Invoking command in '/workspace/simpleav/20251204/src/simple_av/build/autoware_sensing_msgs': CMAKE_PREFIX_PATH=${CMAKE_PREFIX_PATH}:/workspace/simpleav/20251204/install/system:/workspace/simpleav/20251204/install/simple_av_logger:/workspace/simpleav/20251204/install/simple_av:/workspace/simpleav/20251204/install/planning:/workspace/simpleav/20251204/install/perception:/workspace/simpleav/20251204/install/localization:/workspace/simpleav/20251204/install/control:/workspace/simpleav/20251204/install/common:/opt/ros/humble /usr/bin/cmake /workspace/simpleav/20251204/src/simple_av/src/messages/autoware_msgs/autoware_sensing_msgs -DAMENT_CMAKE_SYMLINK_INSTALL=1 -DCMAKE_INSTALL_PREFIX=/workspace/simpleav/20251204/src/simple_av/install/autoware_sensing_msgs
[1.490s] WARNING:colcon.colcon_ros.task.ament_python.build:Package 'common' doesn't explicitly install a marker in the package index (colcon-ros currently does it implicitly but that fallback will be removed in the future)
[1.491s] INFO:colcon.colcon_core.task.python.build:Building Python package in '/workspace/simpleav/20251204/src/simple_av/src/common'
[1.492s] INFO:colcon.colcon_core.shell:Skip shell extension 'powershell' for command environment: Not usable outside of PowerShell
[1.492s] DEBUG:colcon.colcon_core.shell:Skip shell extension 'dsv' for command environment
[1.917s] INFO:colcon.colcon_core.task.python.build:Building Python package in '/workspace/simpleav/20251204/src/simple_av/src/localization'
[1.917s] INFO:colcon.colcon_core.shell:Skip shell extension 'powershell' for command environment: Not usable outside of PowerShell
[1.917s] DEBUG:colcon.colcon_core.shell:Skip shell extension 'dsv' for command environment
[2.345s] INFO:colcon.colcon_core.task.python.build:Building Python package in '/workspace/simpleav/20251204/src/simple_av/src/simple_av'
[2.346s] INFO:colcon.colcon_core.shell:Skip shell extension 'powershell' for command environment: Not usable outside of PowerShell
[2.346s] DEBUG:colcon.colcon_core.shell:Skip shell extension 'dsv' for command environment
[2.362s] DEBUG:colcon.colcon_core.event_handler.log_command:Invoking command in '/workspace/simpleav/20251204/src/simple_av/build/simple_av_msgs': CMAKE_PREFIX_PATH=${CMAKE_PREFIX_PATH}:/workspace/simpleav/20251204/install/system:/workspace/simpleav/20251204/install/simple_av_logger:/workspace/simpleav/20251204/install/simple_av:/workspace/simpleav/20251204/install/planning:/workspace/simpleav/20251204/install/perception:/workspace/simpleav/20251204/install/localization:/workspace/simpleav/20251204/install/control:/workspace/simpleav/20251204/install/common:/opt/ros/humble /usr/bin/cmake /workspace/simpleav/20251204/src/simple_av/src/messages/simple_av_msgs -DAMENT_CMAKE_SYMLINK_INSTALL=1 -DCMAKE_INSTALL_PREFIX=/workspace/simpleav/20251204/src/simple_av/install/simple_av_msgs
[2.802s] INFO:colcon.colcon_core.task.python.build:Building Python package in '/workspace/simpleav/20251204/src/simple_av/src/system'
[2.802s] INFO:colcon.colcon_core.shell:Skip shell extension 'powershell' for command environment: Not usable outside of PowerShell
[2.803s] DEBUG:colcon.colcon_core.shell:Skip shell extension 'dsv' for command environment
[2.825s] DEBUG:colcon.colcon_core.event_handler.log_command:Invoked command in '/workspace/simpleav/20251204/src/simple_av/build/autoware_lint_common' returned '0': CMAKE_PREFIX_PATH=${CMAKE_PREFIX_PATH}:/workspace/simpleav/20251204/install/system:/workspace/simpleav/20251204/install/simple_av_logger:/workspace/simpleav/20251204/install/simple_av:/workspace/simpleav/20251204/install/planning:/workspace/simpleav/20251204/install/perception:/workspace/simpleav/20251204/install/localization:/workspace/simpleav/20251204/install/control:/workspace/simpleav/20251204/install/common:/opt/ros/humble /usr/bin/cmake /workspace/simpleav/20251204/src/simple_av/src/visualization/autoware_cmake/autoware_lint_common -DAMENT_CMAKE_SYMLINK_INSTALL=1 -DCMAKE_INSTALL_PREFIX=/workspace/simpleav/20251204/src/simple_av/install/autoware_lint_common
[2.828s] DEBUG:colcon.colcon_core.event_handler.log_command:Invoking command in '/workspace/simpleav/20251204/src/simple_av/build/autoware_lint_common': CMAKE_PREFIX_PATH=${CMAKE_PREFIX_PATH}:/workspace/simpleav/20251204/install/system:/workspace/simpleav/20251204/install/simple_av_logger:/workspace/simpleav/20251204/install/simple_av:/workspace/simpleav/20251204/install/planning:/workspace/simpleav/20251204/install/perception:/workspace/simpleav/20251204/install/localization:/workspace/simpleav/20251204/install/control:/workspace/simpleav/20251204/install/common:/opt/ros/humble /usr/bin/cmake --build /workspace/simpleav/20251204/src/simple_av/build/autoware_lint_common -- -j52 -l52
[2.918s] DEBUG:colcon.colcon_core.event_handler.log_command:Invoked command in '/workspace/simpleav/20251204/src/simple_av/build/autoware_lint_common' returned '0': CMAKE_PREFIX_PATH=${CMAKE_PREFIX_PATH}:/workspace/simpleav/20251204/install/system:/workspace/simpleav/20251204/install/simple_av_logger:/workspace/simpleav/20251204/install/simple_av:/workspace/simpleav/20251204/install/planning:/workspace/simpleav/20251204/install/perception:/workspace/simpleav/20251204/install/localization:/workspace/simpleav/20251204/install/control:/workspace/simpleav/20251204/install/common:/opt/ros/humble /usr/bin/cmake --build /workspace/simpleav/20251204/src/simple_av/build/autoware_lint_common -- -j52 -l52
[2.942s] DEBUG:colcon.colcon_core.event_handler.log_command:Invoking command in '/workspace/simpleav/20251204/src/simple_av/build/autoware_lint_common': CMAKE_PREFIX_PATH=${CMAKE_PREFIX_PATH}:/workspace/simpleav/20251204/install/system:/workspace/simpleav/20251204/install/simple_av_logger:/workspace/simpleav/20251204/install/simple_av:/workspace/simpleav/20251204/install/planning:/workspace/simpleav/20251204/install/perception:/workspace/simpleav/20251204/install/localization:/workspace/simpleav/20251204/install/control:/workspace/simpleav/20251204/install/common:/opt/ros/humble /usr/bin/cmake --install /workspace/simpleav/20251204/src/simple_av/build/autoware_lint_common
[3.297s] Level 1:colcon.colcon_core.environment:create_environment_scripts_only(autoware_lint_common)
[3.298s] DEBUG:colcon.colcon_core.event_handler.log_command:Invoked command in '/workspace/simpleav/20251204/src/simple_av/build/autoware_lint_common' returned '0': CMAKE_PREFIX_PATH=${CMAKE_PREFIX_PATH}:/workspace/simpleav/20251204/install/system:/workspace/simpleav/20251204/install/simple_av_logger:/workspace/simpleav/20251204/install/simple_av:/workspace/simpleav/20251204/install/planning:/workspace/simpleav/20251204/install/perception:/workspace/simpleav/20251204/install/localization:/workspace/simpleav/20251204/install/control:/workspace/simpleav/20251204/install/common:/opt/ros/humble /usr/bin/cmake --install /workspace/simpleav/20251204/src/simple_av/build/autoware_lint_common
[3.303s] Level 1:colcon.colcon_core.environment:checking '/workspace/simpleav/20251204/src/simple_av/install/autoware_lint_common' for CMake module files
[3.304s] Level 1:colcon.colcon_core.environment:checking '/workspace/simpleav/20251204/src/simple_av/install/autoware_lint_common' for CMake config files
[3.304s] Level 1:colcon.colcon_core.shell:create_environment_hook('autoware_lint_common', 'cmake_prefix_path')
[3.305s] INFO:colcon.colcon_core.shell:Creating environment hook '/workspace/simpleav/20251204/src/simple_av/install/autoware_lint_common/share/autoware_lint_common/hook/cmake_prefix_path.ps1'
[3.305s] INFO:colcon.colcon_core.shell:Creating environment descriptor '/workspace/simpleav/20251204/src/simple_av/install/autoware_lint_common/share/autoware_lint_common/hook/cmake_prefix_path.dsv'
[3.306s] INFO:colcon.colcon_core.shell:Creating environment hook '/workspace/simpleav/20251204/src/simple_av/install/autoware_lint_common/share/autoware_lint_common/hook/cmake_prefix_path.sh'
[3.306s] Level 1:colcon.colcon_core.environment:checking '/workspace/simpleav/20251204/src/simple_av/install/autoware_lint_common/bin'
[3.306s] Level 1:colcon.colcon_core.environment:checking '/workspace/simpleav/20251204/src/simple_av/install/autoware_lint_common/lib/pkgconfig/autoware_lint_common.pc'
[3.307s] Level 1:colcon.colcon_core.environment:checking '/workspace/simpleav/20251204/src/simple_av/install/autoware_lint_common/lib/python3.10/site-packages'
[3.307s] Level 1:colcon.colcon_core.environment:checking '/workspace/simpleav/20251204/src/simple_av/install/autoware_lint_common/bin'
[3.307s] INFO:colcon.colcon_core.shell:Creating package script '/workspace/simpleav/20251204/src/simple_av/install/autoware_lint_common/share/autoware_lint_common/package.ps1'
[3.308s] INFO:colcon.colcon_core.shell:Creating package descriptor '/workspace/simpleav/20251204/src/simple_av/install/autoware_lint_common/share/autoware_lint_common/package.dsv'
[3.309s] INFO:colcon.colcon_core.shell:Creating package script '/workspace/simpleav/20251204/src/simple_av/install/autoware_lint_common/share/autoware_lint_common/package.sh'
[3.310s] INFO:colcon.colcon_core.shell:Creating package script '/workspace/simpleav/20251204/src/simple_av/install/autoware_lint_common/share/autoware_lint_common/package.bash'
[3.310s] INFO:colcon.colcon_core.shell:Creating package script '/workspace/simpleav/20251204/src/simple_av/install/autoware_lint_common/share/autoware_lint_common/package.zsh'
[3.311s] Level 1:colcon.colcon_core.environment:create_file_with_runtime_dependencies(/workspace/simpleav/20251204/src/simple_av/install/autoware_lint_common/share/colcon-core/packages/autoware_lint_common)
[3.312s] Level 1:colcon.colcon_core.environment:create_environment_scripts_only(autoware_lint_common)
[3.312s] Level 1:colcon.colcon_core.environment:checking '/workspace/simpleav/20251204/src/simple_av/install/autoware_lint_common' for CMake module files
[3.313s] Level 1:colcon.colcon_core.environment:checking '/workspace/simpleav/20251204/src/simple_av/install/autoware_lint_common' for CMake config files
[3.313s] Level 1:colcon.colcon_core.shell:create_environment_hook('autoware_lint_common', 'cmake_prefix_path')
[3.313s] INFO:colcon.colcon_core.shell:Creating environment hook '/workspace/simpleav/20251204/src/simple_av/install/autoware_lint_common/share/autoware_lint_common/hook/cmake_prefix_path.ps1'
[3.314s] INFO:colcon.colcon_core.shell:Creating environment descriptor '/workspace/simpleav/20251204/src/simple_av/install/autoware_lint_common/share/autoware_lint_common/hook/cmake_prefix_path.dsv'
[3.315s] INFO:colcon.colcon_core.shell:Creating environment hook '/workspace/simpleav/20251204/src/simple_av/install/autoware_lint_common/share/autoware_lint_common/hook/cmake_prefix_path.sh'
[3.315s] Level 1:colcon.colcon_core.environment:checking '/workspace/simpleav/20251204/src/simple_av/install/autoware_lint_common/bin'
[3.315s] Level 1:colcon.colcon_core.environment:checking '/workspace/simpleav/20251204/src/simple_av/install/autoware_lint_common/lib/pkgconfig/autoware_lint_common.pc'
[3.316s] Level 1:colcon.colcon_core.environment:checking '/workspace/simpleav/20251204/src/simple_av/install/autoware_lint_common/lib/python3.10/site-packages'
[3.316s] Level 1:colcon.colcon_core.environment:checking '/workspace/simpleav/20251204/src/simple_av/install/autoware_lint_common/bin'
[3.316s] INFO:colcon.colcon_core.shell:Creating package script '/workspace/simpleav/20251204/src/simple_av/install/autoware_lint_common/share/autoware_lint_common/package.ps1'
[3.317s] INFO:colcon.colcon_core.shell:Creating package descriptor '/workspace/simpleav/20251204/src/simple_av/install/autoware_lint_common/share/autoware_lint_common/package.dsv'
[3.317s] INFO:colcon.colcon_core.shell:Creating package script '/workspace/simpleav/20251204/src/simple_av/install/autoware_lint_common/share/autoware_lint_common/package.sh'
[3.318s] INFO:colcon.colcon_core.shell:Creating package script '/workspace/simpleav/20251204/src/simple_av/install/autoware_lint_common/share/autoware_lint_common/package.bash'
[3.318s] INFO:colcon.colcon_core.shell:Creating package script '/workspace/simpleav/20251204/src/simple_av/install/autoware_lint_common/share/autoware_lint_common/package.zsh'
[3.318s] Level 1:colcon.colcon_core.environment:create_file_with_runtime_dependencies(/workspace/simpleav/20251204/src/simple_av/install/autoware_lint_common/share/colcon-core/packages/autoware_lint_common)
[3.319s] INFO:colcon.colcon_ros.task.ament_cmake.build:Building ROS package in '/workspace/simpleav/20251204/src/simple_av/src/visualization/autoware_cmake/autoware_cmake' with build type 'ament_cmake'
[3.319s] INFO:colcon.colcon_cmake.task.cmake.build:Building CMake package in '/workspace/simpleav/20251204/src/simple_av/src/visualization/autoware_cmake/autoware_cmake'
[3.320s] INFO:colcon.colcon_core.shell:Skip shell extension 'powershell' for command environment: Not usable outside of PowerShell
[3.320s] DEBUG:colcon.colcon_core.shell:Skip shell extension 'dsv' for command environment
[3.346s] DEBUG:colcon.colcon_core.event_handler.log_command:Invoking command in '/workspace/simpleav/20251204/src/simple_av/build/autoware_cmake': AMENT_PREFIX_PATH=/workspace/simpleav/20251204/src/simple_av/install/autoware_lint_common:${AMENT_PREFIX_PATH} CMAKE_PREFIX_PATH=/workspace/simpleav/20251204/src/simple_av/install/autoware_lint_common:/workspace/simpleav/20251204/install/v2x_msgs:/workspace/simpleav/20251204/install/tier4_vehicle_rviz_plugin:/workspace/simpleav/20251204/install/tier4_traffic_light_rviz_plugin:/workspace/simpleav/20251204/install/tier4_system_rviz_plugin:/workspace/simpleav/20251204/install/tier4_camera_view_rviz_plugin:/workspace/simpleav/20251204/install/tier4_adapi_rviz_plugin:/workspace/simpleav/20251204/install/autoware_component_interface_utils:/workspace/simpleav/20251204/install/tier4_system_msgs:/workspace/simpleav/20251204/install/tier4_state_rviz_plugin:/workspace/simpleav/20251204/install/tier4_dummy_object_rviz_plugin:/workspace/simpleav/20251204/install/tier4_simulation_msgs:/workspace/simpleav/20251204/install/tier4_planning_rviz_plugin:/workspace/simpleav/20251204/install/tier4_planning_factor_rviz_plugin:/workspace/simpleav/20251204/install/tier4_localization_rviz_plugin:/workspace/simpleav/20251204/install/tier4_external_api_msgs:/workspace/simpleav/20251204/install/tier4_datetime_rviz_plugin:/workspace/simpleav/20251204/install/simple_av_msgs:/workspace/simpleav/20251204/install/autoware_overlay_rviz_plugin:/workspace/simpleav/20251204/install/autoware_motion_utils:/workspace/simpleav/20251204/install/autoware_map_loader:/workspace/simpleav/20251204/install/autoware_component_interface_specs:/workspace/simpleav/20251204/install/autoware_vehicle_msgs:/workspace/simpleav/20251204/install/autoware_vehicle_info_utils:/workspace/simpleav/20251204/install/autoware_utils:/workspace/simpleav/20251204/install/autoware_utils_visualization:/workspace/simpleav/20251204/install/autoware_utils_uuid:/workspace/simpleav/20251204/install/autoware_utils_pcl:/workspace/simpleav/20251204/install/autoware_utils_tf:/workspace/simpleav/20251204/install/autoware_utils_debug:/workspace/simpleav/20251204/install/autoware_utils_system:/workspace/simpleav/20251204/install/autoware_utils_rclcpp:/workspace/simpleav/20251204/install/autoware_interpolation:/workspace/simpleav/20251204/install/autoware_utils_geometry:/workspace/simpleav/20251204/install/autoware_utils_math:/workspace/simpleav/20251204/install/autoware_utils_logging:/workspace/simpleav/20251204/install/autoware_utils_diagnostics:/workspace/simpleav/20251204/install/autoware_system_msgs:/workspace/simpleav/20251204/install/autoware_string_stamped_rviz_plugin:/workspace/simpleav/20251204/install/autoware_sensing_msgs:/workspace/simpleav/20251204/install/autoware_polar_grid:/workspace/simpleav/20251204/install/autoware_mission_details_overlay_rviz_plugin:/workspace/simpleav/20251204/install/autoware_lanelet2_map_visualizer:/workspace/simpleav/20251204/install/autoware_lanelet2_extension_python:/workspace/simpleav/20251204/install/autoware_geography_utils:/workspace/simpleav/20251204/install/autoware_lanelet2_extension:/workspace/simpleav/20251204/install/autoware_internal_msgs:/workspace/simpleav/20251204/install/autoware_internal_planning_msgs:/workspace/simpleav/20251204/install/autoware_planning_msgs:/workspace/simpleav/20251204/install/autoware_perception_rviz_plugin:/workspace/simpleav/20251204/install/autoware_internal_perception_msgs:/workspace/simpleav/20251204/install/autoware_perception_msgs:/workspace/simpleav/20251204/install/autoware_map_msgs:/workspace/simpleav/20251204/install/autoware_localization_msgs:/workspace/simpleav/20251204/install/autoware_lint_common:/workspace/simpleav/20251204/install/autoware_internal_metric_msgs:/workspace/simpleav/20251204/install/autoware_internal_localization_msgs:/workspace/simpleav/20251204/install/autoware_internal_debug_msgs:/workspace/simpleav/20251204/install/autoware_control_msgs:/workspace/simpleav/20251204/install/autoware_common_msgs:/workspace/simpleav/20251204/install/autoware_cmake:/workspace/simpleav/20251204/install/autoware_bag_time_manager_rviz_plugin:/workspace/simpleav/20251204/install/autoware_adapi_version_msgs:/workspace/simpleav/20251204/install/autoware_adapi_v1_msgs:/workspace/simpleav/20251204/install/autoware_adapi_specs:/workspace/simpleav/20251204/install/system:/workspace/simpleav/20251204/install/simple_av_logger:/workspace/simpleav/20251204/install/simple_av:/workspace/simpleav/20251204/install/planning:/workspace/simpleav/20251204/install/perception:/workspace/simpleav/20251204/install/localization:/workspace/simpleav/20251204/install/control:/workspace/simpleav/20251204/install/common:/opt/ros/humble /usr/bin/cmake /workspace/simpleav/20251204/src/simple_av/src/visualization/autoware_cmake/autoware_cmake -DAMENT_CMAKE_SYMLINK_INSTALL=1 -DCMAKE_INSTALL_PREFIX=/workspace/simpleav/20251204/src/simple_av/install/autoware_cmake
[3.447s] DEBUG:colcon.colcon_core.event_handler.log_command:Invoking command in '/workspace/simpleav/20251204/src/simple_av/build/localization': PYTHONPATH=/workspace/simpleav/20251204/src/simple_av/build/localization/prefix_override:/usr/lib/python3/dist-packages/colcon_core/task/python/colcon_distutils_commands:/workspace/simpleav/20251204/src/simple_av/install/localization/lib/python3.10/site-packages:${PYTHONPATH} /usr/bin/python3 -W ignore:setup.py install is deprecated -W ignore:easy_install command is deprecated setup.py develop --editable --build-directory /workspace/simpleav/20251204/src/simple_av/build/localization/build --no-deps symlink_data
[3.452s] DEBUG:colcon.colcon_core.event_handler.log_command:Invoking command in '/workspace/simpleav/20251204/src/simple_av/build/common': PYTHONPATH=/workspace/simpleav/20251204/src/simple_av/build/common/prefix_override:/usr/lib/python3/dist-packages/colcon_core/task/python/colcon_distutils_commands:/workspace/simpleav/20251204/src/simple_av/install/common/lib/python3.10/site-packages:${PYTHONPATH} /usr/bin/python3 -W ignore:setup.py install is deprecated -W ignore:easy_install command is deprecated setup.py develop --editable --build-directory /workspace/simpleav/20251204/src/simple_av/build/common/build --no-deps symlink_data
[3.461s] DEBUG:colcon.colcon_core.event_handler.log_command:Invoking command in '/workspace/simpleav/20251204/src/simple_av/build/system': PYTHONPATH=/workspace/simpleav/20251204/src/simple_av/build/system/prefix_override:/usr/lib/python3/dist-packages/colcon_core/task/python/colcon_distutils_commands:/workspace/simpleav/20251204/src/simple_av/install/system/lib/python3.10/site-packages:${PYTHONPATH} /usr/bin/python3 -W ignore:setup.py install is deprecated -W ignore:easy_install command is deprecated setup.py develop --editable --build-directory /workspace/simpleav/20251204/src/simple_av/build/system/build --no-deps symlink_data
[3.637s] DEBUG:colcon.colcon_core.event_handler.log_command:Invoking command in '/workspace/simpleav/20251204/src/simple_av/build/simple_av': PYTHONPATH=/workspace/simpleav/20251204/src/simple_av/build/simple_av/prefix_override:/usr/lib/python3/dist-packages/colcon_core/task/python/colcon_distutils_commands:/workspace/simpleav/20251204/src/simple_av/install/simple_av/lib/python3.10/site-packages:${PYTHONPATH} /usr/bin/python3 -W ignore:setup.py install is deprecated -W ignore:easy_install command is deprecated setup.py develop --editable --build-directory /workspace/simpleav/20251204/src/simple_av/build/simple_av/build --no-deps symlink_data
[4.197s] DEBUG:colcon.colcon_core.event_handler.log_command:Invoked command in '/workspace/simpleav/20251204/src/simple_av/build/autoware_cmake' returned '0': AMENT_PREFIX_PATH=/workspace/simpleav/20251204/src/simple_av/install/autoware_lint_common:${AMENT_PREFIX_PATH} CMAKE_PREFIX_PATH=/workspace/simpleav/20251204/src/simple_av/install/autoware_lint_common:/workspace/simpleav/20251204/install/v2x_msgs:/workspace/simpleav/20251204/install/tier4_vehicle_rviz_plugin:/workspace/simpleav/20251204/install/tier4_traffic_light_rviz_plugin:/workspace/simpleav/20251204/install/tier4_system_rviz_plugin:/workspace/simpleav/20251204/install/tier4_camera_view_rviz_plugin:/workspace/simpleav/20251204/install/tier4_adapi_rviz_plugin:/workspace/simpleav/20251204/install/autoware_component_interface_utils:/workspace/simpleav/20251204/install/tier4_system_msgs:/workspace/simpleav/20251204/install/tier4_state_rviz_plugin:/workspace/simpleav/20251204/install/tier4_dummy_object_rviz_plugin:/workspace/simpleav/20251204/install/tier4_simulation_msgs:/workspace/simpleav/20251204/install/tier4_planning_rviz_plugin:/workspace/simpleav/20251204/install/tier4_planning_factor_rviz_plugin:/workspace/simpleav/20251204/install/tier4_localization_rviz_plugin:/workspace/simpleav/20251204/install/tier4_external_api_msgs:/workspace/simpleav/20251204/install/tier4_datetime_rviz_plugin:/workspace/simpleav/20251204/install/simple_av_msgs:/workspace/simpleav/20251204/install/autoware_overlay_rviz_plugin:/workspace/simpleav/20251204/install/autoware_motion_utils:/workspace/simpleav/20251204/install/autoware_map_loader:/workspace/simpleav/20251204/install/autoware_component_interface_specs:/workspace/simpleav/20251204/install/autoware_vehicle_msgs:/workspace/simpleav/20251204/install/autoware_vehicle_info_utils:/workspace/simpleav/20251204/install/autoware_utils:/workspace/simpleav/20251204/install/autoware_utils_visualization:/workspace/simpleav/20251204/install/autoware_utils_uuid:/workspace/simpleav/20251204/install/autoware_utils_pcl:/workspace/simpleav/20251204/install/autoware_utils_tf:/workspace/simpleav/20251204/install/autoware_utils_debug:/workspace/simpleav/20251204/install/autoware_utils_system:/workspace/simpleav/20251204/install/autoware_utils_rclcpp:/workspace/simpleav/20251204/install/autoware_interpolation:/workspace/simpleav/20251204/install/autoware_utils_geometry:/workspace/simpleav/20251204/install/autoware_utils_math:/workspace/simpleav/20251204/install/autoware_utils_logging:/workspace/simpleav/20251204/install/autoware_utils_diagnostics:/workspace/simpleav/20251204/install/autoware_system_msgs:/workspace/simpleav/20251204/install/autoware_string_stamped_rviz_plugin:/workspace/simpleav/20251204/install/autoware_sensing_msgs:/workspace/simpleav/20251204/install/autoware_polar_grid:/workspace/simpleav/20251204/install/autoware_mission_details_overlay_rviz_plugin:/workspace/simpleav/20251204/install/autoware_lanelet2_map_visualizer:/workspace/simpleav/20251204/install/autoware_lanelet2_extension_python:/workspace/simpleav/20251204/install/autoware_geography_utils:/workspace/simpleav/20251204/install/autoware_lanelet2_extension:/workspace/simpleav/20251204/install/autoware_internal_msgs:/workspace/simpleav/20251204/install/autoware_internal_planning_msgs:/workspace/simpleav/20251204/install/autoware_planning_msgs:/workspace/simpleav/20251204/install/autoware_perception_rviz_plugin:/workspace/simpleav/20251204/install/autoware_internal_perception_msgs:/workspace/simpleav/20251204/install/autoware_perception_msgs:/workspace/simpleav/20251204/install/autoware_map_msgs:/workspace/simpleav/20251204/install/autoware_localization_msgs:/workspace/simpleav/20251204/install/autoware_lint_common:/workspace/simpleav/20251204/install/autoware_internal_metric_msgs:/workspace/simpleav/20251204/install/autoware_internal_localization_msgs:/workspace/simpleav/20251204/install/autoware_internal_debug_msgs:/workspace/simpleav/20251204/install/autoware_control_msgs:/workspace/simpleav/20251204/install/autoware_common_msgs:/workspace/simpleav/20251204/install/autoware_cmake:/workspace/simpleav/20251204/install/autoware_bag_time_manager_rviz_plugin:/workspace/simpleav/20251204/install/autoware_adapi_version_msgs:/workspace/simpleav/20251204/install/autoware_adapi_v1_msgs:/workspace/simpleav/20251204/install/autoware_adapi_specs:/workspace/simpleav/20251204/install/system:/workspace/simpleav/20251204/install/simple_av_logger:/workspace/simpleav/20251204/install/simple_av:/workspace/simpleav/20251204/install/planning:/workspace/simpleav/20251204/install/perception:/workspace/simpleav/20251204/install/localization:/workspace/simpleav/20251204/install/control:/workspace/simpleav/20251204/install/common:/opt/ros/humble /usr/bin/cmake /workspace/simpleav/20251204/src/simple_av/src/visualization/autoware_cmake/autoware_cmake -DAMENT_CMAKE_SYMLINK_INSTALL=1 -DCMAKE_INSTALL_PREFIX=/workspace/simpleav/20251204/src/simple_av/install/autoware_cmake
[4.197s] DEBUG:colcon.colcon_core.event_handler.log_command:Invoking command in '/workspace/simpleav/20251204/src/simple_av/build/autoware_cmake': AMENT_PREFIX_PATH=/workspace/simpleav/20251204/src/simple_av/install/autoware_lint_common:${AMENT_PREFIX_PATH} CMAKE_PREFIX_PATH=/workspace/simpleav/20251204/src/simple_av/install/autoware_lint_common:/workspace/simpleav/20251204/install/v2x_msgs:/workspace/simpleav/20251204/install/tier4_vehicle_rviz_plugin:/workspace/simpleav/20251204/install/tier4_traffic_light_rviz_plugin:/workspace/simpleav/20251204/install/tier4_system_rviz_plugin:/workspace/simpleav/20251204/install/tier4_camera_view_rviz_plugin:/workspace/simpleav/20251204/install/tier4_adapi_rviz_plugin:/workspace/simpleav/20251204/install/autoware_component_interface_utils:/workspace/simpleav/20251204/install/tier4_system_msgs:/workspace/simpleav/20251204/install/tier4_state_rviz_plugin:/workspace/simpleav/20251204/install/tier4_dummy_object_rviz_plugin:/workspace/simpleav/20251204/install/tier4_simulation_msgs:/workspace/simpleav/20251204/install/tier4_planning_rviz_plugin:/workspace/simpleav/20251204/install/tier4_planning_factor_rviz_plugin:/workspace/simpleav/20251204/install/tier4_localization_rviz_plugin:/workspace/simpleav/20251204/install/tier4_external_api_msgs:/workspace/simpleav/20251204/install/tier4_datetime_rviz_plugin:/workspace/simpleav/20251204/install/simple_av_msgs:/workspace/simpleav/20251204/install/autoware_overlay_rviz_plugin:/workspace/simpleav/20251204/install/autoware_motion_utils:/workspace/simpleav/20251204/install/autoware_map_loader:/workspace/simpleav/20251204/install/autoware_component_interface_specs:/workspace/simpleav/20251204/install/autoware_vehicle_msgs:/workspace/simpleav/20251204/install/autoware_vehicle_info_utils:/workspace/simpleav/20251204/install/autoware_utils:/workspace/simpleav/20251204/install/autoware_utils_visualization:/workspace/simpleav/20251204/install/autoware_utils_uuid:/workspace/simpleav/20251204/install/autoware_utils_pcl:/workspace/simpleav/20251204/install/autoware_utils_tf:/workspace/simpleav/20251204/install/autoware_utils_debug:/workspace/simpleav/20251204/install/autoware_utils_system:/workspace/simpleav/20251204/install/autoware_utils_rclcpp:/workspace/simpleav/20251204/install/autoware_interpolation:/workspace/simpleav/20251204/install/autoware_utils_geometry:/workspace/simpleav/20251204/install/autoware_utils_math:/workspace/simpleav/20251204/install/autoware_utils_logging:/workspace/simpleav/20251204/install/autoware_utils_diagnostics:/workspace/simpleav/20251204/install/autoware_system_msgs:/workspace/simpleav/20251204/install/autoware_string_stamped_rviz_plugin:/workspace/simpleav/20251204/install/autoware_sensing_msgs:/workspace/simpleav/20251204/install/autoware_polar_grid:/workspace/simpleav/20251204/install/autoware_mission_details_overlay_rviz_plugin:/workspace/simpleav/20251204/install/autoware_lanelet2_map_visualizer:/workspace/simpleav/20251204/install/autoware_lanelet2_extension_python:/workspace/simpleav/20251204/install/autoware_geography_utils:/workspace/simpleav/20251204/install/autoware_lanelet2_extension:/workspace/simpleav/20251204/install/autoware_internal_msgs:/workspace/simpleav/20251204/install/autoware_internal_planning_msgs:/workspace/simpleav/20251204/install/autoware_planning_msgs:/workspace/simpleav/20251204/install/autoware_perception_rviz_plugin:/workspace/simpleav/20251204/install/autoware_internal_perception_msgs:/workspace/simpleav/20251204/install/autoware_perception_msgs:/workspace/simpleav/20251204/install/autoware_map_msgs:/workspace/simpleav/20251204/install/autoware_localization_msgs:/workspace/simpleav/20251204/install/autoware_lint_common:/workspace/simpleav/20251204/install/autoware_internal_metric_msgs:/workspace/simpleav/20251204/install/autoware_internal_localization_msgs:/workspace/simpleav/20251204/install/autoware_internal_debug_msgs:/workspace/simpleav/20251204/install/autoware_control_msgs:/workspace/simpleav/20251204/install/autoware_common_msgs:/workspace/simpleav/20251204/install/autoware_cmake:/workspace/simpleav/20251204/install/autoware_bag_time_manager_rviz_plugin:/workspace/simpleav/20251204/install/autoware_adapi_version_msgs:/workspace/simpleav/20251204/install/autoware_adapi_v1_msgs:/workspace/simpleav/20251204/install/autoware_adapi_specs:/workspace/simpleav/20251204/install/system:/workspace/simpleav/20251204/install/simple_av_logger:/workspace/simpleav/20251204/install/simple_av:/workspace/simpleav/20251204/install/planning:/workspace/simpleav/20251204/install/perception:/workspace/simpleav/20251204/install/localization:/workspace/simpleav/20251204/install/control:/workspace/simpleav/20251204/install/common:/opt/ros/humble /usr/bin/cmake --build /workspace/simpleav/20251204/src/simple_av/build/autoware_cmake -- -j52 -l52
[4.235s] Level 1:colcon.colcon_core.shell:create_environment_hook('localization', 'pythonpath_develop')
[4.235s] INFO:colcon.colcon_core.shell:Creating environment hook '/workspace/simpleav/20251204/src/simple_av/build/localization/share/localization/hook/pythonpath_develop.ps1'
[4.237s] DEBUG:colcon.colcon_core.event_handler.log_command:Invoked command in '/workspace/simpleav/20251204/src/simple_av/build/localization' returned '0': PYTHONPATH=/workspace/simpleav/20251204/src/simple_av/build/localization/prefix_override:/usr/lib/python3/dist-packages/colcon_core/task/python/colcon_distutils_commands:/workspace/simpleav/20251204/src/simple_av/install/localization/lib/python3.10/site-packages:${PYTHONPATH} /usr/bin/python3 -W ignore:setup.py install is deprecated -W ignore:easy_install command is deprecated setup.py develop --editable --build-directory /workspace/simpleav/20251204/src/simple_av/build/localization/build --no-deps symlink_data
[4.238s] INFO:colcon.colcon_core.shell:Creating environment descriptor '/workspace/simpleav/20251204/src/simple_av/build/localization/share/localization/hook/pythonpath_develop.dsv'
[4.239s] INFO:colcon.colcon_core.shell:Creating environment hook '/workspace/simpleav/20251204/src/simple_av/build/localization/share/localization/hook/pythonpath_develop.sh'
[4.240s] Level 1:colcon.colcon_core.environment:checking '/workspace/simpleav/20251204/src/simple_av/install/localization' for CMake module files
[4.240s] Level 1:colcon.colcon_core.environment:checking '/workspace/simpleav/20251204/src/simple_av/install/localization' for CMake config files
[4.241s] Level 1:colcon.colcon_core.environment:checking '/workspace/simpleav/20251204/src/simple_av/install/localization/lib'
[4.241s] Level 1:colcon.colcon_core.environment:checking '/workspace/simpleav/20251204/src/simple_av/install/localization/bin'
[4.241s] Level 1:colcon.colcon_core.environment:checking '/workspace/simpleav/20251204/src/simple_av/install/localization/lib/pkgconfig/localization.pc'
[4.241s] Level 1:colcon.colcon_core.environment:checking '/workspace/simpleav/20251204/src/simple_av/install/localization/lib/python3.10/site-packages'
[4.241s] Level 1:colcon.colcon_core.shell:create_environment_hook('localization', 'pythonpath')
[4.242s] INFO:colcon.colcon_core.shell:Creating environment hook '/workspace/simpleav/20251204/src/simple_av/install/localization/share/localization/hook/pythonpath.ps1'
[4.242s] INFO:colcon.colcon_core.shell:Creating environment descriptor '/workspace/simpleav/20251204/src/simple_av/install/localization/share/localization/hook/pythonpath.dsv'
[4.243s] INFO:colcon.colcon_core.shell:Creating environment hook '/workspace/simpleav/20251204/src/simple_av/install/localization/share/localization/hook/pythonpath.sh'
[4.243s] Level 1:colcon.colcon_core.environment:checking '/workspace/simpleav/20251204/src/simple_av/install/localization/bin'
[4.243s] Level 1:colcon.colcon_core.environment:create_environment_scripts_only(localization)
[4.244s] INFO:colcon.colcon_core.shell:Creating package script '/workspace/simpleav/20251204/src/simple_av/install/localization/share/localization/package.ps1'
[4.244s] INFO:colcon.colcon_core.shell:Creating package descriptor '/workspace/simpleav/20251204/src/simple_av/install/localization/share/localization/package.dsv'
[4.245s] INFO:colcon.colcon_core.shell:Creating package script '/workspace/simpleav/20251204/src/simple_av/install/localization/share/localization/package.sh'
[4.245s] INFO:colcon.colcon_core.shell:Creating package script '/workspace/simpleav/20251204/src/simple_av/install/localization/share/localization/package.bash'
[4.245s] INFO:colcon.colcon_core.shell:Creating package script '/workspace/simpleav/20251204/src/simple_av/install/localization/share/localization/package.zsh'
[4.246s] Level 1:colcon.colcon_core.environment:create_file_with_runtime_dependencies(/workspace/simpleav/20251204/src/simple_av/install/localization/share/colcon-core/packages/localization)
[4.248s] Level 1:colcon.colcon_core.shell:create_environment_hook('common', 'pythonpath_develop')
[4.248s] INFO:colcon.colcon_core.shell:Creating environment hook '/workspace/simpleav/20251204/src/simple_av/build/common/share/common/hook/pythonpath_develop.ps1'
[4.250s] DEBUG:colcon.colcon_core.event_handler.log_command:Invoked command in '/workspace/simpleav/20251204/src/simple_av/build/common' returned '0': PYTHONPATH=/workspace/simpleav/20251204/src/simple_av/build/common/prefix_override:/usr/lib/python3/dist-packages/colcon_core/task/python/colcon_distutils_commands:/workspace/simpleav/20251204/src/simple_av/install/common/lib/python3.10/site-packages:${PYTHONPATH} /usr/bin/python3 -W ignore:setup.py install is deprecated -W ignore:easy_install command is deprecated setup.py develop --editable --build-directory /workspace/simpleav/20251204/src/simple_av/build/common/build --no-deps symlink_data
[4.250s] INFO:colcon.colcon_core.shell:Creating environment descriptor '/workspace/simpleav/20251204/src/simple_av/build/common/share/common/hook/pythonpath_develop.dsv'
[4.251s] INFO:colcon.colcon_core.shell:Creating environment hook '/workspace/simpleav/20251204/src/simple_av/build/common/share/common/hook/pythonpath_develop.sh'
[4.251s] Level 1:colcon.colcon_core.environment:checking '/workspace/simpleav/20251204/src/simple_av/install/common' for CMake module files
[4.252s] Level 1:colcon.colcon_core.environment:checking '/workspace/simpleav/20251204/src/simple_av/install/common' for CMake config files
[4.252s] Level 1:colcon.colcon_core.environment:checking '/workspace/simpleav/20251204/src/simple_av/install/common/lib'
[4.252s] Level 1:colcon.colcon_core.environment:checking '/workspace/simpleav/20251204/src/simple_av/install/common/bin'
[4.252s] Level 1:colcon.colcon_core.environment:checking '/workspace/simpleav/20251204/src/simple_av/install/common/lib/pkgconfig/common.pc'
[4.253s] Level 1:colcon.colcon_core.environment:checking '/workspace/simpleav/20251204/src/simple_av/install/common/lib/python3.10/site-packages'
[4.253s] Level 1:colcon.colcon_core.shell:create_environment_hook('common', 'pythonpath')
[4.253s] INFO:colcon.colcon_core.shell:Creating environment hook '/workspace/simpleav/20251204/src/simple_av/install/common/share/common/hook/pythonpath.ps1'
[4.253s] INFO:colcon.colcon_core.shell:Creating environment descriptor '/workspace/simpleav/20251204/src/simple_av/install/common/share/common/hook/pythonpath.dsv'
[4.254s] INFO:colcon.colcon_core.shell:Creating environment hook '/workspace/simpleav/20251204/src/simple_av/install/common/share/common/hook/pythonpath.sh'
[4.257s] Level 1:colcon.colcon_core.environment:checking '/workspace/simpleav/20251204/src/simple_av/install/common/bin'
[4.257s] Level 1:colcon.colcon_core.environment:create_environment_scripts_only(common)
[4.257s] INFO:colcon.colcon_core.shell:Creating package script '/workspace/simpleav/20251204/src/simple_av/install/common/share/common/package.ps1'
[4.258s] INFO:colcon.colcon_core.shell:Creating package descriptor '/workspace/simpleav/20251204/src/simple_av/install/common/share/common/package.dsv'
[4.259s] INFO:colcon.colcon_core.shell:Creating package script '/workspace/simpleav/20251204/src/simple_av/install/common/share/common/package.sh'
[4.260s] INFO:colcon.colcon_core.shell:Creating package script '/workspace/simpleav/20251204/src/simple_av/install/common/share/common/package.bash'
[4.261s] INFO:colcon.colcon_core.shell:Creating package script '/workspace/simpleav/20251204/src/simple_av/install/common/share/common/package.zsh'
[4.261s] Level 1:colcon.colcon_core.environment:create_file_with_runtime_dependencies(/workspace/simpleav/20251204/src/simple_av/install/common/share/colcon-core/packages/common)
[4.301s] DEBUG:colcon.colcon_core.event_handler.log_command:Invoked command in '/workspace/simpleav/20251204/src/simple_av/build/autoware_cmake' returned '0': AMENT_PREFIX_PATH=/workspace/simpleav/20251204/src/simple_av/install/autoware_lint_common:${AMENT_PREFIX_PATH} CMAKE_PREFIX_PATH=/workspace/simpleav/20251204/src/simple_av/install/autoware_lint_common:/workspace/simpleav/20251204/install/v2x_msgs:/workspace/simpleav/20251204/install/tier4_vehicle_rviz_plugin:/workspace/simpleav/20251204/install/tier4_traffic_light_rviz_plugin:/workspace/simpleav/20251204/install/tier4_system_rviz_plugin:/workspace/simpleav/20251204/install/tier4_camera_view_rviz_plugin:/workspace/simpleav/20251204/install/tier4_adapi_rviz_plugin:/workspace/simpleav/20251204/install/autoware_component_interface_utils:/workspace/simpleav/20251204/install/tier4_system_msgs:/workspace/simpleav/20251204/install/tier4_state_rviz_plugin:/workspace/simpleav/20251204/install/tier4_dummy_object_rviz_plugin:/workspace/simpleav/20251204/install/tier4_simulation_msgs:/workspace/simpleav/20251204/install/tier4_planning_rviz_plugin:/workspace/simpleav/20251204/install/tier4_planning_factor_rviz_plugin:/workspace/simpleav/20251204/install/tier4_localization_rviz_plugin:/workspace/simpleav/20251204/install/tier4_external_api_msgs:/workspace/simpleav/20251204/install/tier4_datetime_rviz_plugin:/workspace/simpleav/20251204/install/simple_av_msgs:/workspace/simpleav/20251204/install/autoware_overlay_rviz_plugin:/workspace/simpleav/20251204/install/autoware_motion_utils:/workspace/simpleav/20251204/install/autoware_map_loader:/workspace/simpleav/20251204/install/autoware_component_interface_specs:/workspace/simpleav/20251204/install/autoware_vehicle_msgs:/workspace/simpleav/20251204/install/autoware_vehicle_info_utils:/workspace/simpleav/20251204/install/autoware_utils:/workspace/simpleav/20251204/install/autoware_utils_visualization:/workspace/simpleav/20251204/install/autoware_utils_uuid:/workspace/simpleav/20251204/install/autoware_utils_pcl:/workspace/simpleav/20251204/install/autoware_utils_tf:/workspace/simpleav/20251204/install/autoware_utils_debug:/workspace/simpleav/20251204/install/autoware_utils_system:/workspace/simpleav/20251204/install/autoware_utils_rclcpp:/workspace/simpleav/20251204/install/autoware_interpolation:/workspace/simpleav/20251204/install/autoware_utils_geometry:/workspace/simpleav/20251204/install/autoware_utils_math:/workspace/simpleav/20251204/install/autoware_utils_logging:/workspace/simpleav/20251204/install/autoware_utils_diagnostics:/workspace/simpleav/20251204/install/autoware_system_msgs:/workspace/simpleav/20251204/install/autoware_string_stamped_rviz_plugin:/workspace/simpleav/20251204/install/autoware_sensing_msgs:/workspace/simpleav/20251204/install/autoware_polar_grid:/workspace/simpleav/20251204/install/autoware_mission_details_overlay_rviz_plugin:/workspace/simpleav/20251204/install/autoware_lanelet2_map_visualizer:/workspace/simpleav/20251204/install/autoware_lanelet2_extension_python:/workspace/simpleav/20251204/install/autoware_geography_utils:/workspace/simpleav/20251204/install/autoware_lanelet2_extension:/workspace/simpleav/20251204/install/autoware_internal_msgs:/workspace/simpleav/20251204/install/autoware_internal_planning_msgs:/workspace/simpleav/20251204/install/autoware_planning_msgs:/workspace/simpleav/20251204/install/autoware_perception_rviz_plugin:/workspace/simpleav/20251204/install/autoware_internal_perception_msgs:/workspace/simpleav/20251204/install/autoware_perception_msgs:/workspace/simpleav/20251204/install/autoware_map_msgs:/workspace/simpleav/20251204/install/autoware_localization_msgs:/workspace/simpleav/20251204/install/autoware_lint_common:/workspace/simpleav/20251204/install/autoware_internal_metric_msgs:/workspace/simpleav/20251204/install/autoware_internal_localization_msgs:/workspace/simpleav/20251204/install/autoware_internal_debug_msgs:/workspace/simpleav/20251204/install/autoware_control_msgs:/workspace/simpleav/20251204/install/autoware_common_msgs:/workspace/simpleav/20251204/install/autoware_cmake:/workspace/simpleav/20251204/install/autoware_bag_time_manager_rviz_plugin:/workspace/simpleav/20251204/install/autoware_adapi_version_msgs:/workspace/simpleav/20251204/install/autoware_adapi_v1_msgs:/workspace/simpleav/20251204/install/autoware_adapi_specs:/workspace/simpleav/20251204/install/system:/workspace/simpleav/20251204/install/simple_av_logger:/workspace/simpleav/20251204/install/simple_av:/workspace/simpleav/20251204/install/planning:/workspace/simpleav/20251204/install/perception:/workspace/simpleav/20251204/install/localization:/workspace/simpleav/20251204/install/control:/workspace/simpleav/20251204/install/common:/opt/ros/humble /usr/bin/cmake --build /workspace/simpleav/20251204/src/simple_av/build/autoware_cmake -- -j52 -l52
[4.304s] DEBUG:colcon.colcon_core.event_handler.log_command:Invoking command in '/workspace/simpleav/20251204/src/simple_av/build/autoware_cmake': AMENT_PREFIX_PATH=/workspace/simpleav/20251204/src/simple_av/install/autoware_lint_common:${AMENT_PREFIX_PATH} CMAKE_PREFIX_PATH=/workspace/simpleav/20251204/src/simple_av/install/autoware_lint_common:/workspace/simpleav/20251204/install/v2x_msgs:/workspace/simpleav/20251204/install/tier4_vehicle_rviz_plugin:/workspace/simpleav/20251204/install/tier4_traffic_light_rviz_plugin:/workspace/simpleav/20251204/install/tier4_system_rviz_plugin:/workspace/simpleav/20251204/install/tier4_camera_view_rviz_plugin:/workspace/simpleav/20251204/install/tier4_adapi_rviz_plugin:/workspace/simpleav/20251204/install/autoware_component_interface_utils:/workspace/simpleav/20251204/install/tier4_system_msgs:/workspace/simpleav/20251204/install/tier4_state_rviz_plugin:/workspace/simpleav/20251204/install/tier4_dummy_object_rviz_plugin:/workspace/simpleav/20251204/install/tier4_simulation_msgs:/workspace/simpleav/20251204/install/tier4_planning_rviz_plugin:/workspace/simpleav/20251204/install/tier4_planning_factor_rviz_plugin:/workspace/simpleav/20251204/install/tier4_localization_rviz_plugin:/workspace/simpleav/20251204/install/tier4_external_api_msgs:/workspace/simpleav/20251204/install/tier4_datetime_rviz_plugin:/workspace/simpleav/20251204/install/simple_av_msgs:/workspace/simpleav/20251204/install/autoware_overlay_rviz_plugin:/workspace/simpleav/20251204/install/autoware_motion_utils:/workspace/simpleav/20251204/install/autoware_map_loader:/workspace/simpleav/20251204/install/autoware_component_interface_specs:/workspace/simpleav/20251204/install/autoware_vehicle_msgs:/workspace/simpleav/20251204/install/autoware_vehicle_info_utils:/workspace/simpleav/20251204/install/autoware_utils:/workspace/simpleav/20251204/install/autoware_utils_visualization:/workspace/simpleav/20251204/install/autoware_utils_uuid:/workspace/simpleav/20251204/install/autoware_utils_pcl:/workspace/simpleav/20251204/install/autoware_utils_tf:/workspace/simpleav/20251204/install/autoware_utils_debug:/workspace/simpleav/20251204/install/autoware_utils_system:/workspace/simpleav/20251204/install/autoware_utils_rclcpp:/workspace/simpleav/20251204/install/autoware_interpolation:/workspace/simpleav/20251204/install/autoware_utils_geometry:/workspace/simpleav/20251204/install/autoware_utils_math:/workspace/simpleav/20251204/install/autoware_utils_logging:/workspace/simpleav/20251204/install/autoware_utils_diagnostics:/workspace/simpleav/20251204/install/autoware_system_msgs:/workspace/simpleav/20251204/install/autoware_string_stamped_rviz_plugin:/workspace/simpleav/20251204/install/autoware_sensing_msgs:/workspace/simpleav/20251204/install/autoware_polar_grid:/workspace/simpleav/20251204/install/autoware_mission_details_overlay_rviz_plugin:/workspace/simpleav/20251204/install/autoware_lanelet2_map_visualizer:/workspace/simpleav/20251204/install/autoware_lanelet2_extension_python:/workspace/simpleav/20251204/install/autoware_geography_utils:/workspace/simpleav/20251204/install/autoware_lanelet2_extension:/workspace/simpleav/20251204/install/autoware_internal_msgs:/workspace/simpleav/20251204/install/autoware_internal_planning_msgs:/workspace/simpleav/20251204/install/autoware_planning_msgs:/workspace/simpleav/20251204/install/autoware_perception_rviz_plugin:/workspace/simpleav/20251204/install/autoware_internal_perception_msgs:/workspace/simpleav/20251204/install/autoware_perception_msgs:/workspace/simpleav/20251204/install/autoware_map_msgs:/workspace/simpleav/20251204/install/autoware_localization_msgs:/workspace/simpleav/20251204/install/autoware_lint_common:/workspace/simpleav/20251204/install/autoware_internal_metric_msgs:/workspace/simpleav/20251204/install/autoware_internal_localization_msgs:/workspace/simpleav/20251204/install/autoware_internal_debug_msgs:/workspace/simpleav/20251204/install/autoware_control_msgs:/workspace/simpleav/20251204/install/autoware_common_msgs:/workspace/simpleav/20251204/install/autoware_cmake:/workspace/simpleav/20251204/install/autoware_bag_time_manager_rviz_plugin:/workspace/simpleav/20251204/install/autoware_adapi_version_msgs:/workspace/simpleav/20251204/install/autoware_adapi_v1_msgs:/workspace/simpleav/20251204/install/autoware_adapi_specs:/workspace/simpleav/20251204/install/system:/workspace/simpleav/20251204/install/simple_av_logger:/workspace/simpleav/20251204/install/simple_av:/workspace/simpleav/20251204/install/planning:/workspace/simpleav/20251204/install/perception:/workspace/simpleav/20251204/install/localization:/workspace/simpleav/20251204/install/control:/workspace/simpleav/20251204/install/common:/opt/ros/humble /usr/bin/cmake --install /workspace/simpleav/20251204/src/simple_av/build/autoware_cmake
[4.304s] Level 1:colcon.colcon_core.shell:create_environment_hook('system', 'pythonpath_develop')
[4.305s] INFO:colcon.colcon_core.shell:Creating environment hook '/workspace/simpleav/20251204/src/simple_av/build/system/share/system/hook/pythonpath_develop.ps1'
[4.306s] DEBUG:colcon.colcon_core.event_handler.log_command:Invoked command in '/workspace/simpleav/20251204/src/simple_av/build/system' returned '0': PYTHONPATH=/workspace/simpleav/20251204/src/simple_av/build/system/prefix_override:/usr/lib/python3/dist-packages/colcon_core/task/python/colcon_distutils_commands:/workspace/simpleav/20251204/src/simple_av/install/system/lib/python3.10/site-packages:${PYTHONPATH} /usr/bin/python3 -W ignore:setup.py install is deprecated -W ignore:easy_install command is deprecated setup.py develop --editable --build-directory /workspace/simpleav/20251204/src/simple_av/build/system/build --no-deps symlink_data
[4.306s] INFO:colcon.colcon_core.shell:Creating environment descriptor '/workspace/simpleav/20251204/src/simple_av/build/system/share/system/hook/pythonpath_develop.dsv'
[4.306s] INFO:colcon.colcon_core.shell:Creating environment hook '/workspace/simpleav/20251204/src/simple_av/build/system/share/system/hook/pythonpath_develop.sh'
[4.307s] Level 1:colcon.colcon_core.environment:checking '/workspace/simpleav/20251204/src/simple_av/install/system' for CMake module files
[4.307s] Level 1:colcon.colcon_core.environment:checking '/workspace/simpleav/20251204/src/simple_av/install/system' for CMake config files
[4.308s] Level 1:colcon.colcon_core.environment:checking '/workspace/simpleav/20251204/src/simple_av/install/system/lib'
[4.308s] Level 1:colcon.colcon_core.environment:checking '/workspace/simpleav/20251204/src/simple_av/install/system/bin'
[4.308s] Level 1:colcon.colcon_core.environment:checking '/workspace/simpleav/20251204/src/simple_av/install/system/lib/pkgconfig/system.pc'
[4.308s] Level 1:colcon.colcon_core.environment:checking '/workspace/simpleav/20251204/src/simple_av/install/system/lib/python3.10/site-packages'
[4.308s] Level 1:colcon.colcon_core.shell:create_environment_hook('system', 'pythonpath')
[4.309s] INFO:colcon.colcon_core.shell:Creating environment hook '/workspace/simpleav/20251204/src/simple_av/install/system/share/system/hook/pythonpath.ps1'
[4.309s] INFO:colcon.colcon_core.shell:Creating environment descriptor '/workspace/simpleav/20251204/src/simple_av/install/system/share/system/hook/pythonpath.dsv'
[4.309s] INFO:colcon.colcon_core.shell:Creating environment hook '/workspace/simpleav/20251204/src/simple_av/install/system/share/system/hook/pythonpath.sh'
[4.310s] Level 1:colcon.colcon_core.environment:checking '/workspace/simpleav/20251204/src/simple_av/install/system/bin'
[4.310s] Level 1:colcon.colcon_core.environment:create_environment_scripts_only(system)
[4.310s] INFO:colcon.colcon_core.shell:Creating package script '/workspace/simpleav/20251204/src/simple_av/install/system/share/system/package.ps1'
[4.311s] INFO:colcon.colcon_core.shell:Creating package descriptor '/workspace/simpleav/20251204/src/simple_av/install/system/share/system/package.dsv'
[4.311s] INFO:colcon.colcon_core.shell:Creating package script '/workspace/simpleav/20251204/src/simple_av/install/system/share/system/package.sh'
[4.312s] INFO:colcon.colcon_core.shell:Creating package script '/workspace/simpleav/20251204/src/simple_av/install/system/share/system/package.bash'
[4.312s] INFO:colcon.colcon_core.shell:Creating package script '/workspace/simpleav/20251204/src/simple_av/install/system/share/system/package.zsh'
[4.313s] Level 1:colcon.colcon_core.environment:create_file_with_runtime_dependencies(/workspace/simpleav/20251204/src/simple_av/install/system/share/colcon-core/packages/system)
[4.437s] DEBUG:colcon.colcon_core.event_handler.log_command:Invoked command in '/workspace/simpleav/20251204/src/simple_av/build/autoware_adapi_version_msgs' returned '0': CMAKE_PREFIX_PATH=${CMAKE_PREFIX_PATH}:/workspace/simpleav/20251204/install/system:/workspace/simpleav/20251204/install/simple_av_logger:/workspace/simpleav/20251204/install/simple_av:/workspace/simpleav/20251204/install/planning:/workspace/simpleav/20251204/install/perception:/workspace/simpleav/20251204/install/localization:/workspace/simpleav/20251204/install/control:/workspace/simpleav/20251204/install/common:/opt/ros/humble /usr/bin/cmake /workspace/simpleav/20251204/src/simple_av/src/visualization/simulator/autoware_adapi_msgs/autoware_adapi_version_msgs -DAMENT_CMAKE_SYMLINK_INSTALL=1 -DCMAKE_INSTALL_PREFIX=/workspace/simpleav/20251204/src/simple_av/install/autoware_adapi_version_msgs
[4.441s] DEBUG:colcon.colcon_core.event_handler.log_command:Invoking command in '/workspace/simpleav/20251204/src/simple_av/build/autoware_adapi_version_msgs': CMAKE_PREFIX_PATH=${CMAKE_PREFIX_PATH}:/workspace/simpleav/20251204/install/system:/workspace/simpleav/20251204/install/simple_av_logger:/workspace/simpleav/20251204/install/simple_av:/workspace/simpleav/20251204/install/planning:/workspace/simpleav/20251204/install/perception:/workspace/simpleav/20251204/install/localization:/workspace/simpleav/20251204/install/control:/workspace/simpleav/20251204/install/common:/opt/ros/humble /usr/bin/cmake --build /workspace/simpleav/20251204/src/simple_av/build/autoware_adapi_version_msgs -- -j52 -l52
[4.445s] Level 1:colcon.colcon_core.shell:create_environment_hook('simple_av', 'pythonpath_develop')
[4.445s] INFO:colcon.colcon_core.shell:Creating environment hook '/workspace/simpleav/20251204/src/simple_av/build/simple_av/share/simple_av/hook/pythonpath_develop.ps1'
[4.446s] DEBUG:colcon.colcon_core.event_handler.log_command:Invoked command in '/workspace/simpleav/20251204/src/simple_av/build/simple_av' returned '0': PYTHONPATH=/workspace/simpleav/20251204/src/simple_av/build/simple_av/prefix_override:/usr/lib/python3/dist-packages/colcon_core/task/python/colcon_distutils_commands:/workspace/simpleav/20251204/src/simple_av/install/simple_av/lib/python3.10/site-packages:${PYTHONPATH} /usr/bin/python3 -W ignore:setup.py install is deprecated -W ignore:easy_install command is deprecated setup.py develop --editable --build-directory /workspace/simpleav/20251204/src/simple_av/build/simple_av/build --no-deps symlink_data
[4.447s] INFO:colcon.colcon_core.shell:Creating environment descriptor '/workspace/simpleav/20251204/src/simple_av/build/simple_av/share/simple_av/hook/pythonpath_develop.dsv'
[4.447s] INFO:colcon.colcon_core.shell:Creating environment hook '/workspace/simpleav/20251204/src/simple_av/build/simple_av/share/simple_av/hook/pythonpath_develop.sh'
[4.448s] Level 1:colcon.colcon_core.environment:checking '/workspace/simpleav/20251204/src/simple_av/install/simple_av' for CMake module files
[4.448s] Level 1:colcon.colcon_core.environment:checking '/workspace/simpleav/20251204/src/simple_av/install/simple_av' for CMake config files
[4.449s] Level 1:colcon.colcon_core.environment:checking '/workspace/simpleav/20251204/src/simple_av/install/simple_av/lib'
[4.449s] Level 1:colcon.colcon_core.environment:checking '/workspace/simpleav/20251204/src/simple_av/install/simple_av/bin'
[4.449s] Level 1:colcon.colcon_core.environment:checking '/workspace/simpleav/20251204/src/simple_av/install/simple_av/lib/pkgconfig/simple_av.pc'
[4.449s] Level 1:colcon.colcon_core.environment:checking '/workspace/simpleav/20251204/src/simple_av/install/simple_av/lib/python3.10/site-packages'
[4.449s] Level 1:colcon.colcon_core.shell:create_environment_hook('simple_av', 'pythonpath')
[4.449s] INFO:colcon.colcon_core.shell:Creating environment hook '/workspace/simpleav/20251204/src/simple_av/install/simple_av/share/simple_av/hook/pythonpath.ps1'
[4.450s] INFO:colcon.colcon_core.shell:Creating environment descriptor '/workspace/simpleav/20251204/src/simple_av/install/simple_av/share/simple_av/hook/pythonpath.dsv'
[4.450s] INFO:colcon.colcon_core.shell:Creating environment hook '/workspace/simpleav/20251204/src/simple_av/install/simple_av/share/simple_av/hook/pythonpath.sh'
[4.451s] Level 1:colcon.colcon_core.environment:checking '/workspace/simpleav/20251204/src/simple_av/install/simple_av/bin'
[4.451s] Level 1:colcon.colcon_core.environment:create_environment_scripts_only(simple_av)
[4.451s] INFO:colcon.colcon_core.shell:Creating package script '/workspace/simpleav/20251204/src/simple_av/install/simple_av/share/simple_av/package.ps1'
[4.452s] INFO:colcon.colcon_core.shell:Creating package descriptor '/workspace/simpleav/20251204/src/simple_av/install/simple_av/share/simple_av/package.dsv'
[4.452s] INFO:colcon.colcon_core.shell:Creating package script '/workspace/simpleav/20251204/src/simple_av/install/simple_av/share/simple_av/package.sh'
[4.453s] INFO:colcon.colcon_core.shell:Creating package script '/workspace/simpleav/20251204/src/simple_av/install/simple_av/share/simple_av/package.bash'
[4.453s] INFO:colcon.colcon_core.shell:Creating package script '/workspace/simpleav/20251204/src/simple_av/install/simple_av/share/simple_av/package.zsh'
[4.454s] Level 1:colcon.colcon_core.environment:create_file_with_runtime_dependencies(/workspace/simpleav/20251204/src/simple_av/install/simple_av/share/colcon-core/packages/simple_av)
[4.476s] DEBUG:colcon.colcon_core.event_handler.log_command:Invoked command in '/workspace/simpleav/20251204/src/simple_av/build/autoware_common_msgs' returned '0': CMAKE_PREFIX_PATH=${CMAKE_PREFIX_PATH}:/workspace/simpleav/20251204/install/system:/workspace/simpleav/20251204/install/simple_av_logger:/workspace/simpleav/20251204/install/simple_av:/workspace/simpleav/20251204/install/planning:/workspace/simpleav/20251204/install/perception:/workspace/simpleav/20251204/install/localization:/workspace/simpleav/20251204/install/control:/workspace/simpleav/20251204/install/common:/opt/ros/humble /usr/bin/cmake /workspace/simpleav/20251204/src/simple_av/src/messages/autoware_msgs/autoware_common_msgs -DAMENT_CMAKE_SYMLINK_INSTALL=1 -DCMAKE_INSTALL_PREFIX=/workspace/simpleav/20251204/src/simple_av/install/autoware_common_msgs
[4.479s] DEBUG:colcon.colcon_core.event_handler.log_command:Invoking command in '/workspace/simpleav/20251204/src/simple_av/build/autoware_common_msgs': CMAKE_PREFIX_PATH=${CMAKE_PREFIX_PATH}:/workspace/simpleav/20251204/install/system:/workspace/simpleav/20251204/install/simple_av_logger:/workspace/simpleav/20251204/install/simple_av:/workspace/simpleav/20251204/install/planning:/workspace/simpleav/20251204/install/perception:/workspace/simpleav/20251204/install/localization:/workspace/simpleav/20251204/install/control:/workspace/simpleav/20251204/install/common:/opt/ros/humble /usr/bin/cmake --build /workspace/simpleav/20251204/src/simple_av/build/autoware_common_msgs -- -j52 -l52
[4.596s] DEBUG:colcon.colcon_core.event_handler.log_command:Invoked command in '/workspace/simpleav/20251204/src/simple_av/build/autoware_internal_metric_msgs' returned '0': CMAKE_PREFIX_PATH=${CMAKE_PREFIX_PATH}:/workspace/simpleav/20251204/install/system:/workspace/simpleav/20251204/install/simple_av_logger:/workspace/simpleav/20251204/install/simple_av:/workspace/simpleav/20251204/install/planning:/workspace/simpleav/20251204/install/perception:/workspace/simpleav/20251204/install/localization:/workspace/simpleav/20251204/install/control:/workspace/simpleav/20251204/install/common:/opt/ros/humble /usr/bin/cmake /workspace/simpleav/20251204/src/simple_av/src/visualization/autoware_internal_msgs/autoware_internal_metric_msgs -DAMENT_CMAKE_SYMLINK_INSTALL=1 -DCMAKE_INSTALL_PREFIX=/workspace/simpleav/20251204/src/simple_av/install/autoware_internal_metric_msgs
[4.599s] DEBUG:colcon.colcon_core.event_handler.log_command:Invoking command in '/workspace/simpleav/20251204/src/simple_av/build/autoware_internal_metric_msgs': CMAKE_PREFIX_PATH=${CMAKE_PREFIX_PATH}:/workspace/simpleav/20251204/install/system:/workspace/simpleav/20251204/install/simple_av_logger:/workspace/simpleav/20251204/install/simple_av:/workspace/simpleav/20251204/install/planning:/workspace/simpleav/20251204/install/perception:/workspace/simpleav/20251204/install/localization:/workspace/simpleav/20251204/install/control:/workspace/simpleav/20251204/install/common:/opt/ros/humble /usr/bin/cmake --build /workspace/simpleav/20251204/src/simple_av/build/autoware_internal_metric_msgs -- -j52 -l52
[4.658s] DEBUG:colcon.colcon_core.event_handler.log_command:Invoked command in '/workspace/simpleav/20251204/src/simple_av/build/autoware_control_msgs' returned '0': CMAKE_PREFIX_PATH=${CMAKE_PREFIX_PATH}:/workspace/simpleav/20251204/install/system:/workspace/simpleav/20251204/install/simple_av_logger:/workspace/simpleav/20251204/install/simple_av:/workspace/simpleav/20251204/install/planning:/workspace/simpleav/20251204/install/perception:/workspace/simpleav/20251204/install/localization:/workspace/simpleav/20251204/install/control:/workspace/simpleav/20251204/install/common:/opt/ros/humble /usr/bin/cmake /workspace/simpleav/20251204/src/simple_av/src/messages/autoware_msgs/autoware_control_msgs -DAMENT_CMAKE_SYMLINK_INSTALL=1 -DCMAKE_INSTALL_PREFIX=/workspace/simpleav/20251204/src/simple_av/install/autoware_control_msgs
[4.661s] DEBUG:colcon.colcon_core.event_handler.log_command:Invoking command in '/workspace/simpleav/20251204/src/simple_av/build/autoware_control_msgs': CMAKE_PREFIX_PATH=${CMAKE_PREFIX_PATH}:/workspace/simpleav/20251204/install/system:/workspace/simpleav/20251204/install/simple_av_logger:/workspace/simpleav/20251204/install/simple_av:/workspace/simpleav/20251204/install/planning:/workspace/simpleav/20251204/install/perception:/workspace/simpleav/20251204/install/localization:/workspace/simpleav/20251204/install/control:/workspace/simpleav/20251204/install/common:/opt/ros/humble /usr/bin/cmake --build /workspace/simpleav/20251204/src/simple_av/build/autoware_control_msgs -- -j52 -l52
[4.687s] Level 1:colcon.colcon_core.environment:create_environment_scripts_only(autoware_cmake)
[4.687s] Level 1:colcon.colcon_core.environment:checking '/workspace/simpleav/20251204/src/simple_av/install/autoware_cmake' for CMake module files
[4.688s] DEBUG:colcon.colcon_core.event_handler.log_command:Invoked command in '/workspace/simpleav/20251204/src/simple_av/build/autoware_cmake' returned '0': AMENT_PREFIX_PATH=/workspace/simpleav/20251204/src/simple_av/install/autoware_lint_common:${AMENT_PREFIX_PATH} CMAKE_PREFIX_PATH=/workspace/simpleav/20251204/src/simple_av/install/autoware_lint_common:/workspace/simpleav/20251204/install/v2x_msgs:/workspace/simpleav/20251204/install/tier4_vehicle_rviz_plugin:/workspace/simpleav/20251204/install/tier4_traffic_light_rviz_plugin:/workspace/simpleav/20251204/install/tier4_system_rviz_plugin:/workspace/simpleav/20251204/install/tier4_camera_view_rviz_plugin:/workspace/simpleav/20251204/install/tier4_adapi_rviz_plugin:/workspace/simpleav/20251204/install/autoware_component_interface_utils:/workspace/simpleav/20251204/install/tier4_system_msgs:/workspace/simpleav/20251204/install/tier4_state_rviz_plugin:/workspace/simpleav/20251204/install/tier4_dummy_object_rviz_plugin:/workspace/simpleav/20251204/install/tier4_simulation_msgs:/workspace/simpleav/20251204/install/tier4_planning_rviz_plugin:/workspace/simpleav/20251204/install/tier4_planning_factor_rviz_plugin:/workspace/simpleav/20251204/install/tier4_localization_rviz_plugin:/workspace/simpleav/20251204/install/tier4_external_api_msgs:/workspace/simpleav/20251204/install/tier4_datetime_rviz_plugin:/workspace/simpleav/20251204/install/simple_av_msgs:/workspace/simpleav/20251204/install/autoware_overlay_rviz_plugin:/workspace/simpleav/20251204/install/autoware_motion_utils:/workspace/simpleav/20251204/install/autoware_map_loader:/workspace/simpleav/20251204/install/autoware_component_interface_specs:/workspace/simpleav/20251204/install/autoware_vehicle_msgs:/workspace/simpleav/20251204/install/autoware_vehicle_info_utils:/workspace/simpleav/20251204/install/autoware_utils:/workspace/simpleav/20251204/install/autoware_utils_visualization:/workspace/simpleav/20251204/install/autoware_utils_uuid:/workspace/simpleav/20251204/install/autoware_utils_pcl:/workspace/simpleav/20251204/install/autoware_utils_tf:/workspace/simpleav/20251204/install/autoware_utils_debug:/workspace/simpleav/20251204/install/autoware_utils_system:/workspace/simpleav/20251204/install/autoware_utils_rclcpp:/workspace/simpleav/20251204/install/autoware_interpolation:/workspace/simpleav/20251204/install/autoware_utils_geometry:/workspace/simpleav/20251204/install/autoware_utils_math:/workspace/simpleav/20251204/install/autoware_utils_logging:/workspace/simpleav/20251204/install/autoware_utils_diagnostics:/workspace/simpleav/20251204/install/autoware_system_msgs:/workspace/simpleav/20251204/install/autoware_string_stamped_rviz_plugin:/workspace/simpleav/20251204/install/autoware_sensing_msgs:/workspace/simpleav/20251204/install/autoware_polar_grid:/workspace/simpleav/20251204/install/autoware_mission_details_overlay_rviz_plugin:/workspace/simpleav/20251204/install/autoware_lanelet2_map_visualizer:/workspace/simpleav/20251204/install/autoware_lanelet2_extension_python:/workspace/simpleav/20251204/install/autoware_geography_utils:/workspace/simpleav/20251204/install/autoware_lanelet2_extension:/workspace/simpleav/20251204/install/autoware_internal_msgs:/workspace/simpleav/20251204/install/autoware_internal_planning_msgs:/workspace/simpleav/20251204/install/autoware_planning_msgs:/workspace/simpleav/20251204/install/autoware_perception_rviz_plugin:/workspace/simpleav/20251204/install/autoware_internal_perception_msgs:/workspace/simpleav/20251204/install/autoware_perception_msgs:/workspace/simpleav/20251204/install/autoware_map_msgs:/workspace/simpleav/20251204/install/autoware_localization_msgs:/workspace/simpleav/20251204/install/autoware_lint_common:/workspace/simpleav/20251204/install/autoware_internal_metric_msgs:/workspace/simpleav/20251204/install/autoware_internal_localization_msgs:/workspace/simpleav/20251204/install/autoware_internal_debug_msgs:/workspace/simpleav/20251204/install/autoware_control_msgs:/workspace/simpleav/20251204/install/autoware_common_msgs:/workspace/simpleav/20251204/install/autoware_cmake:/workspace/simpleav/20251204/install/autoware_bag_time_manager_rviz_plugin:/workspace/simpleav/20251204/install/autoware_adapi_version_msgs:/workspace/simpleav/20251204/install/autoware_adapi_v1_msgs:/workspace/simpleav/20251204/install/autoware_adapi_specs:/workspace/simpleav/20251204/install/system:/workspace/simpleav/20251204/install/simple_av_logger:/workspace/simpleav/20251204/install/simple_av:/workspace/simpleav/20251204/install/planning:/workspace/simpleav/20251204/install/perception:/workspace/simpleav/20251204/install/localization:/workspace/simpleav/20251204/install/control:/workspace/simpleav/20251204/install/common:/opt/ros/humble /usr/bin/cmake --install /workspace/simpleav/20251204/src/simple_av/build/autoware_cmake
[4.688s] Level 1:colcon.colcon_core.environment:checking '/workspace/simpleav/20251204/src/simple_av/install/autoware_cmake' for CMake config files
[4.689s] Level 1:colcon.colcon_core.shell:create_environment_hook('autoware_cmake', 'cmake_prefix_path')
[4.689s] INFO:colcon.colcon_core.shell:Creating environment hook '/workspace/simpleav/20251204/src/simple_av/install/autoware_cmake/share/autoware_cmake/hook/cmake_prefix_path.ps1'
[4.690s] INFO:colcon.colcon_core.shell:Creating environment descriptor '/workspace/simpleav/20251204/src/simple_av/install/autoware_cmake/share/autoware_cmake/hook/cmake_prefix_path.dsv'
[4.690s] INFO:colcon.colcon_core.shell:Creating environment hook '/workspace/simpleav/20251204/src/simple_av/install/autoware_cmake/share/autoware_cmake/hook/cmake_prefix_path.sh'
[4.690s] Level 1:colcon.colcon_core.environment:checking '/workspace/simpleav/20251204/src/simple_av/install/autoware_cmake/bin'
[4.691s] Level 1:colcon.colcon_core.environment:checking '/workspace/simpleav/20251204/src/simple_av/install/autoware_cmake/lib/pkgconfig/autoware_cmake.pc'
[4.691s] Level 1:colcon.colcon_core.environment:checking '/workspace/simpleav/20251204/src/simple_av/install/autoware_cmake/lib/python3.10/site-packages'
[4.691s] Level 1:colcon.colcon_core.environment:checking '/workspace/simpleav/20251204/src/simple_av/install/autoware_cmake/bin'
[4.691s] INFO:colcon.colcon_core.shell:Creating package script '/workspace/simpleav/20251204/src/simple_av/install/autoware_cmake/share/autoware_cmake/package.ps1'
[4.692s] INFO:colcon.colcon_core.shell:Creating package descriptor '/workspace/simpleav/20251204/src/simple_av/install/autoware_cmake/share/autoware_cmake/package.dsv'
[4.693s] INFO:colcon.colcon_core.shell:Creating package script '/workspace/simpleav/20251204/src/simple_av/install/autoware_cmake/share/autoware_cmake/package.sh'
[4.693s] INFO:colcon.colcon_core.shell:Creating package script '/workspace/simpleav/20251204/src/simple_av/install/autoware_cmake/share/autoware_cmake/package.bash'
[4.693s] INFO:colcon.colcon_core.shell:Creating package script '/workspace/simpleav/20251204/src/simple_av/install/autoware_cmake/share/autoware_cmake/package.zsh'
[4.694s] Level 1:colcon.colcon_core.environment:create_file_with_runtime_dependencies(/workspace/simpleav/20251204/src/simple_av/install/autoware_cmake/share/colcon-core/packages/autoware_cmake)
[4.695s] Level 1:colcon.colcon_core.environment:create_environment_scripts_only(autoware_cmake)
[4.695s] Level 1:colcon.colcon_core.environment:checking '/workspace/simpleav/20251204/src/simple_av/install/autoware_cmake' for CMake module files
[4.695s] Level 1:colcon.colcon_core.environment:checking '/workspace/simpleav/20251204/src/simple_av/install/autoware_cmake' for CMake config files
[4.696s] Level 1:colcon.colcon_core.shell:create_environment_hook('autoware_cmake', 'cmake_prefix_path')
[4.696s] INFO:colcon.colcon_core.shell:Creating environment hook '/workspace/simpleav/20251204/src/simple_av/install/autoware_cmake/share/autoware_cmake/hook/cmake_prefix_path.ps1'
[4.697s] INFO:colcon.colcon_core.shell:Creating environment descriptor '/workspace/simpleav/20251204/src/simple_av/install/autoware_cmake/share/autoware_cmake/hook/cmake_prefix_path.dsv'
[4.697s] INFO:colcon.colcon_core.shell:Creating environment hook '/workspace/simpleav/20251204/src/simple_av/install/autoware_cmake/share/autoware_cmake/hook/cmake_prefix_path.sh'
[4.698s] Level 1:colcon.colcon_core.environment:checking '/workspace/simpleav/20251204/src/simple_av/install/autoware_cmake/bin'
[4.698s] Level 1:colcon.colcon_core.environment:checking '/workspace/simpleav/20251204/src/simple_av/install/autoware_cmake/lib/pkgconfig/autoware_cmake.pc'
[4.698s] Level 1:colcon.colcon_core.environment:checking '/workspace/simpleav/20251204/src/simple_av/install/autoware_cmake/lib/python3.10/site-packages'
[4.699s] Level 1:colcon.colcon_core.environment:checking '/workspace/simpleav/20251204/src/simple_av/install/autoware_cmake/bin'
[4.699s] INFO:colcon.colcon_core.shell:Creating package script '/workspace/simpleav/20251204/src/simple_av/install/autoware_cmake/share/autoware_cmake/package.ps1'
[4.699s] INFO:colcon.colcon_core.shell:Creating package descriptor '/workspace/simpleav/20251204/src/simple_av/install/autoware_cmake/share/autoware_cmake/package.dsv'
[4.700s] INFO:colcon.colcon_core.shell:Creating package script '/workspace/simpleav/20251204/src/simple_av/install/autoware_cmake/share/autoware_cmake/package.sh'
[4.700s] INFO:colcon.colcon_core.shell:Creating package script '/workspace/simpleav/20251204/src/simple_av/install/autoware_cmake/share/autoware_cmake/package.bash'
[4.701s] INFO:colcon.colcon_core.shell:Creating package script '/workspace/simpleav/20251204/src/simple_av/install/autoware_cmake/share/autoware_cmake/package.zsh'
[4.701s] Level 1:colcon.colcon_core.environment:create_file_with_runtime_dependencies(/workspace/simpleav/20251204/src/simple_av/install/autoware_cmake/share/colcon-core/packages/autoware_cmake)
[4.702s] INFO:colcon.colcon_ros.task.ament_cmake.build:Building ROS package in '/workspace/simpleav/20251204/src/simple_av/src/visualization/core/autoware_utils/autoware_utils_system' with build type 'ament_cmake'
[4.702s] INFO:colcon.colcon_cmake.task.cmake.build:Building CMake package in '/workspace/simpleav/20251204/src/simple_av/src/visualization/core/autoware_utils/autoware_utils_system'
[4.702s] INFO:colcon.colcon_core.shell:Skip shell extension 'powershell' for command environment: Not usable outside of PowerShell
[4.702s] DEBUG:colcon.colcon_core.shell:Skip shell extension 'dsv' for command environment
[4.716s] INFO:colcon.colcon_ros.task.ament_cmake.build:Building ROS package in '/workspace/simpleav/20251204/src/simple_av/src/visualization/core/autoware_utils/autoware_utils_math' with build type 'ament_cmake'
[4.716s] INFO:colcon.colcon_cmake.task.cmake.build:Building CMake package in '/workspace/simpleav/20251204/src/simple_av/src/visualization/core/autoware_utils/autoware_utils_math'
[4.716s] INFO:colcon.colcon_core.shell:Skip shell extension 'powershell' for command environment: Not usable outside of PowerShell
[4.716s] DEBUG:colcon.colcon_core.shell:Skip shell extension 'dsv' for command environment
[4.726s] INFO:colcon.colcon_ros.task.ament_cmake.build:Building ROS package in '/workspace/simpleav/20251204/src/simple_av/src/visualization/core/autoware_utils/autoware_utils_diagnostics' with build type 'ament_cmake'
[4.726s] INFO:colcon.colcon_cmake.task.cmake.build:Building CMake package in '/workspace/simpleav/20251204/src/simple_av/src/visualization/core/autoware_utils/autoware_utils_diagnostics'
[4.726s] INFO:colcon.colcon_core.shell:Skip shell extension 'powershell' for command environment: Not usable outside of PowerShell
[4.726s] DEBUG:colcon.colcon_core.shell:Skip shell extension 'dsv' for command environment
[4.736s] INFO:colcon.colcon_ros.task.ament_cmake.build:Building ROS package in '/workspace/simpleav/20251204/src/simple_av/src/visualization/core/autoware_utils/autoware_utils_logging' with build type 'ament_cmake'
[4.736s] INFO:colcon.colcon_cmake.task.cmake.build:Building CMake package in '/workspace/simpleav/20251204/src/simple_av/src/visualization/core/autoware_utils/autoware_utils_logging'
[4.736s] INFO:colcon.colcon_core.shell:Skip shell extension 'powershell' for command environment: Not usable outside of PowerShell
[4.736s] DEBUG:colcon.colcon_core.shell:Skip shell extension 'dsv' for command environment
[4.747s] INFO:colcon.colcon_ros.task.ament_cmake.build:Building ROS package in '/workspace/simpleav/20251204/src/simple_av/src/visualization/core/autoware_utils/autoware_utils_rclcpp' with build type 'ament_cmake'
[4.748s] INFO:colcon.colcon_cmake.task.cmake.build:Building CMake package in '/workspace/simpleav/20251204/src/simple_av/src/visualization/core/autoware_utils/autoware_utils_rclcpp'
[4.748s] INFO:colcon.colcon_core.shell:Skip shell extension 'powershell' for command environment: Not usable outside of PowerShell
[4.748s] DEBUG:colcon.colcon_core.shell:Skip shell extension 'dsv' for command environment
[4.757s] INFO:colcon.colcon_ros.task.ament_cmake.build:Building ROS package in '/workspace/simpleav/20251204/src/simple_av/src/visualization/core/autoware_utils/autoware_utils_uuid' with build type 'ament_cmake'
[4.757s] INFO:colcon.colcon_cmake.task.cmake.build:Building CMake package in '/workspace/simpleav/20251204/src/simple_av/src/visualization/core/autoware_utils/autoware_utils_uuid'
[4.758s] INFO:colcon.colcon_core.shell:Skip shell extension 'powershell' for command environment: Not usable outside of PowerShell
[4.758s] DEBUG:colcon.colcon_core.shell:Skip shell extension 'dsv' for command environment
[4.767s] INFO:colcon.colcon_ros.task.ament_cmake.build:Building ROS package in '/workspace/simpleav/20251204/src/simple_av/src/visualization/core/autoware_utils/autoware_utils_visualization' with build type 'ament_cmake'
[4.767s] INFO:colcon.colcon_cmake.task.cmake.build:Building CMake package in '/workspace/simpleav/20251204/src/simple_av/src/visualization/core/autoware_utils/autoware_utils_visualization'
[4.767s] INFO:colcon.colcon_core.shell:Skip shell extension 'powershell' for command environment: Not usable outside of PowerShell
[4.767s] DEBUG:colcon.colcon_core.shell:Skip shell extension 'dsv' for command environment
[4.776s] INFO:colcon.colcon_ros.task.ament_cmake.build:Building ROS package in '/workspace/simpleav/20251204/src/simple_av/src/visualization/simulator/autoware_adapi_specs' with build type 'ament_cmake'
[4.777s] INFO:colcon.colcon_cmake.task.cmake.build:Building CMake package in '/workspace/simpleav/20251204/src/simple_av/src/visualization/simulator/autoware_adapi_specs'
[4.777s] INFO:colcon.colcon_core.shell:Skip shell extension 'powershell' for command environment: Not usable outside of PowerShell
[4.777s] DEBUG:colcon.colcon_core.shell:Skip shell extension 'dsv' for command environment
[4.786s] INFO:colcon.colcon_ros.task.ament_cmake.build:Building ROS package in '/workspace/simpleav/20251204/src/simple_av/src/visualization/autoware_plugins/autoware_bag_time_manager_rviz_plugin' with build type 'ament_cmake'
[4.787s] INFO:colcon.colcon_cmake.task.cmake.build:Building CMake package in '/workspace/simpleav/20251204/src/simple_av/src/visualization/autoware_plugins/autoware_bag_time_manager_rviz_plugin'
[4.787s] INFO:colcon.colcon_core.shell:Skip shell extension 'powershell' for command environment: Not usable outside of PowerShell
[4.787s] DEBUG:colcon.colcon_core.shell:Skip shell extension 'dsv' for command environment
[4.797s] INFO:colcon.colcon_ros.task.ament_cmake.build:Building ROS package in '/workspace/simpleav/20251204/src/simple_av/src/visualization/simulator/autoware_polar_grid' with build type 'ament_cmake'
[4.797s] INFO:colcon.colcon_cmake.task.cmake.build:Building CMake package in '/workspace/simpleav/20251204/src/simple_av/src/visualization/simulator/autoware_polar_grid'
[4.798s] INFO:colcon.colcon_core.shell:Skip shell extension 'powershell' for command environment: Not usable outside of PowerShell
[4.798s] DEBUG:colcon.colcon_core.shell:Skip shell extension 'dsv' for command environment
[4.807s] INFO:colcon.colcon_ros.task.ament_cmake.build:Building ROS package in '/workspace/simpleav/20251204/src/simple_av/src/visualization/autoware_plugins/tier4_datetime_rviz_plugin' with build type 'ament_cmake'
[4.807s] INFO:colcon.colcon_cmake.task.cmake.build:Building CMake package in '/workspace/simpleav/20251204/src/simple_av/src/visualization/autoware_plugins/tier4_datetime_rviz_plugin'
[4.807s] INFO:colcon.colcon_core.shell:Skip shell extension 'powershell' for command environment: Not usable outside of PowerShell
[4.807s] DEBUG:colcon.colcon_core.shell:Skip shell extension 'dsv' for command environment
[4.825s] DEBUG:colcon.colcon_core.event_handler.log_command:Invoking command in '/workspace/simpleav/20251204/src/simple_av/build/autoware_utils_system': AMENT_PREFIX_PATH=/workspace/simpleav/20251204/src/simple_av/install/autoware_cmake:/workspace/simpleav/20251204/src/simple_av/install/autoware_lint_common:${AMENT_PREFIX_PATH} CMAKE_PREFIX_PATH=/workspace/simpleav/20251204/src/simple_av/install/autoware_cmake:/workspace/simpleav/20251204/src/simple_av/install/autoware_lint_common:/workspace/simpleav/20251204/install/v2x_msgs:/workspace/simpleav/20251204/install/tier4_vehicle_rviz_plugin:/workspace/simpleav/20251204/install/tier4_traffic_light_rviz_plugin:/workspace/simpleav/20251204/install/tier4_system_rviz_plugin:/workspace/simpleav/20251204/install/tier4_camera_view_rviz_plugin:/workspace/simpleav/20251204/install/tier4_adapi_rviz_plugin:/workspace/simpleav/20251204/install/autoware_component_interface_utils:/workspace/simpleav/20251204/install/tier4_system_msgs:/workspace/simpleav/20251204/install/tier4_state_rviz_plugin:/workspace/simpleav/20251204/install/tier4_dummy_object_rviz_plugin:/workspace/simpleav/20251204/install/tier4_simulation_msgs:/workspace/simpleav/20251204/install/tier4_planning_rviz_plugin:/workspace/simpleav/20251204/install/tier4_planning_factor_rviz_plugin:/workspace/simpleav/20251204/install/tier4_localization_rviz_plugin:/workspace/simpleav/20251204/install/tier4_external_api_msgs:/workspace/simpleav/20251204/install/tier4_datetime_rviz_plugin:/workspace/simpleav/20251204/install/simple_av_msgs:/workspace/simpleav/20251204/install/autoware_overlay_rviz_plugin:/workspace/simpleav/20251204/install/autoware_motion_utils:/workspace/simpleav/20251204/install/autoware_map_loader:/workspace/simpleav/20251204/install/autoware_component_interface_specs:/workspace/simpleav/20251204/install/autoware_vehicle_msgs:/workspace/simpleav/20251204/install/autoware_vehicle_info_utils:/workspace/simpleav/20251204/install/autoware_utils:/workspace/simpleav/20251204/install/autoware_utils_visualization:/workspace/simpleav/20251204/install/autoware_utils_uuid:/workspace/simpleav/20251204/install/autoware_utils_pcl:/workspace/simpleav/20251204/install/autoware_utils_tf:/workspace/simpleav/20251204/install/autoware_utils_debug:/workspace/simpleav/20251204/install/autoware_utils_system:/workspace/simpleav/20251204/install/autoware_utils_rclcpp:/workspace/simpleav/20251204/install/autoware_interpolation:/workspace/simpleav/20251204/install/autoware_utils_geometry:/workspace/simpleav/20251204/install/autoware_utils_math:/workspace/simpleav/20251204/install/autoware_utils_logging:/workspace/simpleav/20251204/install/autoware_utils_diagnostics:/workspace/simpleav/20251204/install/autoware_system_msgs:/workspace/simpleav/20251204/install/autoware_string_stamped_rviz_plugin:/workspace/simpleav/20251204/install/autoware_sensing_msgs:/workspace/simpleav/20251204/install/autoware_polar_grid:/workspace/simpleav/20251204/install/autoware_mission_details_overlay_rviz_plugin:/workspace/simpleav/20251204/install/autoware_lanelet2_map_visualizer:/workspace/simpleav/20251204/install/autoware_lanelet2_extension_python:/workspace/simpleav/20251204/install/autoware_geography_utils:/workspace/simpleav/20251204/install/autoware_lanelet2_extension:/workspace/simpleav/20251204/install/autoware_internal_msgs:/workspace/simpleav/20251204/install/autoware_internal_planning_msgs:/workspace/simpleav/20251204/install/autoware_planning_msgs:/workspace/simpleav/20251204/install/autoware_perception_rviz_plugin:/workspace/simpleav/20251204/install/autoware_internal_perception_msgs:/workspace/simpleav/20251204/install/autoware_perception_msgs:/workspace/simpleav/20251204/install/autoware_map_msgs:/workspace/simpleav/20251204/install/autoware_localization_msgs:/workspace/simpleav/20251204/install/autoware_lint_common:/workspace/simpleav/20251204/install/autoware_internal_metric_msgs:/workspace/simpleav/20251204/install/autoware_internal_localization_msgs:/workspace/simpleav/20251204/install/autoware_internal_debug_msgs:/workspace/simpleav/20251204/install/autoware_control_msgs:/workspace/simpleav/20251204/install/autoware_common_msgs:/workspace/simpleav/20251204/install/autoware_cmake:/workspace/simpleav/20251204/install/autoware_bag_time_manager_rviz_plugin:/workspace/simpleav/20251204/install/autoware_adapi_version_msgs:/workspace/simpleav/20251204/install/autoware_adapi_v1_msgs:/workspace/simpleav/20251204/install/autoware_adapi_specs:/workspace/simpleav/20251204/install/system:/workspace/simpleav/20251204/install/simple_av_logger:/workspace/simpleav/20251204/install/simple_av:/workspace/simpleav/20251204/install/planning:/workspace/simpleav/20251204/install/perception:/workspace/simpleav/20251204/install/localization:/workspace/simpleav/20251204/install/control:/workspace/simpleav/20251204/install/common:/opt/ros/humble /usr/bin/cmake /workspace/simpleav/20251204/src/simple_av/src/visualization/core/autoware_utils/autoware_utils_system -DAMENT_CMAKE_SYMLINK_INSTALL=1 -DCMAKE_INSTALL_PREFIX=/workspace/simpleav/20251204/src/simple_av/install/autoware_utils_system
[4.830s] DEBUG:colcon.colcon_core.event_handler.log_command:Invoking command in '/workspace/simpleav/20251204/src/simple_av/build/autoware_utils_math': AMENT_PREFIX_PATH=/workspace/simpleav/20251204/src/simple_av/install/autoware_cmake:/workspace/simpleav/20251204/src/simple_av/install/autoware_lint_common:${AMENT_PREFIX_PATH} CMAKE_PREFIX_PATH=/workspace/simpleav/20251204/src/simple_av/install/autoware_cmake:/workspace/simpleav/20251204/src/simple_av/install/autoware_lint_common:/workspace/simpleav/20251204/install/v2x_msgs:/workspace/simpleav/20251204/install/tier4_vehicle_rviz_plugin:/workspace/simpleav/20251204/install/tier4_traffic_light_rviz_plugin:/workspace/simpleav/20251204/install/tier4_system_rviz_plugin:/workspace/simpleav/20251204/install/tier4_camera_view_rviz_plugin:/workspace/simpleav/20251204/install/tier4_adapi_rviz_plugin:/workspace/simpleav/20251204/install/autoware_component_interface_utils:/workspace/simpleav/20251204/install/tier4_system_msgs:/workspace/simpleav/20251204/install/tier4_state_rviz_plugin:/workspace/simpleav/20251204/install/tier4_dummy_object_rviz_plugin:/workspace/simpleav/20251204/install/tier4_simulation_msgs:/workspace/simpleav/20251204/install/tier4_planning_rviz_plugin:/workspace/simpleav/20251204/install/tier4_planning_factor_rviz_plugin:/workspace/simpleav/20251204/install/tier4_localization_rviz_plugin:/workspace/simpleav/20251204/install/tier4_external_api_msgs:/workspace/simpleav/20251204/install/tier4_datetime_rviz_plugin:/workspace/simpleav/20251204/install/simple_av_msgs:/workspace/simpleav/20251204/install/autoware_overlay_rviz_plugin:/workspace/simpleav/20251204/install/autoware_motion_utils:/workspace/simpleav/20251204/install/autoware_map_loader:/workspace/simpleav/20251204/install/autoware_component_interface_specs:/workspace/simpleav/20251204/install/autoware_vehicle_msgs:/workspace/simpleav/20251204/install/autoware_vehicle_info_utils:/workspace/simpleav/20251204/install/autoware_utils:/workspace/simpleav/20251204/install/autoware_utils_visualization:/workspace/simpleav/20251204/install/autoware_utils_uuid:/workspace/simpleav/20251204/install/autoware_utils_pcl:/workspace/simpleav/20251204/install/autoware_utils_tf:/workspace/simpleav/20251204/install/autoware_utils_debug:/workspace/simpleav/20251204/install/autoware_utils_system:/workspace/simpleav/20251204/install/autoware_utils_rclcpp:/workspace/simpleav/20251204/install/autoware_interpolation:/workspace/simpleav/20251204/install/autoware_utils_geometry:/workspace/simpleav/20251204/install/autoware_utils_math:/workspace/simpleav/20251204/install/autoware_utils_logging:/workspace/simpleav/20251204/install/autoware_utils_diagnostics:/workspace/simpleav/20251204/install/autoware_system_msgs:/workspace/simpleav/20251204/install/autoware_string_stamped_rviz_plugin:/workspace/simpleav/20251204/install/autoware_sensing_msgs:/workspace/simpleav/20251204/install/autoware_polar_grid:/workspace/simpleav/20251204/install/autoware_mission_details_overlay_rviz_plugin:/workspace/simpleav/20251204/install/autoware_lanelet2_map_visualizer:/workspace/simpleav/20251204/install/autoware_lanelet2_extension_python:/workspace/simpleav/20251204/install/autoware_geography_utils:/workspace/simpleav/20251204/install/autoware_lanelet2_extension:/workspace/simpleav/20251204/install/autoware_internal_msgs:/workspace/simpleav/20251204/install/autoware_internal_planning_msgs:/workspace/simpleav/20251204/install/autoware_planning_msgs:/workspace/simpleav/20251204/install/autoware_perception_rviz_plugin:/workspace/simpleav/20251204/install/autoware_internal_perception_msgs:/workspace/simpleav/20251204/install/autoware_perception_msgs:/workspace/simpleav/20251204/install/autoware_map_msgs:/workspace/simpleav/20251204/install/autoware_localization_msgs:/workspace/simpleav/20251204/install/autoware_lint_common:/workspace/simpleav/20251204/install/autoware_internal_metric_msgs:/workspace/simpleav/20251204/install/autoware_internal_localization_msgs:/workspace/simpleav/20251204/install/autoware_internal_debug_msgs:/workspace/simpleav/20251204/install/autoware_control_msgs:/workspace/simpleav/20251204/install/autoware_common_msgs:/workspace/simpleav/20251204/install/autoware_cmake:/workspace/simpleav/20251204/install/autoware_bag_time_manager_rviz_plugin:/workspace/simpleav/20251204/install/autoware_adapi_version_msgs:/workspace/simpleav/20251204/install/autoware_adapi_v1_msgs:/workspace/simpleav/20251204/install/autoware_adapi_specs:/workspace/simpleav/20251204/install/system:/workspace/simpleav/20251204/install/simple_av_logger:/workspace/simpleav/20251204/install/simple_av:/workspace/simpleav/20251204/install/planning:/workspace/simpleav/20251204/install/perception:/workspace/simpleav/20251204/install/localization:/workspace/simpleav/20251204/install/control:/workspace/simpleav/20251204/install/common:/opt/ros/humble /usr/bin/cmake /workspace/simpleav/20251204/src/simple_av/src/visualization/core/autoware_utils/autoware_utils_math -DAMENT_CMAKE_SYMLINK_INSTALL=1 -DCMAKE_INSTALL_PREFIX=/workspace/simpleav/20251204/src/simple_av/install/autoware_utils_math
[4.835s] DEBUG:colcon.colcon_core.event_handler.log_command:Invoking command in '/workspace/simpleav/20251204/src/simple_av/build/autoware_utils_diagnostics': AMENT_PREFIX_PATH=/workspace/simpleav/20251204/src/simple_av/install/autoware_cmake:/workspace/simpleav/20251204/src/simple_av/install/autoware_lint_common:${AMENT_PREFIX_PATH} CMAKE_PREFIX_PATH=/workspace/simpleav/20251204/src/simple_av/install/autoware_cmake:/workspace/simpleav/20251204/src/simple_av/install/autoware_lint_common:/workspace/simpleav/20251204/install/v2x_msgs:/workspace/simpleav/20251204/install/tier4_vehicle_rviz_plugin:/workspace/simpleav/20251204/install/tier4_traffic_light_rviz_plugin:/workspace/simpleav/20251204/install/tier4_system_rviz_plugin:/workspace/simpleav/20251204/install/tier4_camera_view_rviz_plugin:/workspace/simpleav/20251204/install/tier4_adapi_rviz_plugin:/workspace/simpleav/20251204/install/autoware_component_interface_utils:/workspace/simpleav/20251204/install/tier4_system_msgs:/workspace/simpleav/20251204/install/tier4_state_rviz_plugin:/workspace/simpleav/20251204/install/tier4_dummy_object_rviz_plugin:/workspace/simpleav/20251204/install/tier4_simulation_msgs:/workspace/simpleav/20251204/install/tier4_planning_rviz_plugin:/workspace/simpleav/20251204/install/tier4_planning_factor_rviz_plugin:/workspace/simpleav/20251204/install/tier4_localization_rviz_plugin:/workspace/simpleav/20251204/install/tier4_external_api_msgs:/workspace/simpleav/20251204/install/tier4_datetime_rviz_plugin:/workspace/simpleav/20251204/install/simple_av_msgs:/workspace/simpleav/20251204/install/autoware_overlay_rviz_plugin:/workspace/simpleav/20251204/install/autoware_motion_utils:/workspace/simpleav/20251204/install/autoware_map_loader:/workspace/simpleav/20251204/install/autoware_component_interface_specs:/workspace/simpleav/20251204/install/autoware_vehicle_msgs:/workspace/simpleav/20251204/install/autoware_vehicle_info_utils:/workspace/simpleav/20251204/install/autoware_utils:/workspace/simpleav/20251204/install/autoware_utils_visualization:/workspace/simpleav/20251204/install/autoware_utils_uuid:/workspace/simpleav/20251204/install/autoware_utils_pcl:/workspace/simpleav/20251204/install/autoware_utils_tf:/workspace/simpleav/20251204/install/autoware_utils_debug:/workspace/simpleav/20251204/install/autoware_utils_system:/workspace/simpleav/20251204/install/autoware_utils_rclcpp:/workspace/simpleav/20251204/install/autoware_interpolation:/workspace/simpleav/20251204/install/autoware_utils_geometry:/workspace/simpleav/20251204/install/autoware_utils_math:/workspace/simpleav/20251204/install/autoware_utils_logging:/workspace/simpleav/20251204/install/autoware_utils_diagnostics:/workspace/simpleav/20251204/install/autoware_system_msgs:/workspace/simpleav/20251204/install/autoware_string_stamped_rviz_plugin:/workspace/simpleav/20251204/install/autoware_sensing_msgs:/workspace/simpleav/20251204/install/autoware_polar_grid:/workspace/simpleav/20251204/install/autoware_mission_details_overlay_rviz_plugin:/workspace/simpleav/20251204/install/autoware_lanelet2_map_visualizer:/workspace/simpleav/20251204/install/autoware_lanelet2_extension_python:/workspace/simpleav/20251204/install/autoware_geography_utils:/workspace/simpleav/20251204/install/autoware_lanelet2_extension:/workspace/simpleav/20251204/install/autoware_internal_msgs:/workspace/simpleav/20251204/install/autoware_internal_planning_msgs:/workspace/simpleav/20251204/install/autoware_planning_msgs:/workspace/simpleav/20251204/install/autoware_perception_rviz_plugin:/workspace/simpleav/20251204/install/autoware_internal_perception_msgs:/workspace/simpleav/20251204/install/autoware_perception_msgs:/workspace/simpleav/20251204/install/autoware_map_msgs:/workspace/simpleav/20251204/install/autoware_localization_msgs:/workspace/simpleav/20251204/install/autoware_lint_common:/workspace/simpleav/20251204/install/autoware_internal_metric_msgs:/workspace/simpleav/20251204/install/autoware_internal_localization_msgs:/workspace/simpleav/20251204/install/autoware_internal_debug_msgs:/workspace/simpleav/20251204/install/autoware_control_msgs:/workspace/simpleav/20251204/install/autoware_common_msgs:/workspace/simpleav/20251204/install/autoware_cmake:/workspace/simpleav/20251204/install/autoware_bag_time_manager_rviz_plugin:/workspace/simpleav/20251204/install/autoware_adapi_version_msgs:/workspace/simpleav/20251204/install/autoware_adapi_v1_msgs:/workspace/simpleav/20251204/install/autoware_adapi_specs:/workspace/simpleav/20251204/install/system:/workspace/simpleav/20251204/install/simple_av_logger:/workspace/simpleav/20251204/install/simple_av:/workspace/simpleav/20251204/install/planning:/workspace/simpleav/20251204/install/perception:/workspace/simpleav/20251204/install/localization:/workspace/simpleav/20251204/install/control:/workspace/simpleav/20251204/install/common:/opt/ros/humble /usr/bin/cmake /workspace/simpleav/20251204/src/simple_av/src/visualization/core/autoware_utils/autoware_utils_diagnostics -DAMENT_CMAKE_SYMLINK_INSTALL=1 -DCMAKE_INSTALL_PREFIX=/workspace/simpleav/20251204/src/simple_av/install/autoware_utils_diagnostics
[4.840s] DEBUG:colcon.colcon_core.event_handler.log_command:Invoking command in '/workspace/simpleav/20251204/src/simple_av/build/autoware_utils_logging': AMENT_PREFIX_PATH=/workspace/simpleav/20251204/src/simple_av/install/autoware_cmake:/workspace/simpleav/20251204/src/simple_av/install/autoware_lint_common:${AMENT_PREFIX_PATH} CMAKE_PREFIX_PATH=/workspace/simpleav/20251204/src/simple_av/install/autoware_cmake:/workspace/simpleav/20251204/src/simple_av/install/autoware_lint_common:/workspace/simpleav/20251204/install/v2x_msgs:/workspace/simpleav/20251204/install/tier4_vehicle_rviz_plugin:/workspace/simpleav/20251204/install/tier4_traffic_light_rviz_plugin:/workspace/simpleav/20251204/install/tier4_system_rviz_plugin:/workspace/simpleav/20251204/install/tier4_camera_view_rviz_plugin:/workspace/simpleav/20251204/install/tier4_adapi_rviz_plugin:/workspace/simpleav/20251204/install/autoware_component_interface_utils:/workspace/simpleav/20251204/install/tier4_system_msgs:/workspace/simpleav/20251204/install/tier4_state_rviz_plugin:/workspace/simpleav/20251204/install/tier4_dummy_object_rviz_plugin:/workspace/simpleav/20251204/install/tier4_simulation_msgs:/workspace/simpleav/20251204/install/tier4_planning_rviz_plugin:/workspace/simpleav/20251204/install/tier4_planning_factor_rviz_plugin:/workspace/simpleav/20251204/install/tier4_localization_rviz_plugin:/workspace/simpleav/20251204/install/tier4_external_api_msgs:/workspace/simpleav/20251204/install/tier4_datetime_rviz_plugin:/workspace/simpleav/20251204/install/simple_av_msgs:/workspace/simpleav/20251204/install/autoware_overlay_rviz_plugin:/workspace/simpleav/20251204/install/autoware_motion_utils:/workspace/simpleav/20251204/install/autoware_map_loader:/workspace/simpleav/20251204/install/autoware_component_interface_specs:/workspace/simpleav/20251204/install/autoware_vehicle_msgs:/workspace/simpleav/20251204/install/autoware_vehicle_info_utils:/workspace/simpleav/20251204/install/autoware_utils:/workspace/simpleav/20251204/install/autoware_utils_visualization:/workspace/simpleav/20251204/install/autoware_utils_uuid:/workspace/simpleav/20251204/install/autoware_utils_pcl:/workspace/simpleav/20251204/install/autoware_utils_tf:/workspace/simpleav/20251204/install/autoware_utils_debug:/workspace/simpleav/20251204/install/autoware_utils_system:/workspace/simpleav/20251204/install/autoware_utils_rclcpp:/workspace/simpleav/20251204/install/autoware_interpolation:/workspace/simpleav/20251204/install/autoware_utils_geometry:/workspace/simpleav/20251204/install/autoware_utils_math:/workspace/simpleav/20251204/install/autoware_utils_logging:/workspace/simpleav/20251204/install/autoware_utils_diagnostics:/workspace/simpleav/20251204/install/autoware_system_msgs:/workspace/simpleav/20251204/install/autoware_string_stamped_rviz_plugin:/workspace/simpleav/20251204/install/autoware_sensing_msgs:/workspace/simpleav/20251204/install/autoware_polar_grid:/workspace/simpleav/20251204/install/autoware_mission_details_overlay_rviz_plugin:/workspace/simpleav/20251204/install/autoware_lanelet2_map_visualizer:/workspace/simpleav/20251204/install/autoware_lanelet2_extension_python:/workspace/simpleav/20251204/install/autoware_geography_utils:/workspace/simpleav/20251204/install/autoware_lanelet2_extension:/workspace/simpleav/20251204/install/autoware_internal_msgs:/workspace/simpleav/20251204/install/autoware_internal_planning_msgs:/workspace/simpleav/20251204/install/autoware_planning_msgs:/workspace/simpleav/20251204/install/autoware_perception_rviz_plugin:/workspace/simpleav/20251204/install/autoware_internal_perception_msgs:/workspace/simpleav/20251204/install/autoware_perception_msgs:/workspace/simpleav/20251204/install/autoware_map_msgs:/workspace/simpleav/20251204/install/autoware_localization_msgs:/workspace/simpleav/20251204/install/autoware_lint_common:/workspace/simpleav/20251204/install/autoware_internal_metric_msgs:/workspace/simpleav/20251204/install/autoware_internal_localization_msgs:/workspace/simpleav/20251204/install/autoware_internal_debug_msgs:/workspace/simpleav/20251204/install/autoware_control_msgs:/workspace/simpleav/20251204/install/autoware_common_msgs:/workspace/simpleav/20251204/install/autoware_cmake:/workspace/simpleav/20251204/install/autoware_bag_time_manager_rviz_plugin:/workspace/simpleav/20251204/install/autoware_adapi_version_msgs:/workspace/simpleav/20251204/install/autoware_adapi_v1_msgs:/workspace/simpleav/20251204/install/autoware_adapi_specs:/workspace/simpleav/20251204/install/system:/workspace/simpleav/20251204/install/simple_av_logger:/workspace/simpleav/20251204/install/simple_av:/workspace/simpleav/20251204/install/planning:/workspace/simpleav/20251204/install/perception:/workspace/simpleav/20251204/install/localization:/workspace/simpleav/20251204/install/control:/workspace/simpleav/20251204/install/common:/opt/ros/humble /usr/bin/cmake /workspace/simpleav/20251204/src/simple_av/src/visualization/core/autoware_utils/autoware_utils_logging -DAMENT_CMAKE_SYMLINK_INSTALL=1 -DCMAKE_INSTALL_PREFIX=/workspace/simpleav/20251204/src/simple_av/install/autoware_utils_logging
[4.844s] DEBUG:colcon.colcon_core.event_handler.log_command:Invoking command in '/workspace/simpleav/20251204/src/simple_av/build/autoware_utils_rclcpp': AMENT_PREFIX_PATH=/workspace/simpleav/20251204/src/simple_av/install/autoware_cmake:/workspace/simpleav/20251204/src/simple_av/install/autoware_lint_common:${AMENT_PREFIX_PATH} CMAKE_PREFIX_PATH=/workspace/simpleav/20251204/src/simple_av/install/autoware_cmake:/workspace/simpleav/20251204/src/simple_av/install/autoware_lint_common:/workspace/simpleav/20251204/install/v2x_msgs:/workspace/simpleav/20251204/install/tier4_vehicle_rviz_plugin:/workspace/simpleav/20251204/install/tier4_traffic_light_rviz_plugin:/workspace/simpleav/20251204/install/tier4_system_rviz_plugin:/workspace/simpleav/20251204/install/tier4_camera_view_rviz_plugin:/workspace/simpleav/20251204/install/tier4_adapi_rviz_plugin:/workspace/simpleav/20251204/install/autoware_component_interface_utils:/workspace/simpleav/20251204/install/tier4_system_msgs:/workspace/simpleav/20251204/install/tier4_state_rviz_plugin:/workspace/simpleav/20251204/install/tier4_dummy_object_rviz_plugin:/workspace/simpleav/20251204/install/tier4_simulation_msgs:/workspace/simpleav/20251204/install/tier4_planning_rviz_plugin:/workspace/simpleav/20251204/install/tier4_planning_factor_rviz_plugin:/workspace/simpleav/20251204/install/tier4_localization_rviz_plugin:/workspace/simpleav/20251204/install/tier4_external_api_msgs:/workspace/simpleav/20251204/install/tier4_datetime_rviz_plugin:/workspace/simpleav/20251204/install/simple_av_msgs:/workspace/simpleav/20251204/install/autoware_overlay_rviz_plugin:/workspace/simpleav/20251204/install/autoware_motion_utils:/workspace/simpleav/20251204/install/autoware_map_loader:/workspace/simpleav/20251204/install/autoware_component_interface_specs:/workspace/simpleav/20251204/install/autoware_vehicle_msgs:/workspace/simpleav/20251204/install/autoware_vehicle_info_utils:/workspace/simpleav/20251204/install/autoware_utils:/workspace/simpleav/20251204/install/autoware_utils_visualization:/workspace/simpleav/20251204/install/autoware_utils_uuid:/workspace/simpleav/20251204/install/autoware_utils_pcl:/workspace/simpleav/20251204/install/autoware_utils_tf:/workspace/simpleav/20251204/install/autoware_utils_debug:/workspace/simpleav/20251204/install/autoware_utils_system:/workspace/simpleav/20251204/install/autoware_utils_rclcpp:/workspace/simpleav/20251204/install/autoware_interpolation:/workspace/simpleav/20251204/install/autoware_utils_geometry:/workspace/simpleav/20251204/install/autoware_utils_math:/workspace/simpleav/20251204/install/autoware_utils_logging:/workspace/simpleav/20251204/install/autoware_utils_diagnostics:/workspace/simpleav/20251204/install/autoware_system_msgs:/workspace/simpleav/20251204/install/autoware_string_stamped_rviz_plugin:/workspace/simpleav/20251204/install/autoware_sensing_msgs:/workspace/simpleav/20251204/install/autoware_polar_grid:/workspace/simpleav/20251204/install/autoware_mission_details_overlay_rviz_plugin:/workspace/simpleav/20251204/install/autoware_lanelet2_map_visualizer:/workspace/simpleav/20251204/install/autoware_lanelet2_extension_python:/workspace/simpleav/20251204/install/autoware_geography_utils:/workspace/simpleav/20251204/install/autoware_lanelet2_extension:/workspace/simpleav/20251204/install/autoware_internal_msgs:/workspace/simpleav/20251204/install/autoware_internal_planning_msgs:/workspace/simpleav/20251204/install/autoware_planning_msgs:/workspace/simpleav/20251204/install/autoware_perception_rviz_plugin:/workspace/simpleav/20251204/install/autoware_internal_perception_msgs:/workspace/simpleav/20251204/install/autoware_perception_msgs:/workspace/simpleav/20251204/install/autoware_map_msgs:/workspace/simpleav/20251204/install/autoware_localization_msgs:/workspace/simpleav/20251204/install/autoware_lint_common:/workspace/simpleav/20251204/install/autoware_internal_metric_msgs:/workspace/simpleav/20251204/install/autoware_internal_localization_msgs:/workspace/simpleav/20251204/install/autoware_internal_debug_msgs:/workspace/simpleav/20251204/install/autoware_control_msgs:/workspace/simpleav/20251204/install/autoware_common_msgs:/workspace/simpleav/20251204/install/autoware_cmake:/workspace/simpleav/20251204/install/autoware_bag_time_manager_rviz_plugin:/workspace/simpleav/20251204/install/autoware_adapi_version_msgs:/workspace/simpleav/20251204/install/autoware_adapi_v1_msgs:/workspace/simpleav/20251204/install/autoware_adapi_specs:/workspace/simpleav/20251204/install/system:/workspace/simpleav/20251204/install/simple_av_logger:/workspace/simpleav/20251204/install/simple_av:/workspace/simpleav/20251204/install/planning:/workspace/simpleav/20251204/install/perception:/workspace/simpleav/20251204/install/localization:/workspace/simpleav/20251204/install/control:/workspace/simpleav/20251204/install/common:/opt/ros/humble /usr/bin/cmake /workspace/simpleav/20251204/src/simple_av/src/visualization/core/autoware_utils/autoware_utils_rclcpp -DAMENT_CMAKE_SYMLINK_INSTALL=1 -DCMAKE_INSTALL_PREFIX=/workspace/simpleav/20251204/src/simple_av/install/autoware_utils_rclcpp
[4.848s] DEBUG:colcon.colcon_core.event_handler.log_command:Invoking command in '/workspace/simpleav/20251204/src/simple_av/build/autoware_utils_uuid': AMENT_PREFIX_PATH=/workspace/simpleav/20251204/src/simple_av/install/autoware_cmake:/workspace/simpleav/20251204/src/simple_av/install/autoware_lint_common:${AMENT_PREFIX_PATH} CMAKE_PREFIX_PATH=/workspace/simpleav/20251204/src/simple_av/install/autoware_cmake:/workspace/simpleav/20251204/src/simple_av/install/autoware_lint_common:/workspace/simpleav/20251204/install/v2x_msgs:/workspace/simpleav/20251204/install/tier4_vehicle_rviz_plugin:/workspace/simpleav/20251204/install/tier4_traffic_light_rviz_plugin:/workspace/simpleav/20251204/install/tier4_system_rviz_plugin:/workspace/simpleav/20251204/install/tier4_camera_view_rviz_plugin:/workspace/simpleav/20251204/install/tier4_adapi_rviz_plugin:/workspace/simpleav/20251204/install/autoware_component_interface_utils:/workspace/simpleav/20251204/install/tier4_system_msgs:/workspace/simpleav/20251204/install/tier4_state_rviz_plugin:/workspace/simpleav/20251204/install/tier4_dummy_object_rviz_plugin:/workspace/simpleav/20251204/install/tier4_simulation_msgs:/workspace/simpleav/20251204/install/tier4_planning_rviz_plugin:/workspace/simpleav/20251204/install/tier4_planning_factor_rviz_plugin:/workspace/simpleav/20251204/install/tier4_localization_rviz_plugin:/workspace/simpleav/20251204/install/tier4_external_api_msgs:/workspace/simpleav/20251204/install/tier4_datetime_rviz_plugin:/workspace/simpleav/20251204/install/simple_av_msgs:/workspace/simpleav/20251204/install/autoware_overlay_rviz_plugin:/workspace/simpleav/20251204/install/autoware_motion_utils:/workspace/simpleav/20251204/install/autoware_map_loader:/workspace/simpleav/20251204/install/autoware_component_interface_specs:/workspace/simpleav/20251204/install/autoware_vehicle_msgs:/workspace/simpleav/20251204/install/autoware_vehicle_info_utils:/workspace/simpleav/20251204/install/autoware_utils:/workspace/simpleav/20251204/install/autoware_utils_visualization:/workspace/simpleav/20251204/install/autoware_utils_uuid:/workspace/simpleav/20251204/install/autoware_utils_pcl:/workspace/simpleav/20251204/install/autoware_utils_tf:/workspace/simpleav/20251204/install/autoware_utils_debug:/workspace/simpleav/20251204/install/autoware_utils_system:/workspace/simpleav/20251204/install/autoware_utils_rclcpp:/workspace/simpleav/20251204/install/autoware_interpolation:/workspace/simpleav/20251204/install/autoware_utils_geometry:/workspace/simpleav/20251204/install/autoware_utils_math:/workspace/simpleav/20251204/install/autoware_utils_logging:/workspace/simpleav/20251204/install/autoware_utils_diagnostics:/workspace/simpleav/20251204/install/autoware_system_msgs:/workspace/simpleav/20251204/install/autoware_string_stamped_rviz_plugin:/workspace/simpleav/20251204/install/autoware_sensing_msgs:/workspace/simpleav/20251204/install/autoware_polar_grid:/workspace/simpleav/20251204/install/autoware_mission_details_overlay_rviz_plugin:/workspace/simpleav/20251204/install/autoware_lanelet2_map_visualizer:/workspace/simpleav/20251204/install/autoware_lanelet2_extension_python:/workspace/simpleav/20251204/install/autoware_geography_utils:/workspace/simpleav/20251204/install/autoware_lanelet2_extension:/workspace/simpleav/20251204/install/autoware_internal_msgs:/workspace/simpleav/20251204/install/autoware_internal_planning_msgs:/workspace/simpleav/20251204/install/autoware_planning_msgs:/workspace/simpleav/20251204/install/autoware_perception_rviz_plugin:/workspace/simpleav/20251204/install/autoware_internal_perception_msgs:/workspace/simpleav/20251204/install/autoware_perception_msgs:/workspace/simpleav/20251204/install/autoware_map_msgs:/workspace/simpleav/20251204/install/autoware_localization_msgs:/workspace/simpleav/20251204/install/autoware_lint_common:/workspace/simpleav/20251204/install/autoware_internal_metric_msgs:/workspace/simpleav/20251204/install/autoware_internal_localization_msgs:/workspace/simpleav/20251204/install/autoware_internal_debug_msgs:/workspace/simpleav/20251204/install/autoware_control_msgs:/workspace/simpleav/20251204/install/autoware_common_msgs:/workspace/simpleav/20251204/install/autoware_cmake:/workspace/simpleav/20251204/install/autoware_bag_time_manager_rviz_plugin:/workspace/simpleav/20251204/install/autoware_adapi_version_msgs:/workspace/simpleav/20251204/install/autoware_adapi_v1_msgs:/workspace/simpleav/20251204/install/autoware_adapi_specs:/workspace/simpleav/20251204/install/system:/workspace/simpleav/20251204/install/simple_av_logger:/workspace/simpleav/20251204/install/simple_av:/workspace/simpleav/20251204/install/planning:/workspace/simpleav/20251204/install/perception:/workspace/simpleav/20251204/install/localization:/workspace/simpleav/20251204/install/control:/workspace/simpleav/20251204/install/common:/opt/ros/humble /usr/bin/cmake /workspace/simpleav/20251204/src/simple_av/src/visualization/core/autoware_utils/autoware_utils_uuid -DAMENT_CMAKE_SYMLINK_INSTALL=1 -DCMAKE_INSTALL_PREFIX=/workspace/simpleav/20251204/src/simple_av/install/autoware_utils_uuid
[4.854s] DEBUG:colcon.colcon_core.event_handler.log_command:Invoking command in '/workspace/simpleav/20251204/src/simple_av/build/autoware_utils_visualization': AMENT_PREFIX_PATH=/workspace/simpleav/20251204/src/simple_av/install/autoware_cmake:/workspace/simpleav/20251204/src/simple_av/install/autoware_lint_common:${AMENT_PREFIX_PATH} CMAKE_PREFIX_PATH=/workspace/simpleav/20251204/src/simple_av/install/autoware_cmake:/workspace/simpleav/20251204/src/simple_av/install/autoware_lint_common:/workspace/simpleav/20251204/install/v2x_msgs:/workspace/simpleav/20251204/install/tier4_vehicle_rviz_plugin:/workspace/simpleav/20251204/install/tier4_traffic_light_rviz_plugin:/workspace/simpleav/20251204/install/tier4_system_rviz_plugin:/workspace/simpleav/20251204/install/tier4_camera_view_rviz_plugin:/workspace/simpleav/20251204/install/tier4_adapi_rviz_plugin:/workspace/simpleav/20251204/install/autoware_component_interface_utils:/workspace/simpleav/20251204/install/tier4_system_msgs:/workspace/simpleav/20251204/install/tier4_state_rviz_plugin:/workspace/simpleav/20251204/install/tier4_dummy_object_rviz_plugin:/workspace/simpleav/20251204/install/tier4_simulation_msgs:/workspace/simpleav/20251204/install/tier4_planning_rviz_plugin:/workspace/simpleav/20251204/install/tier4_planning_factor_rviz_plugin:/workspace/simpleav/20251204/install/tier4_localization_rviz_plugin:/workspace/simpleav/20251204/install/tier4_external_api_msgs:/workspace/simpleav/20251204/install/tier4_datetime_rviz_plugin:/workspace/simpleav/20251204/install/simple_av_msgs:/workspace/simpleav/20251204/install/autoware_overlay_rviz_plugin:/workspace/simpleav/20251204/install/autoware_motion_utils:/workspace/simpleav/20251204/install/autoware_map_loader:/workspace/simpleav/20251204/install/autoware_component_interface_specs:/workspace/simpleav/20251204/install/autoware_vehicle_msgs:/workspace/simpleav/20251204/install/autoware_vehicle_info_utils:/workspace/simpleav/20251204/install/autoware_utils:/workspace/simpleav/20251204/install/autoware_utils_visualization:/workspace/simpleav/20251204/install/autoware_utils_uuid:/workspace/simpleav/20251204/install/autoware_utils_pcl:/workspace/simpleav/20251204/install/autoware_utils_tf:/workspace/simpleav/20251204/install/autoware_utils_debug:/workspace/simpleav/20251204/install/autoware_utils_system:/workspace/simpleav/20251204/install/autoware_utils_rclcpp:/workspace/simpleav/20251204/install/autoware_interpolation:/workspace/simpleav/20251204/install/autoware_utils_geometry:/workspace/simpleav/20251204/install/autoware_utils_math:/workspace/simpleav/20251204/install/autoware_utils_logging:/workspace/simpleav/20251204/install/autoware_utils_diagnostics:/workspace/simpleav/20251204/install/autoware_system_msgs:/workspace/simpleav/20251204/install/autoware_string_stamped_rviz_plugin:/workspace/simpleav/20251204/install/autoware_sensing_msgs:/workspace/simpleav/20251204/install/autoware_polar_grid:/workspace/simpleav/20251204/install/autoware_mission_details_overlay_rviz_plugin:/workspace/simpleav/20251204/install/autoware_lanelet2_map_visualizer:/workspace/simpleav/20251204/install/autoware_lanelet2_extension_python:/workspace/simpleav/20251204/install/autoware_geography_utils:/workspace/simpleav/20251204/install/autoware_lanelet2_extension:/workspace/simpleav/20251204/install/autoware_internal_msgs:/workspace/simpleav/20251204/install/autoware_internal_planning_msgs:/workspace/simpleav/20251204/install/autoware_planning_msgs:/workspace/simpleav/20251204/install/autoware_perception_rviz_plugin:/workspace/simpleav/20251204/install/autoware_internal_perception_msgs:/workspace/simpleav/20251204/install/autoware_perception_msgs:/workspace/simpleav/20251204/install/autoware_map_msgs:/workspace/simpleav/20251204/install/autoware_localization_msgs:/workspace/simpleav/20251204/install/autoware_lint_common:/workspace/simpleav/20251204/install/autoware_internal_metric_msgs:/workspace/simpleav/20251204/install/autoware_internal_localization_msgs:/workspace/simpleav/20251204/install/autoware_internal_debug_msgs:/workspace/simpleav/20251204/install/autoware_control_msgs:/workspace/simpleav/20251204/install/autoware_common_msgs:/workspace/simpleav/20251204/install/autoware_cmake:/workspace/simpleav/20251204/install/autoware_bag_time_manager_rviz_plugin:/workspace/simpleav/20251204/install/autoware_adapi_version_msgs:/workspace/simpleav/20251204/install/autoware_adapi_v1_msgs:/workspace/simpleav/20251204/install/autoware_adapi_specs:/workspace/simpleav/20251204/install/system:/workspace/simpleav/20251204/install/simple_av_logger:/workspace/simpleav/20251204/install/simple_av:/workspace/simpleav/20251204/install/planning:/workspace/simpleav/20251204/install/perception:/workspace/simpleav/20251204/install/localization:/workspace/simpleav/20251204/install/control:/workspace/simpleav/20251204/install/common:/opt/ros/humble /usr/bin/cmake /workspace/simpleav/20251204/src/simple_av/src/visualization/core/autoware_utils/autoware_utils_visualization -DAMENT_CMAKE_SYMLINK_INSTALL=1 -DCMAKE_INSTALL_PREFIX=/workspace/simpleav/20251204/src/simple_av/install/autoware_utils_visualization
[4.858s] DEBUG:colcon.colcon_core.event_handler.log_command:Invoking command in '/workspace/simpleav/20251204/src/simple_av/build/autoware_adapi_specs': AMENT_PREFIX_PATH=/workspace/simpleav/20251204/src/simple_av/install/autoware_cmake:/workspace/simpleav/20251204/src/simple_av/install/autoware_lint_common:${AMENT_PREFIX_PATH} CMAKE_PREFIX_PATH=/workspace/simpleav/20251204/src/simple_av/install/autoware_cmake:/workspace/simpleav/20251204/src/simple_av/install/autoware_lint_common:/workspace/simpleav/20251204/install/v2x_msgs:/workspace/simpleav/20251204/install/tier4_vehicle_rviz_plugin:/workspace/simpleav/20251204/install/tier4_traffic_light_rviz_plugin:/workspace/simpleav/20251204/install/tier4_system_rviz_plugin:/workspace/simpleav/20251204/install/tier4_camera_view_rviz_plugin:/workspace/simpleav/20251204/install/tier4_adapi_rviz_plugin:/workspace/simpleav/20251204/install/autoware_component_interface_utils:/workspace/simpleav/20251204/install/tier4_system_msgs:/workspace/simpleav/20251204/install/tier4_state_rviz_plugin:/workspace/simpleav/20251204/install/tier4_dummy_object_rviz_plugin:/workspace/simpleav/20251204/install/tier4_simulation_msgs:/workspace/simpleav/20251204/install/tier4_planning_rviz_plugin:/workspace/simpleav/20251204/install/tier4_planning_factor_rviz_plugin:/workspace/simpleav/20251204/install/tier4_localization_rviz_plugin:/workspace/simpleav/20251204/install/tier4_external_api_msgs:/workspace/simpleav/20251204/install/tier4_datetime_rviz_plugin:/workspace/simpleav/20251204/install/simple_av_msgs:/workspace/simpleav/20251204/install/autoware_overlay_rviz_plugin:/workspace/simpleav/20251204/install/autoware_motion_utils:/workspace/simpleav/20251204/install/autoware_map_loader:/workspace/simpleav/20251204/install/autoware_component_interface_specs:/workspace/simpleav/20251204/install/autoware_vehicle_msgs:/workspace/simpleav/20251204/install/autoware_vehicle_info_utils:/workspace/simpleav/20251204/install/autoware_utils:/workspace/simpleav/20251204/install/autoware_utils_visualization:/workspace/simpleav/20251204/install/autoware_utils_uuid:/workspace/simpleav/20251204/install/autoware_utils_pcl:/workspace/simpleav/20251204/install/autoware_utils_tf:/workspace/simpleav/20251204/install/autoware_utils_debug:/workspace/simpleav/20251204/install/autoware_utils_system:/workspace/simpleav/20251204/install/autoware_utils_rclcpp:/workspace/simpleav/20251204/install/autoware_interpolation:/workspace/simpleav/20251204/install/autoware_utils_geometry:/workspace/simpleav/20251204/install/autoware_utils_math:/workspace/simpleav/20251204/install/autoware_utils_logging:/workspace/simpleav/20251204/install/autoware_utils_diagnostics:/workspace/simpleav/20251204/install/autoware_system_msgs:/workspace/simpleav/20251204/install/autoware_string_stamped_rviz_plugin:/workspace/simpleav/20251204/install/autoware_sensing_msgs:/workspace/simpleav/20251204/install/autoware_polar_grid:/workspace/simpleav/20251204/install/autoware_mission_details_overlay_rviz_plugin:/workspace/simpleav/20251204/install/autoware_lanelet2_map_visualizer:/workspace/simpleav/20251204/install/autoware_lanelet2_extension_python:/workspace/simpleav/20251204/install/autoware_geography_utils:/workspace/simpleav/20251204/install/autoware_lanelet2_extension:/workspace/simpleav/20251204/install/autoware_internal_msgs:/workspace/simpleav/20251204/install/autoware_internal_planning_msgs:/workspace/simpleav/20251204/install/autoware_planning_msgs:/workspace/simpleav/20251204/install/autoware_perception_rviz_plugin:/workspace/simpleav/20251204/install/autoware_internal_perception_msgs:/workspace/simpleav/20251204/install/autoware_perception_msgs:/workspace/simpleav/20251204/install/autoware_map_msgs:/workspace/simpleav/20251204/install/autoware_localization_msgs:/workspace/simpleav/20251204/install/autoware_lint_common:/workspace/simpleav/20251204/install/autoware_internal_metric_msgs:/workspace/simpleav/20251204/install/autoware_internal_localization_msgs:/workspace/simpleav/20251204/install/autoware_internal_debug_msgs:/workspace/simpleav/20251204/install/autoware_control_msgs:/workspace/simpleav/20251204/install/autoware_common_msgs:/workspace/simpleav/20251204/install/autoware_cmake:/workspace/simpleav/20251204/install/autoware_bag_time_manager_rviz_plugin:/workspace/simpleav/20251204/install/autoware_adapi_version_msgs:/workspace/simpleav/20251204/install/autoware_adapi_v1_msgs:/workspace/simpleav/20251204/install/autoware_adapi_specs:/workspace/simpleav/20251204/install/system:/workspace/simpleav/20251204/install/simple_av_logger:/workspace/simpleav/20251204/install/simple_av:/workspace/simpleav/20251204/install/planning:/workspace/simpleav/20251204/install/perception:/workspace/simpleav/20251204/install/localization:/workspace/simpleav/20251204/install/control:/workspace/simpleav/20251204/install/common:/opt/ros/humble /usr/bin/cmake /workspace/simpleav/20251204/src/simple_av/src/visualization/simulator/autoware_adapi_specs -DAMENT_CMAKE_SYMLINK_INSTALL=1 -DCMAKE_INSTALL_PREFIX=/workspace/simpleav/20251204/src/simple_av/install/autoware_adapi_specs
[4.863s] DEBUG:colcon.colcon_core.event_handler.log_command:Invoking command in '/workspace/simpleav/20251204/src/simple_av/build/autoware_bag_time_manager_rviz_plugin': AMENT_PREFIX_PATH=/workspace/simpleav/20251204/src/simple_av/install/autoware_cmake:/workspace/simpleav/20251204/src/simple_av/install/autoware_lint_common:${AMENT_PREFIX_PATH} CMAKE_PREFIX_PATH=/workspace/simpleav/20251204/src/simple_av/install/autoware_cmake:/workspace/simpleav/20251204/src/simple_av/install/autoware_lint_common:/workspace/simpleav/20251204/install/v2x_msgs:/workspace/simpleav/20251204/install/tier4_vehicle_rviz_plugin:/workspace/simpleav/20251204/install/tier4_traffic_light_rviz_plugin:/workspace/simpleav/20251204/install/tier4_system_rviz_plugin:/workspace/simpleav/20251204/install/tier4_camera_view_rviz_plugin:/workspace/simpleav/20251204/install/tier4_adapi_rviz_plugin:/workspace/simpleav/20251204/install/autoware_component_interface_utils:/workspace/simpleav/20251204/install/tier4_system_msgs:/workspace/simpleav/20251204/install/tier4_state_rviz_plugin:/workspace/simpleav/20251204/install/tier4_dummy_object_rviz_plugin:/workspace/simpleav/20251204/install/tier4_simulation_msgs:/workspace/simpleav/20251204/install/tier4_planning_rviz_plugin:/workspace/simpleav/20251204/install/tier4_planning_factor_rviz_plugin:/workspace/simpleav/20251204/install/tier4_localization_rviz_plugin:/workspace/simpleav/20251204/install/tier4_external_api_msgs:/workspace/simpleav/20251204/install/tier4_datetime_rviz_plugin:/workspace/simpleav/20251204/install/simple_av_msgs:/workspace/simpleav/20251204/install/autoware_overlay_rviz_plugin:/workspace/simpleav/20251204/install/autoware_motion_utils:/workspace/simpleav/20251204/install/autoware_map_loader:/workspace/simpleav/20251204/install/autoware_component_interface_specs:/workspace/simpleav/20251204/install/autoware_vehicle_msgs:/workspace/simpleav/20251204/install/autoware_vehicle_info_utils:/workspace/simpleav/20251204/install/autoware_utils:/workspace/simpleav/20251204/install/autoware_utils_visualization:/workspace/simpleav/20251204/install/autoware_utils_uuid:/workspace/simpleav/20251204/install/autoware_utils_pcl:/workspace/simpleav/20251204/install/autoware_utils_tf:/workspace/simpleav/20251204/install/autoware_utils_debug:/workspace/simpleav/20251204/install/autoware_utils_system:/workspace/simpleav/20251204/install/autoware_utils_rclcpp:/workspace/simpleav/20251204/install/autoware_interpolation:/workspace/simpleav/20251204/install/autoware_utils_geometry:/workspace/simpleav/20251204/install/autoware_utils_math:/workspace/simpleav/20251204/install/autoware_utils_logging:/workspace/simpleav/20251204/install/autoware_utils_diagnostics:/workspace/simpleav/20251204/install/autoware_system_msgs:/workspace/simpleav/20251204/install/autoware_string_stamped_rviz_plugin:/workspace/simpleav/20251204/install/autoware_sensing_msgs:/workspace/simpleav/20251204/install/autoware_polar_grid:/workspace/simpleav/20251204/install/autoware_mission_details_overlay_rviz_plugin:/workspace/simpleav/20251204/install/autoware_lanelet2_map_visualizer:/workspace/simpleav/20251204/install/autoware_lanelet2_extension_python:/workspace/simpleav/20251204/install/autoware_geography_utils:/workspace/simpleav/20251204/install/autoware_lanelet2_extension:/workspace/simpleav/20251204/install/autoware_internal_msgs:/workspace/simpleav/20251204/install/autoware_internal_planning_msgs:/workspace/simpleav/20251204/install/autoware_planning_msgs:/workspace/simpleav/20251204/install/autoware_perception_rviz_plugin:/workspace/simpleav/20251204/install/autoware_internal_perception_msgs:/workspace/simpleav/20251204/install/autoware_perception_msgs:/workspace/simpleav/20251204/install/autoware_map_msgs:/workspace/simpleav/20251204/install/autoware_localization_msgs:/workspace/simpleav/20251204/install/autoware_lint_common:/workspace/simpleav/20251204/install/autoware_internal_metric_msgs:/workspace/simpleav/20251204/install/autoware_internal_localization_msgs:/workspace/simpleav/20251204/install/autoware_internal_debug_msgs:/workspace/simpleav/20251204/install/autoware_control_msgs:/workspace/simpleav/20251204/install/autoware_common_msgs:/workspace/simpleav/20251204/install/autoware_cmake:/workspace/simpleav/20251204/install/autoware_bag_time_manager_rviz_plugin:/workspace/simpleav/20251204/install/autoware_adapi_version_msgs:/workspace/simpleav/20251204/install/autoware_adapi_v1_msgs:/workspace/simpleav/20251204/install/autoware_adapi_specs:/workspace/simpleav/20251204/install/system:/workspace/simpleav/20251204/install/simple_av_logger:/workspace/simpleav/20251204/install/simple_av:/workspace/simpleav/20251204/install/planning:/workspace/simpleav/20251204/install/perception:/workspace/simpleav/20251204/install/localization:/workspace/simpleav/20251204/install/control:/workspace/simpleav/20251204/install/common:/opt/ros/humble /usr/bin/cmake /workspace/simpleav/20251204/src/simple_av/src/visualization/autoware_plugins/autoware_bag_time_manager_rviz_plugin -DAMENT_CMAKE_SYMLINK_INSTALL=1 -DCMAKE_INSTALL_PREFIX=/workspace/simpleav/20251204/src/simple_av/install/autoware_bag_time_manager_rviz_plugin
[4.870s] DEBUG:colcon.colcon_core.event_handler.log_command:Invoking command in '/workspace/simpleav/20251204/src/simple_av/build/autoware_polar_grid': AMENT_PREFIX_PATH=/workspace/simpleav/20251204/src/simple_av/install/autoware_cmake:/workspace/simpleav/20251204/src/simple_av/install/autoware_lint_common:${AMENT_PREFIX_PATH} CMAKE_PREFIX_PATH=/workspace/simpleav/20251204/src/simple_av/install/autoware_cmake:/workspace/simpleav/20251204/src/simple_av/install/autoware_lint_common:/workspace/simpleav/20251204/install/v2x_msgs:/workspace/simpleav/20251204/install/tier4_vehicle_rviz_plugin:/workspace/simpleav/20251204/install/tier4_traffic_light_rviz_plugin:/workspace/simpleav/20251204/install/tier4_system_rviz_plugin:/workspace/simpleav/20251204/install/tier4_camera_view_rviz_plugin:/workspace/simpleav/20251204/install/tier4_adapi_rviz_plugin:/workspace/simpleav/20251204/install/autoware_component_interface_utils:/workspace/simpleav/20251204/install/tier4_system_msgs:/workspace/simpleav/20251204/install/tier4_state_rviz_plugin:/workspace/simpleav/20251204/install/tier4_dummy_object_rviz_plugin:/workspace/simpleav/20251204/install/tier4_simulation_msgs:/workspace/simpleav/20251204/install/tier4_planning_rviz_plugin:/workspace/simpleav/20251204/install/tier4_planning_factor_rviz_plugin:/workspace/simpleav/20251204/install/tier4_localization_rviz_plugin:/workspace/simpleav/20251204/install/tier4_external_api_msgs:/workspace/simpleav/20251204/install/tier4_datetime_rviz_plugin:/workspace/simpleav/20251204/install/simple_av_msgs:/workspace/simpleav/20251204/install/autoware_overlay_rviz_plugin:/workspace/simpleav/20251204/install/autoware_motion_utils:/workspace/simpleav/20251204/install/autoware_map_loader:/workspace/simpleav/20251204/install/autoware_component_interface_specs:/workspace/simpleav/20251204/install/autoware_vehicle_msgs:/workspace/simpleav/20251204/install/autoware_vehicle_info_utils:/workspace/simpleav/20251204/install/autoware_utils:/workspace/simpleav/20251204/install/autoware_utils_visualization:/workspace/simpleav/20251204/install/autoware_utils_uuid:/workspace/simpleav/20251204/install/autoware_utils_pcl:/workspace/simpleav/20251204/install/autoware_utils_tf:/workspace/simpleav/20251204/install/autoware_utils_debug:/workspace/simpleav/20251204/install/autoware_utils_system:/workspace/simpleav/20251204/install/autoware_utils_rclcpp:/workspace/simpleav/20251204/install/autoware_interpolation:/workspace/simpleav/20251204/install/autoware_utils_geometry:/workspace/simpleav/20251204/install/autoware_utils_math:/workspace/simpleav/20251204/install/autoware_utils_logging:/workspace/simpleav/20251204/install/autoware_utils_diagnostics:/workspace/simpleav/20251204/install/autoware_system_msgs:/workspace/simpleav/20251204/install/autoware_string_stamped_rviz_plugin:/workspace/simpleav/20251204/install/autoware_sensing_msgs:/workspace/simpleav/20251204/install/autoware_polar_grid:/workspace/simpleav/20251204/install/autoware_mission_details_overlay_rviz_plugin:/workspace/simpleav/20251204/install/autoware_lanelet2_map_visualizer:/workspace/simpleav/20251204/install/autoware_lanelet2_extension_python:/workspace/simpleav/20251204/install/autoware_geography_utils:/workspace/simpleav/20251204/install/autoware_lanelet2_extension:/workspace/simpleav/20251204/install/autoware_internal_msgs:/workspace/simpleav/20251204/install/autoware_internal_planning_msgs:/workspace/simpleav/20251204/install/autoware_planning_msgs:/workspace/simpleav/20251204/install/autoware_perception_rviz_plugin:/workspace/simpleav/20251204/install/autoware_internal_perception_msgs:/workspace/simpleav/20251204/install/autoware_perception_msgs:/workspace/simpleav/20251204/install/autoware_map_msgs:/workspace/simpleav/20251204/install/autoware_localization_msgs:/workspace/simpleav/20251204/install/autoware_lint_common:/workspace/simpleav/20251204/install/autoware_internal_metric_msgs:/workspace/simpleav/20251204/install/autoware_internal_localization_msgs:/workspace/simpleav/20251204/install/autoware_internal_debug_msgs:/workspace/simpleav/20251204/install/autoware_control_msgs:/workspace/simpleav/20251204/install/autoware_common_msgs:/workspace/simpleav/20251204/install/autoware_cmake:/workspace/simpleav/20251204/install/autoware_bag_time_manager_rviz_plugin:/workspace/simpleav/20251204/install/autoware_adapi_version_msgs:/workspace/simpleav/20251204/install/autoware_adapi_v1_msgs:/workspace/simpleav/20251204/install/autoware_adapi_specs:/workspace/simpleav/20251204/install/system:/workspace/simpleav/20251204/install/simple_av_logger:/workspace/simpleav/20251204/install/simple_av:/workspace/simpleav/20251204/install/planning:/workspace/simpleav/20251204/install/perception:/workspace/simpleav/20251204/install/localization:/workspace/simpleav/20251204/install/control:/workspace/simpleav/20251204/install/common:/opt/ros/humble /usr/bin/cmake /workspace/simpleav/20251204/src/simple_av/src/visualization/simulator/autoware_polar_grid -DAMENT_CMAKE_SYMLINK_INSTALL=1 -DCMAKE_INSTALL_PREFIX=/workspace/simpleav/20251204/src/simple_av/install/autoware_polar_grid
[4.877s] DEBUG:colcon.colcon_core.event_handler.log_command:Invoking command in '/workspace/simpleav/20251204/src/simple_av/build/tier4_datetime_rviz_plugin': AMENT_PREFIX_PATH=/workspace/simpleav/20251204/src/simple_av/install/autoware_cmake:/workspace/simpleav/20251204/src/simple_av/install/autoware_lint_common:${AMENT_PREFIX_PATH} CMAKE_PREFIX_PATH=/workspace/simpleav/20251204/src/simple_av/install/autoware_cmake:/workspace/simpleav/20251204/src/simple_av/install/autoware_lint_common:/workspace/simpleav/20251204/install/v2x_msgs:/workspace/simpleav/20251204/install/tier4_vehicle_rviz_plugin:/workspace/simpleav/20251204/install/tier4_traffic_light_rviz_plugin:/workspace/simpleav/20251204/install/tier4_system_rviz_plugin:/workspace/simpleav/20251204/install/tier4_camera_view_rviz_plugin:/workspace/simpleav/20251204/install/tier4_adapi_rviz_plugin:/workspace/simpleav/20251204/install/autoware_component_interface_utils:/workspace/simpleav/20251204/install/tier4_system_msgs:/workspace/simpleav/20251204/install/tier4_state_rviz_plugin:/workspace/simpleav/20251204/install/tier4_dummy_object_rviz_plugin:/workspace/simpleav/20251204/install/tier4_simulation_msgs:/workspace/simpleav/20251204/install/tier4_planning_rviz_plugin:/workspace/simpleav/20251204/install/tier4_planning_factor_rviz_plugin:/workspace/simpleav/20251204/install/tier4_localization_rviz_plugin:/workspace/simpleav/20251204/install/tier4_external_api_msgs:/workspace/simpleav/20251204/install/tier4_datetime_rviz_plugin:/workspace/simpleav/20251204/install/simple_av_msgs:/workspace/simpleav/20251204/install/autoware_overlay_rviz_plugin:/workspace/simpleav/20251204/install/autoware_motion_utils:/workspace/simpleav/20251204/install/autoware_map_loader:/workspace/simpleav/20251204/install/autoware_component_interface_specs:/workspace/simpleav/20251204/install/autoware_vehicle_msgs:/workspace/simpleav/20251204/install/autoware_vehicle_info_utils:/workspace/simpleav/20251204/install/autoware_utils:/workspace/simpleav/20251204/install/autoware_utils_visualization:/workspace/simpleav/20251204/install/autoware_utils_uuid:/workspace/simpleav/20251204/install/autoware_utils_pcl:/workspace/simpleav/20251204/install/autoware_utils_tf:/workspace/simpleav/20251204/install/autoware_utils_debug:/workspace/simpleav/20251204/install/autoware_utils_system:/workspace/simpleav/20251204/install/autoware_utils_rclcpp:/workspace/simpleav/20251204/install/autoware_interpolation:/workspace/simpleav/20251204/install/autoware_utils_geometry:/workspace/simpleav/20251204/install/autoware_utils_math:/workspace/simpleav/20251204/install/autoware_utils_logging:/workspace/simpleav/20251204/install/autoware_utils_diagnostics:/workspace/simpleav/20251204/install/autoware_system_msgs:/workspace/simpleav/20251204/install/autoware_string_stamped_rviz_plugin:/workspace/simpleav/20251204/install/autoware_sensing_msgs:/workspace/simpleav/20251204/install/autoware_polar_grid:/workspace/simpleav/20251204/install/autoware_mission_details_overlay_rviz_plugin:/workspace/simpleav/20251204/install/autoware_lanelet2_map_visualizer:/workspace/simpleav/20251204/install/autoware_lanelet2_extension_python:/workspace/simpleav/20251204/install/autoware_geography_utils:/workspace/simpleav/20251204/install/autoware_lanelet2_extension:/workspace/simpleav/20251204/install/autoware_internal_msgs:/workspace/simpleav/20251204/install/autoware_internal_planning_msgs:/workspace/simpleav/20251204/install/autoware_planning_msgs:/workspace/simpleav/20251204/install/autoware_perception_rviz_plugin:/workspace/simpleav/20251204/install/autoware_internal_perception_msgs:/workspace/simpleav/20251204/install/autoware_perception_msgs:/workspace/simpleav/20251204/install/autoware_map_msgs:/workspace/simpleav/20251204/install/autoware_localization_msgs:/workspace/simpleav/20251204/install/autoware_lint_common:/workspace/simpleav/20251204/install/autoware_internal_metric_msgs:/workspace/simpleav/20251204/install/autoware_internal_localization_msgs:/workspace/simpleav/20251204/install/autoware_internal_debug_msgs:/workspace/simpleav/20251204/install/autoware_control_msgs:/workspace/simpleav/20251204/install/autoware_common_msgs:/workspace/simpleav/20251204/install/autoware_cmake:/workspace/simpleav/20251204/install/autoware_bag_time_manager_rviz_plugin:/workspace/simpleav/20251204/install/autoware_adapi_version_msgs:/workspace/simpleav/20251204/install/autoware_adapi_v1_msgs:/workspace/simpleav/20251204/install/autoware_adapi_specs:/workspace/simpleav/20251204/install/system:/workspace/simpleav/20251204/install/simple_av_logger:/workspace/simpleav/20251204/install/simple_av:/workspace/simpleav/20251204/install/planning:/workspace/simpleav/20251204/install/perception:/workspace/simpleav/20251204/install/localization:/workspace/simpleav/20251204/install/control:/workspace/simpleav/20251204/install/common:/opt/ros/humble /usr/bin/cmake /workspace/simpleav/20251204/src/simple_av/src/visualization/autoware_plugins/tier4_datetime_rviz_plugin -DAMENT_CMAKE_SYMLINK_INSTALL=1 -DCMAKE_INSTALL_PREFIX=/workspace/simpleav/20251204/src/simple_av/install/tier4_datetime_rviz_plugin
[4.877s] DEBUG:colcon.colcon_core.event_handler.log_command:Invoked command in '/workspace/simpleav/20251204/src/simple_av/build/autoware_internal_debug_msgs' returned '0': CMAKE_PREFIX_PATH=${CMAKE_PREFIX_PATH}:/workspace/simpleav/20251204/install/system:/workspace/simpleav/20251204/install/simple_av_logger:/workspace/simpleav/20251204/install/simple_av:/workspace/simpleav/20251204/install/planning:/workspace/simpleav/20251204/install/perception:/workspace/simpleav/20251204/install/localization:/workspace/simpleav/20251204/install/control:/workspace/simpleav/20251204/install/common:/opt/ros/humble /usr/bin/cmake /workspace/simpleav/20251204/src/simple_av/src/visualization/autoware_internal_msgs/autoware_internal_debug_msgs -DAMENT_CMAKE_SYMLINK_INSTALL=1 -DCMAKE_INSTALL_PREFIX=/workspace/simpleav/20251204/src/simple_av/install/autoware_internal_debug_msgs
[4.878s] DEBUG:colcon.colcon_core.event_handler.log_command:Invoking command in '/workspace/simpleav/20251204/src/simple_av/build/autoware_internal_debug_msgs': CMAKE_PREFIX_PATH=${CMAKE_PREFIX_PATH}:/workspace/simpleav/20251204/install/system:/workspace/simpleav/20251204/install/simple_av_logger:/workspace/simpleav/20251204/install/simple_av:/workspace/simpleav/20251204/install/planning:/workspace/simpleav/20251204/install/perception:/workspace/simpleav/20251204/install/localization:/workspace/simpleav/20251204/install/control:/workspace/simpleav/20251204/install/common:/opt/ros/humble /usr/bin/cmake --build /workspace/simpleav/20251204/src/simple_av/build/autoware_internal_debug_msgs -- -j52 -l52
[4.965s] DEBUG:colcon.colcon_core.event_handler.log_command:Invoked command in '/workspace/simpleav/20251204/src/simple_av/build/autoware_localization_msgs' returned '0': CMAKE_PREFIX_PATH=${CMAKE_PREFIX_PATH}:/workspace/simpleav/20251204/install/system:/workspace/simpleav/20251204/install/simple_av_logger:/workspace/simpleav/20251204/install/simple_av:/workspace/simpleav/20251204/install/planning:/workspace/simpleav/20251204/install/perception:/workspace/simpleav/20251204/install/localization:/workspace/simpleav/20251204/install/control:/workspace/simpleav/20251204/install/common:/opt/ros/humble /usr/bin/cmake /workspace/simpleav/20251204/src/simple_av/src/messages/autoware_msgs/autoware_localization_msgs -DAMENT_CMAKE_SYMLINK_INSTALL=1 -DCMAKE_INSTALL_PREFIX=/workspace/simpleav/20251204/src/simple_av/install/autoware_localization_msgs
[4.968s] DEBUG:colcon.colcon_core.event_handler.log_command:Invoking command in '/workspace/simpleav/20251204/src/simple_av/build/autoware_localization_msgs': CMAKE_PREFIX_PATH=${CMAKE_PREFIX_PATH}:/workspace/simpleav/20251204/install/system:/workspace/simpleav/20251204/install/simple_av_logger:/workspace/simpleav/20251204/install/simple_av:/workspace/simpleav/20251204/install/planning:/workspace/simpleav/20251204/install/perception:/workspace/simpleav/20251204/install/localization:/workspace/simpleav/20251204/install/control:/workspace/simpleav/20251204/install/common:/opt/ros/humble /usr/bin/cmake --build /workspace/simpleav/20251204/src/simple_av/build/autoware_localization_msgs -- -j52 -l52
[5.005s] DEBUG:colcon.colcon_core.event_handler.log_command:Invoked command in '/workspace/simpleav/20251204/src/simple_av/build/autoware_perception_msgs' returned '0': CMAKE_PREFIX_PATH=${CMAKE_PREFIX_PATH}:/workspace/simpleav/20251204/install/system:/workspace/simpleav/20251204/install/simple_av_logger:/workspace/simpleav/20251204/install/simple_av:/workspace/simpleav/20251204/install/planning:/workspace/simpleav/20251204/install/perception:/workspace/simpleav/20251204/install/localization:/workspace/simpleav/20251204/install/control:/workspace/simpleav/20251204/install/common:/opt/ros/humble /usr/bin/cmake /workspace/simpleav/20251204/src/simple_av/src/messages/autoware_msgs/autoware_perception_msgs -DAMENT_CMAKE_SYMLINK_INSTALL=1 -DCMAKE_INSTALL_PREFIX=/workspace/simpleav/20251204/src/simple_av/install/autoware_perception_msgs
[5.006s] DEBUG:colcon.colcon_core.event_handler.log_command:Invoking command in '/workspace/simpleav/20251204/src/simple_av/build/autoware_perception_msgs': CMAKE_PREFIX_PATH=${CMAKE_PREFIX_PATH}:/workspace/simpleav/20251204/install/system:/workspace/simpleav/20251204/install/simple_av_logger:/workspace/simpleav/20251204/install/simple_av:/workspace/simpleav/20251204/install/planning:/workspace/simpleav/20251204/install/perception:/workspace/simpleav/20251204/install/localization:/workspace/simpleav/20251204/install/control:/workspace/simpleav/20251204/install/common:/opt/ros/humble /usr/bin/cmake --build /workspace/simpleav/20251204/src/simple_av/build/autoware_perception_msgs -- -j52 -l52
[5.348s] DEBUG:colcon.colcon_core.event_handler.log_command:Invoked command in '/workspace/simpleav/20251204/src/simple_av/build/autoware_planning_msgs' returned '0': CMAKE_PREFIX_PATH=${CMAKE_PREFIX_PATH}:/workspace/simpleav/20251204/install/system:/workspace/simpleav/20251204/install/simple_av_logger:/workspace/simpleav/20251204/install/simple_av:/workspace/simpleav/20251204/install/planning:/workspace/simpleav/20251204/install/perception:/workspace/simpleav/20251204/install/localization:/workspace/simpleav/20251204/install/control:/workspace/simpleav/20251204/install/common:/opt/ros/humble /usr/bin/cmake /workspace/simpleav/20251204/src/simple_av/src/messages/autoware_msgs/autoware_planning_msgs -DAMENT_CMAKE_SYMLINK_INSTALL=1 -DCMAKE_INSTALL_PREFIX=/workspace/simpleav/20251204/src/simple_av/install/autoware_planning_msgs
[5.349s] DEBUG:colcon.colcon_core.event_handler.log_command:Invoking command in '/workspace/simpleav/20251204/src/simple_av/build/autoware_planning_msgs': CMAKE_PREFIX_PATH=${CMAKE_PREFIX_PATH}:/workspace/simpleav/20251204/install/system:/workspace/simpleav/20251204/install/simple_av_logger:/workspace/simpleav/20251204/install/simple_av:/workspace/simpleav/20251204/install/planning:/workspace/simpleav/20251204/install/perception:/workspace/simpleav/20251204/install/localization:/workspace/simpleav/20251204/install/control:/workspace/simpleav/20251204/install/common:/opt/ros/humble /usr/bin/cmake --build /workspace/simpleav/20251204/src/simple_av/build/autoware_planning_msgs -- -j52 -l52
[5.353s] DEBUG:colcon.colcon_core.event_handler.log_command:Invoked command in '/workspace/simpleav/20251204/src/simple_av/build/autoware_system_msgs' returned '0': CMAKE_PREFIX_PATH=${CMAKE_PREFIX_PATH}:/workspace/simpleav/20251204/install/system:/workspace/simpleav/20251204/install/simple_av_logger:/workspace/simpleav/20251204/install/simple_av:/workspace/simpleav/20251204/install/planning:/workspace/simpleav/20251204/install/perception:/workspace/simpleav/20251204/install/localization:/workspace/simpleav/20251204/install/control:/workspace/simpleav/20251204/install/common:/opt/ros/humble /usr/bin/cmake /workspace/simpleav/20251204/src/simple_av/src/messages/autoware_msgs/autoware_system_msgs -DAMENT_CMAKE_SYMLINK_INSTALL=1 -DCMAKE_INSTALL_PREFIX=/workspace/simpleav/20251204/src/simple_av/install/autoware_system_msgs
[5.353s] DEBUG:colcon.colcon_core.event_handler.log_command:Invoking command in '/workspace/simpleav/20251204/src/simple_av/build/autoware_system_msgs': CMAKE_PREFIX_PATH=${CMAKE_PREFIX_PATH}:/workspace/simpleav/20251204/install/system:/workspace/simpleav/20251204/install/simple_av_logger:/workspace/simpleav/20251204/install/simple_av:/workspace/simpleav/20251204/install/planning:/workspace/simpleav/20251204/install/perception:/workspace/simpleav/20251204/install/localization:/workspace/simpleav/20251204/install/control:/workspace/simpleav/20251204/install/common:/opt/ros/humble /usr/bin/cmake --build /workspace/simpleav/20251204/src/simple_av/build/autoware_system_msgs -- -j52 -l52
[5.367s] DEBUG:colcon.colcon_core.event_handler.log_command:Invoked command in '/workspace/simpleav/20251204/src/simple_av/build/autoware_sensing_msgs' returned '0': CMAKE_PREFIX_PATH=${CMAKE_PREFIX_PATH}:/workspace/simpleav/20251204/install/system:/workspace/simpleav/20251204/install/simple_av_logger:/workspace/simpleav/20251204/install/simple_av:/workspace/simpleav/20251204/install/planning:/workspace/simpleav/20251204/install/perception:/workspace/simpleav/20251204/install/localization:/workspace/simpleav/20251204/install/control:/workspace/simpleav/20251204/install/common:/opt/ros/humble /usr/bin/cmake /workspace/simpleav/20251204/src/simple_av/src/messages/autoware_msgs/autoware_sensing_msgs -DAMENT_CMAKE_SYMLINK_INSTALL=1 -DCMAKE_INSTALL_PREFIX=/workspace/simpleav/20251204/src/simple_av/install/autoware_sensing_msgs
[5.370s] DEBUG:colcon.colcon_core.event_handler.log_command:Invoking command in '/workspace/simpleav/20251204/src/simple_av/build/autoware_sensing_msgs': CMAKE_PREFIX_PATH=${CMAKE_PREFIX_PATH}:/workspace/simpleav/20251204/install/system:/workspace/simpleav/20251204/install/simple_av_logger:/workspace/simpleav/20251204/install/simple_av:/workspace/simpleav/20251204/install/planning:/workspace/simpleav/20251204/install/perception:/workspace/simpleav/20251204/install/localization:/workspace/simpleav/20251204/install/control:/workspace/simpleav/20251204/install/common:/opt/ros/humble /usr/bin/cmake --build /workspace/simpleav/20251204/src/simple_av/build/autoware_sensing_msgs -- -j52 -l52
[5.520s] DEBUG:colcon.colcon_core.event_handler.log_command:Invoked command in '/workspace/simpleav/20251204/src/simple_av/build/autoware_map_msgs' returned '0': CMAKE_PREFIX_PATH=${CMAKE_PREFIX_PATH}:/workspace/simpleav/20251204/install/system:/workspace/simpleav/20251204/install/simple_av_logger:/workspace/simpleav/20251204/install/simple_av:/workspace/simpleav/20251204/install/planning:/workspace/simpleav/20251204/install/perception:/workspace/simpleav/20251204/install/localization:/workspace/simpleav/20251204/install/control:/workspace/simpleav/20251204/install/common:/opt/ros/humble /usr/bin/cmake /workspace/simpleav/20251204/src/simple_av/src/messages/autoware_msgs/autoware_map_msgs -DAMENT_CMAKE_SYMLINK_INSTALL=1 -DCMAKE_INSTALL_PREFIX=/workspace/simpleav/20251204/src/simple_av/install/autoware_map_msgs
[5.521s] DEBUG:colcon.colcon_core.event_handler.log_command:Invoking command in '/workspace/simpleav/20251204/src/simple_av/build/autoware_map_msgs': CMAKE_PREFIX_PATH=${CMAKE_PREFIX_PATH}:/workspace/simpleav/20251204/install/system:/workspace/simpleav/20251204/install/simple_av_logger:/workspace/simpleav/20251204/install/simple_av:/workspace/simpleav/20251204/install/planning:/workspace/simpleav/20251204/install/perception:/workspace/simpleav/20251204/install/localization:/workspace/simpleav/20251204/install/control:/workspace/simpleav/20251204/install/common:/opt/ros/humble /usr/bin/cmake --build /workspace/simpleav/20251204/src/simple_av/build/autoware_map_msgs -- -j52 -l52
[5.859s] DEBUG:colcon.colcon_core.event_handler.log_command:Invoked command in '/workspace/simpleav/20251204/src/simple_av/build/tier4_external_api_msgs' returned '0': CMAKE_PREFIX_PATH=${CMAKE_PREFIX_PATH}:/workspace/simpleav/20251204/install/system:/workspace/simpleav/20251204/install/simple_av_logger:/workspace/simpleav/20251204/install/simple_av:/workspace/simpleav/20251204/install/planning:/workspace/simpleav/20251204/install/perception:/workspace/simpleav/20251204/install/localization:/workspace/simpleav/20251204/install/control:/workspace/simpleav/20251204/install/common:/opt/ros/humble /usr/bin/cmake /workspace/simpleav/20251204/src/simple_av/src/visualization/simulator/tier4_external_api_msgs -DAMENT_CMAKE_SYMLINK_INSTALL=1 -DCMAKE_INSTALL_PREFIX=/workspace/simpleav/20251204/src/simple_av/install/tier4_external_api_msgs
[5.861s] DEBUG:colcon.colcon_core.event_handler.log_command:Invoking command in '/workspace/simpleav/20251204/src/simple_av/build/tier4_external_api_msgs': CMAKE_PREFIX_PATH=${CMAKE_PREFIX_PATH}:/workspace/simpleav/20251204/install/system:/workspace/simpleav/20251204/install/simple_av_logger:/workspace/simpleav/20251204/install/simple_av:/workspace/simpleav/20251204/install/planning:/workspace/simpleav/20251204/install/perception:/workspace/simpleav/20251204/install/localization:/workspace/simpleav/20251204/install/control:/workspace/simpleav/20251204/install/common:/opt/ros/humble /usr/bin/cmake --build /workspace/simpleav/20251204/src/simple_av/build/tier4_external_api_msgs -- -j52 -l52
[5.950s] DEBUG:colcon.colcon_core.event_handler.log_command:Invoked command in '/workspace/simpleav/20251204/src/simple_av/build/autoware_adapi_v1_msgs' returned '0': CMAKE_PREFIX_PATH=${CMAKE_PREFIX_PATH}:/workspace/simpleav/20251204/install/system:/workspace/simpleav/20251204/install/simple_av_logger:/workspace/simpleav/20251204/install/simple_av:/workspace/simpleav/20251204/install/planning:/workspace/simpleav/20251204/install/perception:/workspace/simpleav/20251204/install/localization:/workspace/simpleav/20251204/install/control:/workspace/simpleav/20251204/install/common:/opt/ros/humble /usr/bin/cmake /workspace/simpleav/20251204/src/simple_av/src/visualization/simulator/autoware_adapi_msgs/autoware_adapi_v1_msgs -DAMENT_CMAKE_SYMLINK_INSTALL=1 -DCMAKE_INSTALL_PREFIX=/workspace/simpleav/20251204/src/simple_av/install/autoware_adapi_v1_msgs
[5.950s] DEBUG:colcon.colcon_core.event_handler.log_command:Invoking command in '/workspace/simpleav/20251204/src/simple_av/build/autoware_adapi_v1_msgs': CMAKE_PREFIX_PATH=${CMAKE_PREFIX_PATH}:/workspace/simpleav/20251204/install/system:/workspace/simpleav/20251204/install/simple_av_logger:/workspace/simpleav/20251204/install/simple_av:/workspace/simpleav/20251204/install/planning:/workspace/simpleav/20251204/install/perception:/workspace/simpleav/20251204/install/localization:/workspace/simpleav/20251204/install/control:/workspace/simpleav/20251204/install/common:/opt/ros/humble /usr/bin/cmake --build /workspace/simpleav/20251204/src/simple_av/build/autoware_adapi_v1_msgs -- -j52 -l52
[6.249s] DEBUG:colcon.colcon_core.event_handler.log_command:Invoked command in '/workspace/simpleav/20251204/src/simple_av/build/simple_av_msgs' returned '0': CMAKE_PREFIX_PATH=${CMAKE_PREFIX_PATH}:/workspace/simpleav/20251204/install/system:/workspace/simpleav/20251204/install/simple_av_logger:/workspace/simpleav/20251204/install/simple_av:/workspace/simpleav/20251204/install/planning:/workspace/simpleav/20251204/install/perception:/workspace/simpleav/20251204/install/localization:/workspace/simpleav/20251204/install/control:/workspace/simpleav/20251204/install/common:/opt/ros/humble /usr/bin/cmake /workspace/simpleav/20251204/src/simple_av/src/messages/simple_av_msgs -DAMENT_CMAKE_SYMLINK_INSTALL=1 -DCMAKE_INSTALL_PREFIX=/workspace/simpleav/20251204/src/simple_av/install/simple_av_msgs
[6.249s] DEBUG:colcon.colcon_core.event_handler.log_command:Invoking command in '/workspace/simpleav/20251204/src/simple_av/build/simple_av_msgs': CMAKE_PREFIX_PATH=${CMAKE_PREFIX_PATH}:/workspace/simpleav/20251204/install/system:/workspace/simpleav/20251204/install/simple_av_logger:/workspace/simpleav/20251204/install/simple_av:/workspace/simpleav/20251204/install/planning:/workspace/simpleav/20251204/install/perception:/workspace/simpleav/20251204/install/localization:/workspace/simpleav/20251204/install/control:/workspace/simpleav/20251204/install/common:/opt/ros/humble /usr/bin/cmake --build /workspace/simpleav/20251204/src/simple_av/build/simple_av_msgs -- -j52 -l52
[6.949s] DEBUG:colcon.colcon_core.event_handler.log_command:Invoked command in '/workspace/simpleav/20251204/src/simple_av/build/autoware_adapi_specs' returned '0': AMENT_PREFIX_PATH=/workspace/simpleav/20251204/src/simple_av/install/autoware_cmake:/workspace/simpleav/20251204/src/simple_av/install/autoware_lint_common:${AMENT_PREFIX_PATH} CMAKE_PREFIX_PATH=/workspace/simpleav/20251204/src/simple_av/install/autoware_cmake:/workspace/simpleav/20251204/src/simple_av/install/autoware_lint_common:/workspace/simpleav/20251204/install/v2x_msgs:/workspace/simpleav/20251204/install/tier4_vehicle_rviz_plugin:/workspace/simpleav/20251204/install/tier4_traffic_light_rviz_plugin:/workspace/simpleav/20251204/install/tier4_system_rviz_plugin:/workspace/simpleav/20251204/install/tier4_camera_view_rviz_plugin:/workspace/simpleav/20251204/install/tier4_adapi_rviz_plugin:/workspace/simpleav/20251204/install/autoware_component_interface_utils:/workspace/simpleav/20251204/install/tier4_system_msgs:/workspace/simpleav/20251204/install/tier4_state_rviz_plugin:/workspace/simpleav/20251204/install/tier4_dummy_object_rviz_plugin:/workspace/simpleav/20251204/install/tier4_simulation_msgs:/workspace/simpleav/20251204/install/tier4_planning_rviz_plugin:/workspace/simpleav/20251204/install/tier4_planning_factor_rviz_plugin:/workspace/simpleav/20251204/install/tier4_localization_rviz_plugin:/workspace/simpleav/20251204/install/tier4_external_api_msgs:/workspace/simpleav/20251204/install/tier4_datetime_rviz_plugin:/workspace/simpleav/20251204/install/simple_av_msgs:/workspace/simpleav/20251204/install/autoware_overlay_rviz_plugin:/workspace/simpleav/20251204/install/autoware_motion_utils:/workspace/simpleav/20251204/install/autoware_map_loader:/workspace/simpleav/20251204/install/autoware_component_interface_specs:/workspace/simpleav/20251204/install/autoware_vehicle_msgs:/workspace/simpleav/20251204/install/autoware_vehicle_info_utils:/workspace/simpleav/20251204/install/autoware_utils:/workspace/simpleav/20251204/install/autoware_utils_visualization:/workspace/simpleav/20251204/install/autoware_utils_uuid:/workspace/simpleav/20251204/install/autoware_utils_pcl:/workspace/simpleav/20251204/install/autoware_utils_tf:/workspace/simpleav/20251204/install/autoware_utils_debug:/workspace/simpleav/20251204/install/autoware_utils_system:/workspace/simpleav/20251204/install/autoware_utils_rclcpp:/workspace/simpleav/20251204/install/autoware_interpolation:/workspace/simpleav/20251204/install/autoware_utils_geometry:/workspace/simpleav/20251204/install/autoware_utils_math:/workspace/simpleav/20251204/install/autoware_utils_logging:/workspace/simpleav/20251204/install/autoware_utils_diagnostics:/workspace/simpleav/20251204/install/autoware_system_msgs:/workspace/simpleav/20251204/install/autoware_string_stamped_rviz_plugin:/workspace/simpleav/20251204/install/autoware_sensing_msgs:/workspace/simpleav/20251204/install/autoware_polar_grid:/workspace/simpleav/20251204/install/autoware_mission_details_overlay_rviz_plugin:/workspace/simpleav/20251204/install/autoware_lanelet2_map_visualizer:/workspace/simpleav/20251204/install/autoware_lanelet2_extension_python:/workspace/simpleav/20251204/install/autoware_geography_utils:/workspace/simpleav/20251204/install/autoware_lanelet2_extension:/workspace/simpleav/20251204/install/autoware_internal_msgs:/workspace/simpleav/20251204/install/autoware_internal_planning_msgs:/workspace/simpleav/20251204/install/autoware_planning_msgs:/workspace/simpleav/20251204/install/autoware_perception_rviz_plugin:/workspace/simpleav/20251204/install/autoware_internal_perception_msgs:/workspace/simpleav/20251204/install/autoware_perception_msgs:/workspace/simpleav/20251204/install/autoware_map_msgs:/workspace/simpleav/20251204/install/autoware_localization_msgs:/workspace/simpleav/20251204/install/autoware_lint_common:/workspace/simpleav/20251204/install/autoware_internal_metric_msgs:/workspace/simpleav/20251204/install/autoware_internal_localization_msgs:/workspace/simpleav/20251204/install/autoware_internal_debug_msgs:/workspace/simpleav/20251204/install/autoware_control_msgs:/workspace/simpleav/20251204/install/autoware_common_msgs:/workspace/simpleav/20251204/install/autoware_cmake:/workspace/simpleav/20251204/install/autoware_bag_time_manager_rviz_plugin:/workspace/simpleav/20251204/install/autoware_adapi_version_msgs:/workspace/simpleav/20251204/install/autoware_adapi_v1_msgs:/workspace/simpleav/20251204/install/autoware_adapi_specs:/workspace/simpleav/20251204/install/system:/workspace/simpleav/20251204/install/simple_av_logger:/workspace/simpleav/20251204/install/simple_av:/workspace/simpleav/20251204/install/planning:/workspace/simpleav/20251204/install/perception:/workspace/simpleav/20251204/install/localization:/workspace/simpleav/20251204/install/control:/workspace/simpleav/20251204/install/common:/opt/ros/humble /usr/bin/cmake /workspace/simpleav/20251204/src/simple_av/src/visualization/simulator/autoware_adapi_specs -DAMENT_CMAKE_SYMLINK_INSTALL=1 -DCMAKE_INSTALL_PREFIX=/workspace/simpleav/20251204/src/simple_av/install/autoware_adapi_specs
[6.950s] DEBUG:colcon.colcon_core.event_handler.log_command:Invoking command in '/workspace/simpleav/20251204/src/simple_av/build/autoware_adapi_specs': AMENT_PREFIX_PATH=/workspace/simpleav/20251204/src/simple_av/install/autoware_cmake:/workspace/simpleav/20251204/src/simple_av/install/autoware_lint_common:${AMENT_PREFIX_PATH} CMAKE_PREFIX_PATH=/workspace/simpleav/20251204/src/simple_av/install/autoware_cmake:/workspace/simpleav/20251204/src/simple_av/install/autoware_lint_common:/workspace/simpleav/20251204/install/v2x_msgs:/workspace/simpleav/20251204/install/tier4_vehicle_rviz_plugin:/workspace/simpleav/20251204/install/tier4_traffic_light_rviz_plugin:/workspace/simpleav/20251204/install/tier4_system_rviz_plugin:/workspace/simpleav/20251204/install/tier4_camera_view_rviz_plugin:/workspace/simpleav/20251204/install/tier4_adapi_rviz_plugin:/workspace/simpleav/20251204/install/autoware_component_interface_utils:/workspace/simpleav/20251204/install/tier4_system_msgs:/workspace/simpleav/20251204/install/tier4_state_rviz_plugin:/workspace/simpleav/20251204/install/tier4_dummy_object_rviz_plugin:/workspace/simpleav/20251204/install/tier4_simulation_msgs:/workspace/simpleav/20251204/install/tier4_planning_rviz_plugin:/workspace/simpleav/20251204/install/tier4_planning_factor_rviz_plugin:/workspace/simpleav/20251204/install/tier4_localization_rviz_plugin:/workspace/simpleav/20251204/install/tier4_external_api_msgs:/workspace/simpleav/20251204/install/tier4_datetime_rviz_plugin:/workspace/simpleav/20251204/install/simple_av_msgs:/workspace/simpleav/20251204/install/autoware_overlay_rviz_plugin:/workspace/simpleav/20251204/install/autoware_motion_utils:/workspace/simpleav/20251204/install/autoware_map_loader:/workspace/simpleav/20251204/install/autoware_component_interface_specs:/workspace/simpleav/20251204/install/autoware_vehicle_msgs:/workspace/simpleav/20251204/install/autoware_vehicle_info_utils:/workspace/simpleav/20251204/install/autoware_utils:/workspace/simpleav/20251204/install/autoware_utils_visualization:/workspace/simpleav/20251204/install/autoware_utils_uuid:/workspace/simpleav/20251204/install/autoware_utils_pcl:/workspace/simpleav/20251204/install/autoware_utils_tf:/workspace/simpleav/20251204/install/autoware_utils_debug:/workspace/simpleav/20251204/install/autoware_utils_system:/workspace/simpleav/20251204/install/autoware_utils_rclcpp:/workspace/simpleav/20251204/install/autoware_interpolation:/workspace/simpleav/20251204/install/autoware_utils_geometry:/workspace/simpleav/20251204/install/autoware_utils_math:/workspace/simpleav/20251204/install/autoware_utils_logging:/workspace/simpleav/20251204/install/autoware_utils_diagnostics:/workspace/simpleav/20251204/install/autoware_system_msgs:/workspace/simpleav/20251204/install/autoware_string_stamped_rviz_plugin:/workspace/simpleav/20251204/install/autoware_sensing_msgs:/workspace/simpleav/20251204/install/autoware_polar_grid:/workspace/simpleav/20251204/install/autoware_mission_details_overlay_rviz_plugin:/workspace/simpleav/20251204/install/autoware_lanelet2_map_visualizer:/workspace/simpleav/20251204/install/autoware_lanelet2_extension_python:/workspace/simpleav/20251204/install/autoware_geography_utils:/workspace/simpleav/20251204/install/autoware_lanelet2_extension:/workspace/simpleav/20251204/install/autoware_internal_msgs:/workspace/simpleav/20251204/install/autoware_internal_planning_msgs:/workspace/simpleav/20251204/install/autoware_planning_msgs:/workspace/simpleav/20251204/install/autoware_perception_rviz_plugin:/workspace/simpleav/20251204/install/autoware_internal_perception_msgs:/workspace/simpleav/20251204/install/autoware_perception_msgs:/workspace/simpleav/20251204/install/autoware_map_msgs:/workspace/simpleav/20251204/install/autoware_localization_msgs:/workspace/simpleav/20251204/install/autoware_lint_common:/workspace/simpleav/20251204/install/autoware_internal_metric_msgs:/workspace/simpleav/20251204/install/autoware_internal_localization_msgs:/workspace/simpleav/20251204/install/autoware_internal_debug_msgs:/workspace/simpleav/20251204/install/autoware_control_msgs:/workspace/simpleav/20251204/install/autoware_common_msgs:/workspace/simpleav/20251204/install/autoware_cmake:/workspace/simpleav/20251204/install/autoware_bag_time_manager_rviz_plugin:/workspace/simpleav/20251204/install/autoware_adapi_version_msgs:/workspace/simpleav/20251204/install/autoware_adapi_v1_msgs:/workspace/simpleav/20251204/install/autoware_adapi_specs:/workspace/simpleav/20251204/install/system:/workspace/simpleav/20251204/install/simple_av_logger:/workspace/simpleav/20251204/install/simple_av:/workspace/simpleav/20251204/install/planning:/workspace/simpleav/20251204/install/perception:/workspace/simpleav/20251204/install/localization:/workspace/simpleav/20251204/install/control:/workspace/simpleav/20251204/install/common:/opt/ros/humble /usr/bin/cmake --build /workspace/simpleav/20251204/src/simple_av/build/autoware_adapi_specs -- -j52 -l52
[7.702s] DEBUG:colcon.colcon_core.event_handler.log_command:Invoked command in '/workspace/simpleav/20251204/src/simple_av/build/autoware_utils_math' returned '0': AMENT_PREFIX_PATH=/workspace/simpleav/20251204/src/simple_av/install/autoware_cmake:/workspace/simpleav/20251204/src/simple_av/install/autoware_lint_common:${AMENT_PREFIX_PATH} CMAKE_PREFIX_PATH=/workspace/simpleav/20251204/src/simple_av/install/autoware_cmake:/workspace/simpleav/20251204/src/simple_av/install/autoware_lint_common:/workspace/simpleav/20251204/install/v2x_msgs:/workspace/simpleav/20251204/install/tier4_vehicle_rviz_plugin:/workspace/simpleav/20251204/install/tier4_traffic_light_rviz_plugin:/workspace/simpleav/20251204/install/tier4_system_rviz_plugin:/workspace/simpleav/20251204/install/tier4_camera_view_rviz_plugin:/workspace/simpleav/20251204/install/tier4_adapi_rviz_plugin:/workspace/simpleav/20251204/install/autoware_component_interface_utils:/workspace/simpleav/20251204/install/tier4_system_msgs:/workspace/simpleav/20251204/install/tier4_state_rviz_plugin:/workspace/simpleav/20251204/install/tier4_dummy_object_rviz_plugin:/workspace/simpleav/20251204/install/tier4_simulation_msgs:/workspace/simpleav/20251204/install/tier4_planning_rviz_plugin:/workspace/simpleav/20251204/install/tier4_planning_factor_rviz_plugin:/workspace/simpleav/20251204/install/tier4_localization_rviz_plugin:/workspace/simpleav/20251204/install/tier4_external_api_msgs:/workspace/simpleav/20251204/install/tier4_datetime_rviz_plugin:/workspace/simpleav/20251204/install/simple_av_msgs:/workspace/simpleav/20251204/install/autoware_overlay_rviz_plugin:/workspace/simpleav/20251204/install/autoware_motion_utils:/workspace/simpleav/20251204/install/autoware_map_loader:/workspace/simpleav/20251204/install/autoware_component_interface_specs:/workspace/simpleav/20251204/install/autoware_vehicle_msgs:/workspace/simpleav/20251204/install/autoware_vehicle_info_utils:/workspace/simpleav/20251204/install/autoware_utils:/workspace/simpleav/20251204/install/autoware_utils_visualization:/workspace/simpleav/20251204/install/autoware_utils_uuid:/workspace/simpleav/20251204/install/autoware_utils_pcl:/workspace/simpleav/20251204/install/autoware_utils_tf:/workspace/simpleav/20251204/install/autoware_utils_debug:/workspace/simpleav/20251204/install/autoware_utils_system:/workspace/simpleav/20251204/install/autoware_utils_rclcpp:/workspace/simpleav/20251204/install/autoware_interpolation:/workspace/simpleav/20251204/install/autoware_utils_geometry:/workspace/simpleav/20251204/install/autoware_utils_math:/workspace/simpleav/20251204/install/autoware_utils_logging:/workspace/simpleav/20251204/install/autoware_utils_diagnostics:/workspace/simpleav/20251204/install/autoware_system_msgs:/workspace/simpleav/20251204/install/autoware_string_stamped_rviz_plugin:/workspace/simpleav/20251204/install/autoware_sensing_msgs:/workspace/simpleav/20251204/install/autoware_polar_grid:/workspace/simpleav/20251204/install/autoware_mission_details_overlay_rviz_plugin:/workspace/simpleav/20251204/install/autoware_lanelet2_map_visualizer:/workspace/simpleav/20251204/install/autoware_lanelet2_extension_python:/workspace/simpleav/20251204/install/autoware_geography_utils:/workspace/simpleav/20251204/install/autoware_lanelet2_extension:/workspace/simpleav/20251204/install/autoware_internal_msgs:/workspace/simpleav/20251204/install/autoware_internal_planning_msgs:/workspace/simpleav/20251204/install/autoware_planning_msgs:/workspace/simpleav/20251204/install/autoware_perception_rviz_plugin:/workspace/simpleav/20251204/install/autoware_internal_perception_msgs:/workspace/simpleav/20251204/install/autoware_perception_msgs:/workspace/simpleav/20251204/install/autoware_map_msgs:/workspace/simpleav/20251204/install/autoware_localization_msgs:/workspace/simpleav/20251204/install/autoware_lint_common:/workspace/simpleav/20251204/install/autoware_internal_metric_msgs:/workspace/simpleav/20251204/install/autoware_internal_localization_msgs:/workspace/simpleav/20251204/install/autoware_internal_debug_msgs:/workspace/simpleav/20251204/install/autoware_control_msgs:/workspace/simpleav/20251204/install/autoware_common_msgs:/workspace/simpleav/20251204/install/autoware_cmake:/workspace/simpleav/20251204/install/autoware_bag_time_manager_rviz_plugin:/workspace/simpleav/20251204/install/autoware_adapi_version_msgs:/workspace/simpleav/20251204/install/autoware_adapi_v1_msgs:/workspace/simpleav/20251204/install/autoware_adapi_specs:/workspace/simpleav/20251204/install/system:/workspace/simpleav/20251204/install/simple_av_logger:/workspace/simpleav/20251204/install/simple_av:/workspace/simpleav/20251204/install/planning:/workspace/simpleav/20251204/install/perception:/workspace/simpleav/20251204/install/localization:/workspace/simpleav/20251204/install/control:/workspace/simpleav/20251204/install/common:/opt/ros/humble /usr/bin/cmake /workspace/simpleav/20251204/src/simple_av/src/visualization/core/autoware_utils/autoware_utils_math -DAMENT_CMAKE_SYMLINK_INSTALL=1 -DCMAKE_INSTALL_PREFIX=/workspace/simpleav/20251204/src/simple_av/install/autoware_utils_math
[7.702s] DEBUG:colcon.colcon_core.event_handler.log_command:Invoking command in '/workspace/simpleav/20251204/src/simple_av/build/autoware_utils_math': AMENT_PREFIX_PATH=/workspace/simpleav/20251204/src/simple_av/install/autoware_cmake:/workspace/simpleav/20251204/src/simple_av/install/autoware_lint_common:${AMENT_PREFIX_PATH} CMAKE_PREFIX_PATH=/workspace/simpleav/20251204/src/simple_av/install/autoware_cmake:/workspace/simpleav/20251204/src/simple_av/install/autoware_lint_common:/workspace/simpleav/20251204/install/v2x_msgs:/workspace/simpleav/20251204/install/tier4_vehicle_rviz_plugin:/workspace/simpleav/20251204/install/tier4_traffic_light_rviz_plugin:/workspace/simpleav/20251204/install/tier4_system_rviz_plugin:/workspace/simpleav/20251204/install/tier4_camera_view_rviz_plugin:/workspace/simpleav/20251204/install/tier4_adapi_rviz_plugin:/workspace/simpleav/20251204/install/autoware_component_interface_utils:/workspace/simpleav/20251204/install/tier4_system_msgs:/workspace/simpleav/20251204/install/tier4_state_rviz_plugin:/workspace/simpleav/20251204/install/tier4_dummy_object_rviz_plugin:/workspace/simpleav/20251204/install/tier4_simulation_msgs:/workspace/simpleav/20251204/install/tier4_planning_rviz_plugin:/workspace/simpleav/20251204/install/tier4_planning_factor_rviz_plugin:/workspace/simpleav/20251204/install/tier4_localization_rviz_plugin:/workspace/simpleav/20251204/install/tier4_external_api_msgs:/workspace/simpleav/20251204/install/tier4_datetime_rviz_plugin:/workspace/simpleav/20251204/install/simple_av_msgs:/workspace/simpleav/20251204/install/autoware_overlay_rviz_plugin:/workspace/simpleav/20251204/install/autoware_motion_utils:/workspace/simpleav/20251204/install/autoware_map_loader:/workspace/simpleav/20251204/install/autoware_component_interface_specs:/workspace/simpleav/20251204/install/autoware_vehicle_msgs:/workspace/simpleav/20251204/install/autoware_vehicle_info_utils:/workspace/simpleav/20251204/install/autoware_utils:/workspace/simpleav/20251204/install/autoware_utils_visualization:/workspace/simpleav/20251204/install/autoware_utils_uuid:/workspace/simpleav/20251204/install/autoware_utils_pcl:/workspace/simpleav/20251204/install/autoware_utils_tf:/workspace/simpleav/20251204/install/autoware_utils_debug:/workspace/simpleav/20251204/install/autoware_utils_system:/workspace/simpleav/20251204/install/autoware_utils_rclcpp:/workspace/simpleav/20251204/install/autoware_interpolation:/workspace/simpleav/20251204/install/autoware_utils_geometry:/workspace/simpleav/20251204/install/autoware_utils_math:/workspace/simpleav/20251204/install/autoware_utils_logging:/workspace/simpleav/20251204/install/autoware_utils_diagnostics:/workspace/simpleav/20251204/install/autoware_system_msgs:/workspace/simpleav/20251204/install/autoware_string_stamped_rviz_plugin:/workspace/simpleav/20251204/install/autoware_sensing_msgs:/workspace/simpleav/20251204/install/autoware_polar_grid:/workspace/simpleav/20251204/install/autoware_mission_details_overlay_rviz_plugin:/workspace/simpleav/20251204/install/autoware_lanelet2_map_visualizer:/workspace/simpleav/20251204/install/autoware_lanelet2_extension_python:/workspace/simpleav/20251204/install/autoware_geography_utils:/workspace/simpleav/20251204/install/autoware_lanelet2_extension:/workspace/simpleav/20251204/install/autoware_internal_msgs:/workspace/simpleav/20251204/install/autoware_internal_planning_msgs:/workspace/simpleav/20251204/install/autoware_planning_msgs:/workspace/simpleav/20251204/install/autoware_perception_rviz_plugin:/workspace/simpleav/20251204/install/autoware_internal_perception_msgs:/workspace/simpleav/20251204/install/autoware_perception_msgs:/workspace/simpleav/20251204/install/autoware_map_msgs:/workspace/simpleav/20251204/install/autoware_localization_msgs:/workspace/simpleav/20251204/install/autoware_lint_common:/workspace/simpleav/20251204/install/autoware_internal_metric_msgs:/workspace/simpleav/20251204/install/autoware_internal_localization_msgs:/workspace/simpleav/20251204/install/autoware_internal_debug_msgs:/workspace/simpleav/20251204/install/autoware_control_msgs:/workspace/simpleav/20251204/install/autoware_common_msgs:/workspace/simpleav/20251204/install/autoware_cmake:/workspace/simpleav/20251204/install/autoware_bag_time_manager_rviz_plugin:/workspace/simpleav/20251204/install/autoware_adapi_version_msgs:/workspace/simpleav/20251204/install/autoware_adapi_v1_msgs:/workspace/simpleav/20251204/install/autoware_adapi_specs:/workspace/simpleav/20251204/install/system:/workspace/simpleav/20251204/install/simple_av_logger:/workspace/simpleav/20251204/install/simple_av:/workspace/simpleav/20251204/install/planning:/workspace/simpleav/20251204/install/perception:/workspace/simpleav/20251204/install/localization:/workspace/simpleav/20251204/install/control:/workspace/simpleav/20251204/install/common:/opt/ros/humble /usr/bin/cmake --build /workspace/simpleav/20251204/src/simple_av/build/autoware_utils_math -- -j52 -l52
[7.776s] DEBUG:colcon.colcon_core.event_handler.log_command:Invoked command in '/workspace/simpleav/20251204/src/simple_av/build/autoware_utils_uuid' returned '0': AMENT_PREFIX_PATH=/workspace/simpleav/20251204/src/simple_av/install/autoware_cmake:/workspace/simpleav/20251204/src/simple_av/install/autoware_lint_common:${AMENT_PREFIX_PATH} CMAKE_PREFIX_PATH=/workspace/simpleav/20251204/src/simple_av/install/autoware_cmake:/workspace/simpleav/20251204/src/simple_av/install/autoware_lint_common:/workspace/simpleav/20251204/install/v2x_msgs:/workspace/simpleav/20251204/install/tier4_vehicle_rviz_plugin:/workspace/simpleav/20251204/install/tier4_traffic_light_rviz_plugin:/workspace/simpleav/20251204/install/tier4_system_rviz_plugin:/workspace/simpleav/20251204/install/tier4_camera_view_rviz_plugin:/workspace/simpleav/20251204/install/tier4_adapi_rviz_plugin:/workspace/simpleav/20251204/install/autoware_component_interface_utils:/workspace/simpleav/20251204/install/tier4_system_msgs:/workspace/simpleav/20251204/install/tier4_state_rviz_plugin:/workspace/simpleav/20251204/install/tier4_dummy_object_rviz_plugin:/workspace/simpleav/20251204/install/tier4_simulation_msgs:/workspace/simpleav/20251204/install/tier4_planning_rviz_plugin:/workspace/simpleav/20251204/install/tier4_planning_factor_rviz_plugin:/workspace/simpleav/20251204/install/tier4_localization_rviz_plugin:/workspace/simpleav/20251204/install/tier4_external_api_msgs:/workspace/simpleav/20251204/install/tier4_datetime_rviz_plugin:/workspace/simpleav/20251204/install/simple_av_msgs:/workspace/simpleav/20251204/install/autoware_overlay_rviz_plugin:/workspace/simpleav/20251204/install/autoware_motion_utils:/workspace/simpleav/20251204/install/autoware_map_loader:/workspace/simpleav/20251204/install/autoware_component_interface_specs:/workspace/simpleav/20251204/install/autoware_vehicle_msgs:/workspace/simpleav/20251204/install/autoware_vehicle_info_utils:/workspace/simpleav/20251204/install/autoware_utils:/workspace/simpleav/20251204/install/autoware_utils_visualization:/workspace/simpleav/20251204/install/autoware_utils_uuid:/workspace/simpleav/20251204/install/autoware_utils_pcl:/workspace/simpleav/20251204/install/autoware_utils_tf:/workspace/simpleav/20251204/install/autoware_utils_debug:/workspace/simpleav/20251204/install/autoware_utils_system:/workspace/simpleav/20251204/install/autoware_utils_rclcpp:/workspace/simpleav/20251204/install/autoware_interpolation:/workspace/simpleav/20251204/install/autoware_utils_geometry:/workspace/simpleav/20251204/install/autoware_utils_math:/workspace/simpleav/20251204/install/autoware_utils_logging:/workspace/simpleav/20251204/install/autoware_utils_diagnostics:/workspace/simpleav/20251204/install/autoware_system_msgs:/workspace/simpleav/20251204/install/autoware_string_stamped_rviz_plugin:/workspace/simpleav/20251204/install/autoware_sensing_msgs:/workspace/simpleav/20251204/install/autoware_polar_grid:/workspace/simpleav/20251204/install/autoware_mission_details_overlay_rviz_plugin:/workspace/simpleav/20251204/install/autoware_lanelet2_map_visualizer:/workspace/simpleav/20251204/install/autoware_lanelet2_extension_python:/workspace/simpleav/20251204/install/autoware_geography_utils:/workspace/simpleav/20251204/install/autoware_lanelet2_extension:/workspace/simpleav/20251204/install/autoware_internal_msgs:/workspace/simpleav/20251204/install/autoware_internal_planning_msgs:/workspace/simpleav/20251204/install/autoware_planning_msgs:/workspace/simpleav/20251204/install/autoware_perception_rviz_plugin:/workspace/simpleav/20251204/install/autoware_internal_perception_msgs:/workspace/simpleav/20251204/install/autoware_perception_msgs:/workspace/simpleav/20251204/install/autoware_map_msgs:/workspace/simpleav/20251204/install/autoware_localization_msgs:/workspace/simpleav/20251204/install/autoware_lint_common:/workspace/simpleav/20251204/install/autoware_internal_metric_msgs:/workspace/simpleav/20251204/install/autoware_internal_localization_msgs:/workspace/simpleav/20251204/install/autoware_internal_debug_msgs:/workspace/simpleav/20251204/install/autoware_control_msgs:/workspace/simpleav/20251204/install/autoware_common_msgs:/workspace/simpleav/20251204/install/autoware_cmake:/workspace/simpleav/20251204/install/autoware_bag_time_manager_rviz_plugin:/workspace/simpleav/20251204/install/autoware_adapi_version_msgs:/workspace/simpleav/20251204/install/autoware_adapi_v1_msgs:/workspace/simpleav/20251204/install/autoware_adapi_specs:/workspace/simpleav/20251204/install/system:/workspace/simpleav/20251204/install/simple_av_logger:/workspace/simpleav/20251204/install/simple_av:/workspace/simpleav/20251204/install/planning:/workspace/simpleav/20251204/install/perception:/workspace/simpleav/20251204/install/localization:/workspace/simpleav/20251204/install/control:/workspace/simpleav/20251204/install/common:/opt/ros/humble /usr/bin/cmake /workspace/simpleav/20251204/src/simple_av/src/visualization/core/autoware_utils/autoware_utils_uuid -DAMENT_CMAKE_SYMLINK_INSTALL=1 -DCMAKE_INSTALL_PREFIX=/workspace/simpleav/20251204/src/simple_av/install/autoware_utils_uuid
[7.777s] DEBUG:colcon.colcon_core.event_handler.log_command:Invoking command in '/workspace/simpleav/20251204/src/simple_av/build/autoware_utils_uuid': AMENT_PREFIX_PATH=/workspace/simpleav/20251204/src/simple_av/install/autoware_cmake:/workspace/simpleav/20251204/src/simple_av/install/autoware_lint_common:${AMENT_PREFIX_PATH} CMAKE_PREFIX_PATH=/workspace/simpleav/20251204/src/simple_av/install/autoware_cmake:/workspace/simpleav/20251204/src/simple_av/install/autoware_lint_common:/workspace/simpleav/20251204/install/v2x_msgs:/workspace/simpleav/20251204/install/tier4_vehicle_rviz_plugin:/workspace/simpleav/20251204/install/tier4_traffic_light_rviz_plugin:/workspace/simpleav/20251204/install/tier4_system_rviz_plugin:/workspace/simpleav/20251204/install/tier4_camera_view_rviz_plugin:/workspace/simpleav/20251204/install/tier4_adapi_rviz_plugin:/workspace/simpleav/20251204/install/autoware_component_interface_utils:/workspace/simpleav/20251204/install/tier4_system_msgs:/workspace/simpleav/20251204/install/tier4_state_rviz_plugin:/workspace/simpleav/20251204/install/tier4_dummy_object_rviz_plugin:/workspace/simpleav/20251204/install/tier4_simulation_msgs:/workspace/simpleav/20251204/install/tier4_planning_rviz_plugin:/workspace/simpleav/20251204/install/tier4_planning_factor_rviz_plugin:/workspace/simpleav/20251204/install/tier4_localization_rviz_plugin:/workspace/simpleav/20251204/install/tier4_external_api_msgs:/workspace/simpleav/20251204/install/tier4_datetime_rviz_plugin:/workspace/simpleav/20251204/install/simple_av_msgs:/workspace/simpleav/20251204/install/autoware_overlay_rviz_plugin:/workspace/simpleav/20251204/install/autoware_motion_utils:/workspace/simpleav/20251204/install/autoware_map_loader:/workspace/simpleav/20251204/install/autoware_component_interface_specs:/workspace/simpleav/20251204/install/autoware_vehicle_msgs:/workspace/simpleav/20251204/install/autoware_vehicle_info_utils:/workspace/simpleav/20251204/install/autoware_utils:/workspace/simpleav/20251204/install/autoware_utils_visualization:/workspace/simpleav/20251204/install/autoware_utils_uuid:/workspace/simpleav/20251204/install/autoware_utils_pcl:/workspace/simpleav/20251204/install/autoware_utils_tf:/workspace/simpleav/20251204/install/autoware_utils_debug:/workspace/simpleav/20251204/install/autoware_utils_system:/workspace/simpleav/20251204/install/autoware_utils_rclcpp:/workspace/simpleav/20251204/install/autoware_interpolation:/workspace/simpleav/20251204/install/autoware_utils_geometry:/workspace/simpleav/20251204/install/autoware_utils_math:/workspace/simpleav/20251204/install/autoware_utils_logging:/workspace/simpleav/20251204/install/autoware_utils_diagnostics:/workspace/simpleav/20251204/install/autoware_system_msgs:/workspace/simpleav/20251204/install/autoware_string_stamped_rviz_plugin:/workspace/simpleav/20251204/install/autoware_sensing_msgs:/workspace/simpleav/20251204/install/autoware_polar_grid:/workspace/simpleav/20251204/install/autoware_mission_details_overlay_rviz_plugin:/workspace/simpleav/20251204/install/autoware_lanelet2_map_visualizer:/workspace/simpleav/20251204/install/autoware_lanelet2_extension_python:/workspace/simpleav/20251204/install/autoware_geography_utils:/workspace/simpleav/20251204/install/autoware_lanelet2_extension:/workspace/simpleav/20251204/install/autoware_internal_msgs:/workspace/simpleav/20251204/install/autoware_internal_planning_msgs:/workspace/simpleav/20251204/install/autoware_planning_msgs:/workspace/simpleav/20251204/install/autoware_perception_rviz_plugin:/workspace/simpleav/20251204/install/autoware_internal_perception_msgs:/workspace/simpleav/20251204/install/autoware_perception_msgs:/workspace/simpleav/20251204/install/autoware_map_msgs:/workspace/simpleav/20251204/install/autoware_localization_msgs:/workspace/simpleav/20251204/install/autoware_lint_common:/workspace/simpleav/20251204/install/autoware_internal_metric_msgs:/workspace/simpleav/20251204/install/autoware_internal_localization_msgs:/workspace/simpleav/20251204/install/autoware_internal_debug_msgs:/workspace/simpleav/20251204/install/autoware_control_msgs:/workspace/simpleav/20251204/install/autoware_common_msgs:/workspace/simpleav/20251204/install/autoware_cmake:/workspace/simpleav/20251204/install/autoware_bag_time_manager_rviz_plugin:/workspace/simpleav/20251204/install/autoware_adapi_version_msgs:/workspace/simpleav/20251204/install/autoware_adapi_v1_msgs:/workspace/simpleav/20251204/install/autoware_adapi_specs:/workspace/simpleav/20251204/install/system:/workspace/simpleav/20251204/install/simple_av_logger:/workspace/simpleav/20251204/install/simple_av:/workspace/simpleav/20251204/install/planning:/workspace/simpleav/20251204/install/perception:/workspace/simpleav/20251204/install/localization:/workspace/simpleav/20251204/install/control:/workspace/simpleav/20251204/install/common:/opt/ros/humble /usr/bin/cmake --build /workspace/simpleav/20251204/src/simple_av/build/autoware_utils_uuid -- -j52 -l52
[8.739s] DEBUG:colcon.colcon_core.event_handler.log_command:Invoked command in '/workspace/simpleav/20251204/src/simple_av/build/autoware_utils_logging' returned '0': AMENT_PREFIX_PATH=/workspace/simpleav/20251204/src/simple_av/install/autoware_cmake:/workspace/simpleav/20251204/src/simple_av/install/autoware_lint_common:${AMENT_PREFIX_PATH} CMAKE_PREFIX_PATH=/workspace/simpleav/20251204/src/simple_av/install/autoware_cmake:/workspace/simpleav/20251204/src/simple_av/install/autoware_lint_common:/workspace/simpleav/20251204/install/v2x_msgs:/workspace/simpleav/20251204/install/tier4_vehicle_rviz_plugin:/workspace/simpleav/20251204/install/tier4_traffic_light_rviz_plugin:/workspace/simpleav/20251204/install/tier4_system_rviz_plugin:/workspace/simpleav/20251204/install/tier4_camera_view_rviz_plugin:/workspace/simpleav/20251204/install/tier4_adapi_rviz_plugin:/workspace/simpleav/20251204/install/autoware_component_interface_utils:/workspace/simpleav/20251204/install/tier4_system_msgs:/workspace/simpleav/20251204/install/tier4_state_rviz_plugin:/workspace/simpleav/20251204/install/tier4_dummy_object_rviz_plugin:/workspace/simpleav/20251204/install/tier4_simulation_msgs:/workspace/simpleav/20251204/install/tier4_planning_rviz_plugin:/workspace/simpleav/20251204/install/tier4_planning_factor_rviz_plugin:/workspace/simpleav/20251204/install/tier4_localization_rviz_plugin:/workspace/simpleav/20251204/install/tier4_external_api_msgs:/workspace/simpleav/20251204/install/tier4_datetime_rviz_plugin:/workspace/simpleav/20251204/install/simple_av_msgs:/workspace/simpleav/20251204/install/autoware_overlay_rviz_plugin:/workspace/simpleav/20251204/install/autoware_motion_utils:/workspace/simpleav/20251204/install/autoware_map_loader:/workspace/simpleav/20251204/install/autoware_component_interface_specs:/workspace/simpleav/20251204/install/autoware_vehicle_msgs:/workspace/simpleav/20251204/install/autoware_vehicle_info_utils:/workspace/simpleav/20251204/install/autoware_utils:/workspace/simpleav/20251204/install/autoware_utils_visualization:/workspace/simpleav/20251204/install/autoware_utils_uuid:/workspace/simpleav/20251204/install/autoware_utils_pcl:/workspace/simpleav/20251204/install/autoware_utils_tf:/workspace/simpleav/20251204/install/autoware_utils_debug:/workspace/simpleav/20251204/install/autoware_utils_system:/workspace/simpleav/20251204/install/autoware_utils_rclcpp:/workspace/simpleav/20251204/install/autoware_interpolation:/workspace/simpleav/20251204/install/autoware_utils_geometry:/workspace/simpleav/20251204/install/autoware_utils_math:/workspace/simpleav/20251204/install/autoware_utils_logging:/workspace/simpleav/20251204/install/autoware_utils_diagnostics:/workspace/simpleav/20251204/install/autoware_system_msgs:/workspace/simpleav/20251204/install/autoware_string_stamped_rviz_plugin:/workspace/simpleav/20251204/install/autoware_sensing_msgs:/workspace/simpleav/20251204/install/autoware_polar_grid:/workspace/simpleav/20251204/install/autoware_mission_details_overlay_rviz_plugin:/workspace/simpleav/20251204/install/autoware_lanelet2_map_visualizer:/workspace/simpleav/20251204/install/autoware_lanelet2_extension_python:/workspace/simpleav/20251204/install/autoware_geography_utils:/workspace/simpleav/20251204/install/autoware_lanelet2_extension:/workspace/simpleav/20251204/install/autoware_internal_msgs:/workspace/simpleav/20251204/install/autoware_internal_planning_msgs:/workspace/simpleav/20251204/install/autoware_planning_msgs:/workspace/simpleav/20251204/install/autoware_perception_rviz_plugin:/workspace/simpleav/20251204/install/autoware_internal_perception_msgs:/workspace/simpleav/20251204/install/autoware_perception_msgs:/workspace/simpleav/20251204/install/autoware_map_msgs:/workspace/simpleav/20251204/install/autoware_localization_msgs:/workspace/simpleav/20251204/install/autoware_lint_common:/workspace/simpleav/20251204/install/autoware_internal_metric_msgs:/workspace/simpleav/20251204/install/autoware_internal_localization_msgs:/workspace/simpleav/20251204/install/autoware_internal_debug_msgs:/workspace/simpleav/20251204/install/autoware_control_msgs:/workspace/simpleav/20251204/install/autoware_common_msgs:/workspace/simpleav/20251204/install/autoware_cmake:/workspace/simpleav/20251204/install/autoware_bag_time_manager_rviz_plugin:/workspace/simpleav/20251204/install/autoware_adapi_version_msgs:/workspace/simpleav/20251204/install/autoware_adapi_v1_msgs:/workspace/simpleav/20251204/install/autoware_adapi_specs:/workspace/simpleav/20251204/install/system:/workspace/simpleav/20251204/install/simple_av_logger:/workspace/simpleav/20251204/install/simple_av:/workspace/simpleav/20251204/install/planning:/workspace/simpleav/20251204/install/perception:/workspace/simpleav/20251204/install/localization:/workspace/simpleav/20251204/install/control:/workspace/simpleav/20251204/install/common:/opt/ros/humble /usr/bin/cmake /workspace/simpleav/20251204/src/simple_av/src/visualization/core/autoware_utils/autoware_utils_logging -DAMENT_CMAKE_SYMLINK_INSTALL=1 -DCMAKE_INSTALL_PREFIX=/workspace/simpleav/20251204/src/simple_av/install/autoware_utils_logging
[8.747s] DEBUG:colcon.colcon_core.event_handler.log_command:Invoking command in '/workspace/simpleav/20251204/src/simple_av/build/autoware_utils_logging': AMENT_PREFIX_PATH=/workspace/simpleav/20251204/src/simple_av/install/autoware_cmake:/workspace/simpleav/20251204/src/simple_av/install/autoware_lint_common:${AMENT_PREFIX_PATH} CMAKE_PREFIX_PATH=/workspace/simpleav/20251204/src/simple_av/install/autoware_cmake:/workspace/simpleav/20251204/src/simple_av/install/autoware_lint_common:/workspace/simpleav/20251204/install/v2x_msgs:/workspace/simpleav/20251204/install/tier4_vehicle_rviz_plugin:/workspace/simpleav/20251204/install/tier4_traffic_light_rviz_plugin:/workspace/simpleav/20251204/install/tier4_system_rviz_plugin:/workspace/simpleav/20251204/install/tier4_camera_view_rviz_plugin:/workspace/simpleav/20251204/install/tier4_adapi_rviz_plugin:/workspace/simpleav/20251204/install/autoware_component_interface_utils:/workspace/simpleav/20251204/install/tier4_system_msgs:/workspace/simpleav/20251204/install/tier4_state_rviz_plugin:/workspace/simpleav/20251204/install/tier4_dummy_object_rviz_plugin:/workspace/simpleav/20251204/install/tier4_simulation_msgs:/workspace/simpleav/20251204/install/tier4_planning_rviz_plugin:/workspace/simpleav/20251204/install/tier4_planning_factor_rviz_plugin:/workspace/simpleav/20251204/install/tier4_localization_rviz_plugin:/workspace/simpleav/20251204/install/tier4_external_api_msgs:/workspace/simpleav/20251204/install/tier4_datetime_rviz_plugin:/workspace/simpleav/20251204/install/simple_av_msgs:/workspace/simpleav/20251204/install/autoware_overlay_rviz_plugin:/workspace/simpleav/20251204/install/autoware_motion_utils:/workspace/simpleav/20251204/install/autoware_map_loader:/workspace/simpleav/20251204/install/autoware_component_interface_specs:/workspace/simpleav/20251204/install/autoware_vehicle_msgs:/workspace/simpleav/20251204/install/autoware_vehicle_info_utils:/workspace/simpleav/20251204/install/autoware_utils:/workspace/simpleav/20251204/install/autoware_utils_visualization:/workspace/simpleav/20251204/install/autoware_utils_uuid:/workspace/simpleav/20251204/install/autoware_utils_pcl:/workspace/simpleav/20251204/install/autoware_utils_tf:/workspace/simpleav/20251204/install/autoware_utils_debug:/workspace/simpleav/20251204/install/autoware_utils_system:/workspace/simpleav/20251204/install/autoware_utils_rclcpp:/workspace/simpleav/20251204/install/autoware_interpolation:/workspace/simpleav/20251204/install/autoware_utils_geometry:/workspace/simpleav/20251204/install/autoware_utils_math:/workspace/simpleav/20251204/install/autoware_utils_logging:/workspace/simpleav/20251204/install/autoware_utils_diagnostics:/workspace/simpleav/20251204/install/autoware_system_msgs:/workspace/simpleav/20251204/install/autoware_string_stamped_rviz_plugin:/workspace/simpleav/20251204/install/autoware_sensing_msgs:/workspace/simpleav/20251204/install/autoware_polar_grid:/workspace/simpleav/20251204/install/autoware_mission_details_overlay_rviz_plugin:/workspace/simpleav/20251204/install/autoware_lanelet2_map_visualizer:/workspace/simpleav/20251204/install/autoware_lanelet2_extension_python:/workspace/simpleav/20251204/install/autoware_geography_utils:/workspace/simpleav/20251204/install/autoware_lanelet2_extension:/workspace/simpleav/20251204/install/autoware_internal_msgs:/workspace/simpleav/20251204/install/autoware_internal_planning_msgs:/workspace/simpleav/20251204/install/autoware_planning_msgs:/workspace/simpleav/20251204/install/autoware_perception_rviz_plugin:/workspace/simpleav/20251204/install/autoware_internal_perception_msgs:/workspace/simpleav/20251204/install/autoware_perception_msgs:/workspace/simpleav/20251204/install/autoware_map_msgs:/workspace/simpleav/20251204/install/autoware_localization_msgs:/workspace/simpleav/20251204/install/autoware_lint_common:/workspace/simpleav/20251204/install/autoware_internal_metric_msgs:/workspace/simpleav/20251204/install/autoware_internal_localization_msgs:/workspace/simpleav/20251204/install/autoware_internal_debug_msgs:/workspace/simpleav/20251204/install/autoware_control_msgs:/workspace/simpleav/20251204/install/autoware_common_msgs:/workspace/simpleav/20251204/install/autoware_cmake:/workspace/simpleav/20251204/install/autoware_bag_time_manager_rviz_plugin:/workspace/simpleav/20251204/install/autoware_adapi_version_msgs:/workspace/simpleav/20251204/install/autoware_adapi_v1_msgs:/workspace/simpleav/20251204/install/autoware_adapi_specs:/workspace/simpleav/20251204/install/system:/workspace/simpleav/20251204/install/simple_av_logger:/workspace/simpleav/20251204/install/simple_av:/workspace/simpleav/20251204/install/planning:/workspace/simpleav/20251204/install/perception:/workspace/simpleav/20251204/install/localization:/workspace/simpleav/20251204/install/control:/workspace/simpleav/20251204/install/common:/opt/ros/humble /usr/bin/cmake --build /workspace/simpleav/20251204/src/simple_av/build/autoware_utils_logging -- -j52 -l52
[8.846s] DEBUG:colcon.colcon_core.event_handler.log_command:Invoked command in '/workspace/simpleav/20251204/src/simple_av/build/autoware_utils_rclcpp' returned '0': AMENT_PREFIX_PATH=/workspace/simpleav/20251204/src/simple_av/install/autoware_cmake:/workspace/simpleav/20251204/src/simple_av/install/autoware_lint_common:${AMENT_PREFIX_PATH} CMAKE_PREFIX_PATH=/workspace/simpleav/20251204/src/simple_av/install/autoware_cmake:/workspace/simpleav/20251204/src/simple_av/install/autoware_lint_common:/workspace/simpleav/20251204/install/v2x_msgs:/workspace/simpleav/20251204/install/tier4_vehicle_rviz_plugin:/workspace/simpleav/20251204/install/tier4_traffic_light_rviz_plugin:/workspace/simpleav/20251204/install/tier4_system_rviz_plugin:/workspace/simpleav/20251204/install/tier4_camera_view_rviz_plugin:/workspace/simpleav/20251204/install/tier4_adapi_rviz_plugin:/workspace/simpleav/20251204/install/autoware_component_interface_utils:/workspace/simpleav/20251204/install/tier4_system_msgs:/workspace/simpleav/20251204/install/tier4_state_rviz_plugin:/workspace/simpleav/20251204/install/tier4_dummy_object_rviz_plugin:/workspace/simpleav/20251204/install/tier4_simulation_msgs:/workspace/simpleav/20251204/install/tier4_planning_rviz_plugin:/workspace/simpleav/20251204/install/tier4_planning_factor_rviz_plugin:/workspace/simpleav/20251204/install/tier4_localization_rviz_plugin:/workspace/simpleav/20251204/install/tier4_external_api_msgs:/workspace/simpleav/20251204/install/tier4_datetime_rviz_plugin:/workspace/simpleav/20251204/install/simple_av_msgs:/workspace/simpleav/20251204/install/autoware_overlay_rviz_plugin:/workspace/simpleav/20251204/install/autoware_motion_utils:/workspace/simpleav/20251204/install/autoware_map_loader:/workspace/simpleav/20251204/install/autoware_component_interface_specs:/workspace/simpleav/20251204/install/autoware_vehicle_msgs:/workspace/simpleav/20251204/install/autoware_vehicle_info_utils:/workspace/simpleav/20251204/install/autoware_utils:/workspace/simpleav/20251204/install/autoware_utils_visualization:/workspace/simpleav/20251204/install/autoware_utils_uuid:/workspace/simpleav/20251204/install/autoware_utils_pcl:/workspace/simpleav/20251204/install/autoware_utils_tf:/workspace/simpleav/20251204/install/autoware_utils_debug:/workspace/simpleav/20251204/install/autoware_utils_system:/workspace/simpleav/20251204/install/autoware_utils_rclcpp:/workspace/simpleav/20251204/install/autoware_interpolation:/workspace/simpleav/20251204/install/autoware_utils_geometry:/workspace/simpleav/20251204/install/autoware_utils_math:/workspace/simpleav/20251204/install/autoware_utils_logging:/workspace/simpleav/20251204/install/autoware_utils_diagnostics:/workspace/simpleav/20251204/install/autoware_system_msgs:/workspace/simpleav/20251204/install/autoware_string_stamped_rviz_plugin:/workspace/simpleav/20251204/install/autoware_sensing_msgs:/workspace/simpleav/20251204/install/autoware_polar_grid:/workspace/simpleav/20251204/install/autoware_mission_details_overlay_rviz_plugin:/workspace/simpleav/20251204/install/autoware_lanelet2_map_visualizer:/workspace/simpleav/20251204/install/autoware_lanelet2_extension_python:/workspace/simpleav/20251204/install/autoware_geography_utils:/workspace/simpleav/20251204/install/autoware_lanelet2_extension:/workspace/simpleav/20251204/install/autoware_internal_msgs:/workspace/simpleav/20251204/install/autoware_internal_planning_msgs:/workspace/simpleav/20251204/install/autoware_planning_msgs:/workspace/simpleav/20251204/install/autoware_perception_rviz_plugin:/workspace/simpleav/20251204/install/autoware_internal_perception_msgs:/workspace/simpleav/20251204/install/autoware_perception_msgs:/workspace/simpleav/20251204/install/autoware_map_msgs:/workspace/simpleav/20251204/install/autoware_localization_msgs:/workspace/simpleav/20251204/install/autoware_lint_common:/workspace/simpleav/20251204/install/autoware_internal_metric_msgs:/workspace/simpleav/20251204/install/autoware_internal_localization_msgs:/workspace/simpleav/20251204/install/autoware_internal_debug_msgs:/workspace/simpleav/20251204/install/autoware_control_msgs:/workspace/simpleav/20251204/install/autoware_common_msgs:/workspace/simpleav/20251204/install/autoware_cmake:/workspace/simpleav/20251204/install/autoware_bag_time_manager_rviz_plugin:/workspace/simpleav/20251204/install/autoware_adapi_version_msgs:/workspace/simpleav/20251204/install/autoware_adapi_v1_msgs:/workspace/simpleav/20251204/install/autoware_adapi_specs:/workspace/simpleav/20251204/install/system:/workspace/simpleav/20251204/install/simple_av_logger:/workspace/simpleav/20251204/install/simple_av:/workspace/simpleav/20251204/install/planning:/workspace/simpleav/20251204/install/perception:/workspace/simpleav/20251204/install/localization:/workspace/simpleav/20251204/install/control:/workspace/simpleav/20251204/install/common:/opt/ros/humble /usr/bin/cmake /workspace/simpleav/20251204/src/simple_av/src/visualization/core/autoware_utils/autoware_utils_rclcpp -DAMENT_CMAKE_SYMLINK_INSTALL=1 -DCMAKE_INSTALL_PREFIX=/workspace/simpleav/20251204/src/simple_av/install/autoware_utils_rclcpp
[8.846s] DEBUG:colcon.colcon_core.event_handler.log_command:Invoking command in '/workspace/simpleav/20251204/src/simple_av/build/autoware_utils_rclcpp': AMENT_PREFIX_PATH=/workspace/simpleav/20251204/src/simple_av/install/autoware_cmake:/workspace/simpleav/20251204/src/simple_av/install/autoware_lint_common:${AMENT_PREFIX_PATH} CMAKE_PREFIX_PATH=/workspace/simpleav/20251204/src/simple_av/install/autoware_cmake:/workspace/simpleav/20251204/src/simple_av/install/autoware_lint_common:/workspace/simpleav/20251204/install/v2x_msgs:/workspace/simpleav/20251204/install/tier4_vehicle_rviz_plugin:/workspace/simpleav/20251204/install/tier4_traffic_light_rviz_plugin:/workspace/simpleav/20251204/install/tier4_system_rviz_plugin:/workspace/simpleav/20251204/install/tier4_camera_view_rviz_plugin:/workspace/simpleav/20251204/install/tier4_adapi_rviz_plugin:/workspace/simpleav/20251204/install/autoware_component_interface_utils:/workspace/simpleav/20251204/install/tier4_system_msgs:/workspace/simpleav/20251204/install/tier4_state_rviz_plugin:/workspace/simpleav/20251204/install/tier4_dummy_object_rviz_plugin:/workspace/simpleav/20251204/install/tier4_simulation_msgs:/workspace/simpleav/20251204/install/tier4_planning_rviz_plugin:/workspace/simpleav/20251204/install/tier4_planning_factor_rviz_plugin:/workspace/simpleav/20251204/install/tier4_localization_rviz_plugin:/workspace/simpleav/20251204/install/tier4_external_api_msgs:/workspace/simpleav/20251204/install/tier4_datetime_rviz_plugin:/workspace/simpleav/20251204/install/simple_av_msgs:/workspace/simpleav/20251204/install/autoware_overlay_rviz_plugin:/workspace/simpleav/20251204/install/autoware_motion_utils:/workspace/simpleav/20251204/install/autoware_map_loader:/workspace/simpleav/20251204/install/autoware_component_interface_specs:/workspace/simpleav/20251204/install/autoware_vehicle_msgs:/workspace/simpleav/20251204/install/autoware_vehicle_info_utils:/workspace/simpleav/20251204/install/autoware_utils:/workspace/simpleav/20251204/install/autoware_utils_visualization:/workspace/simpleav/20251204/install/autoware_utils_uuid:/workspace/simpleav/20251204/install/autoware_utils_pcl:/workspace/simpleav/20251204/install/autoware_utils_tf:/workspace/simpleav/20251204/install/autoware_utils_debug:/workspace/simpleav/20251204/install/autoware_utils_system:/workspace/simpleav/20251204/install/autoware_utils_rclcpp:/workspace/simpleav/20251204/install/autoware_interpolation:/workspace/simpleav/20251204/install/autoware_utils_geometry:/workspace/simpleav/20251204/install/autoware_utils_math:/workspace/simpleav/20251204/install/autoware_utils_logging:/workspace/simpleav/20251204/install/autoware_utils_diagnostics:/workspace/simpleav/20251204/install/autoware_system_msgs:/workspace/simpleav/20251204/install/autoware_string_stamped_rviz_plugin:/workspace/simpleav/20251204/install/autoware_sensing_msgs:/workspace/simpleav/20251204/install/autoware_polar_grid:/workspace/simpleav/20251204/install/autoware_mission_details_overlay_rviz_plugin:/workspace/simpleav/20251204/install/autoware_lanelet2_map_visualizer:/workspace/simpleav/20251204/install/autoware_lanelet2_extension_python:/workspace/simpleav/20251204/install/autoware_geography_utils:/workspace/simpleav/20251204/install/autoware_lanelet2_extension:/workspace/simpleav/20251204/install/autoware_internal_msgs:/workspace/simpleav/20251204/install/autoware_internal_planning_msgs:/workspace/simpleav/20251204/install/autoware_planning_msgs:/workspace/simpleav/20251204/install/autoware_perception_rviz_plugin:/workspace/simpleav/20251204/install/autoware_internal_perception_msgs:/workspace/simpleav/20251204/install/autoware_perception_msgs:/workspace/simpleav/20251204/install/autoware_map_msgs:/workspace/simpleav/20251204/install/autoware_localization_msgs:/workspace/simpleav/20251204/install/autoware_lint_common:/workspace/simpleav/20251204/install/autoware_internal_metric_msgs:/workspace/simpleav/20251204/install/autoware_internal_localization_msgs:/workspace/simpleav/20251204/install/autoware_internal_debug_msgs:/workspace/simpleav/20251204/install/autoware_control_msgs:/workspace/simpleav/20251204/install/autoware_common_msgs:/workspace/simpleav/20251204/install/autoware_cmake:/workspace/simpleav/20251204/install/autoware_bag_time_manager_rviz_plugin:/workspace/simpleav/20251204/install/autoware_adapi_version_msgs:/workspace/simpleav/20251204/install/autoware_adapi_v1_msgs:/workspace/simpleav/20251204/install/autoware_adapi_specs:/workspace/simpleav/20251204/install/system:/workspace/simpleav/20251204/install/simple_av_logger:/workspace/simpleav/20251204/install/simple_av:/workspace/simpleav/20251204/install/planning:/workspace/simpleav/20251204/install/perception:/workspace/simpleav/20251204/install/localization:/workspace/simpleav/20251204/install/control:/workspace/simpleav/20251204/install/common:/opt/ros/humble /usr/bin/cmake --build /workspace/simpleav/20251204/src/simple_av/build/autoware_utils_rclcpp -- -j52 -l52
[8.930s] DEBUG:colcon.colcon_core.event_handler.log_command:Invoked command in '/workspace/simpleav/20251204/src/simple_av/build/autoware_utils_system' returned '0': AMENT_PREFIX_PATH=/workspace/simpleav/20251204/src/simple_av/install/autoware_cmake:/workspace/simpleav/20251204/src/simple_av/install/autoware_lint_common:${AMENT_PREFIX_PATH} CMAKE_PREFIX_PATH=/workspace/simpleav/20251204/src/simple_av/install/autoware_cmake:/workspace/simpleav/20251204/src/simple_av/install/autoware_lint_common:/workspace/simpleav/20251204/install/v2x_msgs:/workspace/simpleav/20251204/install/tier4_vehicle_rviz_plugin:/workspace/simpleav/20251204/install/tier4_traffic_light_rviz_plugin:/workspace/simpleav/20251204/install/tier4_system_rviz_plugin:/workspace/simpleav/20251204/install/tier4_camera_view_rviz_plugin:/workspace/simpleav/20251204/install/tier4_adapi_rviz_plugin:/workspace/simpleav/20251204/install/autoware_component_interface_utils:/workspace/simpleav/20251204/install/tier4_system_msgs:/workspace/simpleav/20251204/install/tier4_state_rviz_plugin:/workspace/simpleav/20251204/install/tier4_dummy_object_rviz_plugin:/workspace/simpleav/20251204/install/tier4_simulation_msgs:/workspace/simpleav/20251204/install/tier4_planning_rviz_plugin:/workspace/simpleav/20251204/install/tier4_planning_factor_rviz_plugin:/workspace/simpleav/20251204/install/tier4_localization_rviz_plugin:/workspace/simpleav/20251204/install/tier4_external_api_msgs:/workspace/simpleav/20251204/install/tier4_datetime_rviz_plugin:/workspace/simpleav/20251204/install/simple_av_msgs:/workspace/simpleav/20251204/install/autoware_overlay_rviz_plugin:/workspace/simpleav/20251204/install/autoware_motion_utils:/workspace/simpleav/20251204/install/autoware_map_loader:/workspace/simpleav/20251204/install/autoware_component_interface_specs:/workspace/simpleav/20251204/install/autoware_vehicle_msgs:/workspace/simpleav/20251204/install/autoware_vehicle_info_utils:/workspace/simpleav/20251204/install/autoware_utils:/workspace/simpleav/20251204/install/autoware_utils_visualization:/workspace/simpleav/20251204/install/autoware_utils_uuid:/workspace/simpleav/20251204/install/autoware_utils_pcl:/workspace/simpleav/20251204/install/autoware_utils_tf:/workspace/simpleav/20251204/install/autoware_utils_debug:/workspace/simpleav/20251204/install/autoware_utils_system:/workspace/simpleav/20251204/install/autoware_utils_rclcpp:/workspace/simpleav/20251204/install/autoware_interpolation:/workspace/simpleav/20251204/install/autoware_utils_geometry:/workspace/simpleav/20251204/install/autoware_utils_math:/workspace/simpleav/20251204/install/autoware_utils_logging:/workspace/simpleav/20251204/install/autoware_utils_diagnostics:/workspace/simpleav/20251204/install/autoware_system_msgs:/workspace/simpleav/20251204/install/autoware_string_stamped_rviz_plugin:/workspace/simpleav/20251204/install/autoware_sensing_msgs:/workspace/simpleav/20251204/install/autoware_polar_grid:/workspace/simpleav/20251204/install/autoware_mission_details_overlay_rviz_plugin:/workspace/simpleav/20251204/install/autoware_lanelet2_map_visualizer:/workspace/simpleav/20251204/install/autoware_lanelet2_extension_python:/workspace/simpleav/20251204/install/autoware_geography_utils:/workspace/simpleav/20251204/install/autoware_lanelet2_extension:/workspace/simpleav/20251204/install/autoware_internal_msgs:/workspace/simpleav/20251204/install/autoware_internal_planning_msgs:/workspace/simpleav/20251204/install/autoware_planning_msgs:/workspace/simpleav/20251204/install/autoware_perception_rviz_plugin:/workspace/simpleav/20251204/install/autoware_internal_perception_msgs:/workspace/simpleav/20251204/install/autoware_perception_msgs:/workspace/simpleav/20251204/install/autoware_map_msgs:/workspace/simpleav/20251204/install/autoware_localization_msgs:/workspace/simpleav/20251204/install/autoware_lint_common:/workspace/simpleav/20251204/install/autoware_internal_metric_msgs:/workspace/simpleav/20251204/install/autoware_internal_localization_msgs:/workspace/simpleav/20251204/install/autoware_internal_debug_msgs:/workspace/simpleav/20251204/install/autoware_control_msgs:/workspace/simpleav/20251204/install/autoware_common_msgs:/workspace/simpleav/20251204/install/autoware_cmake:/workspace/simpleav/20251204/install/autoware_bag_time_manager_rviz_plugin:/workspace/simpleav/20251204/install/autoware_adapi_version_msgs:/workspace/simpleav/20251204/install/autoware_adapi_v1_msgs:/workspace/simpleav/20251204/install/autoware_adapi_specs:/workspace/simpleav/20251204/install/system:/workspace/simpleav/20251204/install/simple_av_logger:/workspace/simpleav/20251204/install/simple_av:/workspace/simpleav/20251204/install/planning:/workspace/simpleav/20251204/install/perception:/workspace/simpleav/20251204/install/localization:/workspace/simpleav/20251204/install/control:/workspace/simpleav/20251204/install/common:/opt/ros/humble /usr/bin/cmake /workspace/simpleav/20251204/src/simple_av/src/visualization/core/autoware_utils/autoware_utils_system -DAMENT_CMAKE_SYMLINK_INSTALL=1 -DCMAKE_INSTALL_PREFIX=/workspace/simpleav/20251204/src/simple_av/install/autoware_utils_system
[8.931s] DEBUG:colcon.colcon_core.event_handler.log_command:Invoking command in '/workspace/simpleav/20251204/src/simple_av/build/autoware_utils_system': AMENT_PREFIX_PATH=/workspace/simpleav/20251204/src/simple_av/install/autoware_cmake:/workspace/simpleav/20251204/src/simple_av/install/autoware_lint_common:${AMENT_PREFIX_PATH} CMAKE_PREFIX_PATH=/workspace/simpleav/20251204/src/simple_av/install/autoware_cmake:/workspace/simpleav/20251204/src/simple_av/install/autoware_lint_common:/workspace/simpleav/20251204/install/v2x_msgs:/workspace/simpleav/20251204/install/tier4_vehicle_rviz_plugin:/workspace/simpleav/20251204/install/tier4_traffic_light_rviz_plugin:/workspace/simpleav/20251204/install/tier4_system_rviz_plugin:/workspace/simpleav/20251204/install/tier4_camera_view_rviz_plugin:/workspace/simpleav/20251204/install/tier4_adapi_rviz_plugin:/workspace/simpleav/20251204/install/autoware_component_interface_utils:/workspace/simpleav/20251204/install/tier4_system_msgs:/workspace/simpleav/20251204/install/tier4_state_rviz_plugin:/workspace/simpleav/20251204/install/tier4_dummy_object_rviz_plugin:/workspace/simpleav/20251204/install/tier4_simulation_msgs:/workspace/simpleav/20251204/install/tier4_planning_rviz_plugin:/workspace/simpleav/20251204/install/tier4_planning_factor_rviz_plugin:/workspace/simpleav/20251204/install/tier4_localization_rviz_plugin:/workspace/simpleav/20251204/install/tier4_external_api_msgs:/workspace/simpleav/20251204/install/tier4_datetime_rviz_plugin:/workspace/simpleav/20251204/install/simple_av_msgs:/workspace/simpleav/20251204/install/autoware_overlay_rviz_plugin:/workspace/simpleav/20251204/install/autoware_motion_utils:/workspace/simpleav/20251204/install/autoware_map_loader:/workspace/simpleav/20251204/install/autoware_component_interface_specs:/workspace/simpleav/20251204/install/autoware_vehicle_msgs:/workspace/simpleav/20251204/install/autoware_vehicle_info_utils:/workspace/simpleav/20251204/install/autoware_utils:/workspace/simpleav/20251204/install/autoware_utils_visualization:/workspace/simpleav/20251204/install/autoware_utils_uuid:/workspace/simpleav/20251204/install/autoware_utils_pcl:/workspace/simpleav/20251204/install/autoware_utils_tf:/workspace/simpleav/20251204/install/autoware_utils_debug:/workspace/simpleav/20251204/install/autoware_utils_system:/workspace/simpleav/20251204/install/autoware_utils_rclcpp:/workspace/simpleav/20251204/install/autoware_interpolation:/workspace/simpleav/20251204/install/autoware_utils_geometry:/workspace/simpleav/20251204/install/autoware_utils_math:/workspace/simpleav/20251204/install/autoware_utils_logging:/workspace/simpleav/20251204/install/autoware_utils_diagnostics:/workspace/simpleav/20251204/install/autoware_system_msgs:/workspace/simpleav/20251204/install/autoware_string_stamped_rviz_plugin:/workspace/simpleav/20251204/install/autoware_sensing_msgs:/workspace/simpleav/20251204/install/autoware_polar_grid:/workspace/simpleav/20251204/install/autoware_mission_details_overlay_rviz_plugin:/workspace/simpleav/20251204/install/autoware_lanelet2_map_visualizer:/workspace/simpleav/20251204/install/autoware_lanelet2_extension_python:/workspace/simpleav/20251204/install/autoware_geography_utils:/workspace/simpleav/20251204/install/autoware_lanelet2_extension:/workspace/simpleav/20251204/install/autoware_internal_msgs:/workspace/simpleav/20251204/install/autoware_internal_planning_msgs:/workspace/simpleav/20251204/install/autoware_planning_msgs:/workspace/simpleav/20251204/install/autoware_perception_rviz_plugin:/workspace/simpleav/20251204/install/autoware_internal_perception_msgs:/workspace/simpleav/20251204/install/autoware_perception_msgs:/workspace/simpleav/20251204/install/autoware_map_msgs:/workspace/simpleav/20251204/install/autoware_localization_msgs:/workspace/simpleav/20251204/install/autoware_lint_common:/workspace/simpleav/20251204/install/autoware_internal_metric_msgs:/workspace/simpleav/20251204/install/autoware_internal_localization_msgs:/workspace/simpleav/20251204/install/autoware_internal_debug_msgs:/workspace/simpleav/20251204/install/autoware_control_msgs:/workspace/simpleav/20251204/install/autoware_common_msgs:/workspace/simpleav/20251204/install/autoware_cmake:/workspace/simpleav/20251204/install/autoware_bag_time_manager_rviz_plugin:/workspace/simpleav/20251204/install/autoware_adapi_version_msgs:/workspace/simpleav/20251204/install/autoware_adapi_v1_msgs:/workspace/simpleav/20251204/install/autoware_adapi_specs:/workspace/simpleav/20251204/install/system:/workspace/simpleav/20251204/install/simple_av_logger:/workspace/simpleav/20251204/install/simple_av:/workspace/simpleav/20251204/install/planning:/workspace/simpleav/20251204/install/perception:/workspace/simpleav/20251204/install/localization:/workspace/simpleav/20251204/install/control:/workspace/simpleav/20251204/install/common:/opt/ros/humble /usr/bin/cmake --build /workspace/simpleav/20251204/src/simple_av/build/autoware_utils_system -- -j52 -l52
[9.046s] DEBUG:colcon.colcon_core.event_handler.log_command:Invoked command in '/workspace/simpleav/20251204/src/simple_av/build/autoware_utils_visualization' returned '0': AMENT_PREFIX_PATH=/workspace/simpleav/20251204/src/simple_av/install/autoware_cmake:/workspace/simpleav/20251204/src/simple_av/install/autoware_lint_common:${AMENT_PREFIX_PATH} CMAKE_PREFIX_PATH=/workspace/simpleav/20251204/src/simple_av/install/autoware_cmake:/workspace/simpleav/20251204/src/simple_av/install/autoware_lint_common:/workspace/simpleav/20251204/install/v2x_msgs:/workspace/simpleav/20251204/install/tier4_vehicle_rviz_plugin:/workspace/simpleav/20251204/install/tier4_traffic_light_rviz_plugin:/workspace/simpleav/20251204/install/tier4_system_rviz_plugin:/workspace/simpleav/20251204/install/tier4_camera_view_rviz_plugin:/workspace/simpleav/20251204/install/tier4_adapi_rviz_plugin:/workspace/simpleav/20251204/install/autoware_component_interface_utils:/workspace/simpleav/20251204/install/tier4_system_msgs:/workspace/simpleav/20251204/install/tier4_state_rviz_plugin:/workspace/simpleav/20251204/install/tier4_dummy_object_rviz_plugin:/workspace/simpleav/20251204/install/tier4_simulation_msgs:/workspace/simpleav/20251204/install/tier4_planning_rviz_plugin:/workspace/simpleav/20251204/install/tier4_planning_factor_rviz_plugin:/workspace/simpleav/20251204/install/tier4_localization_rviz_plugin:/workspace/simpleav/20251204/install/tier4_external_api_msgs:/workspace/simpleav/20251204/install/tier4_datetime_rviz_plugin:/workspace/simpleav/20251204/install/simple_av_msgs:/workspace/simpleav/20251204/install/autoware_overlay_rviz_plugin:/workspace/simpleav/20251204/install/autoware_motion_utils:/workspace/simpleav/20251204/install/autoware_map_loader:/workspace/simpleav/20251204/install/autoware_component_interface_specs:/workspace/simpleav/20251204/install/autoware_vehicle_msgs:/workspace/simpleav/20251204/install/autoware_vehicle_info_utils:/workspace/simpleav/20251204/install/autoware_utils:/workspace/simpleav/20251204/install/autoware_utils_visualization:/workspace/simpleav/20251204/install/autoware_utils_uuid:/workspace/simpleav/20251204/install/autoware_utils_pcl:/workspace/simpleav/20251204/install/autoware_utils_tf:/workspace/simpleav/20251204/install/autoware_utils_debug:/workspace/simpleav/20251204/install/autoware_utils_system:/workspace/simpleav/20251204/install/autoware_utils_rclcpp:/workspace/simpleav/20251204/install/autoware_interpolation:/workspace/simpleav/20251204/install/autoware_utils_geometry:/workspace/simpleav/20251204/install/autoware_utils_math:/workspace/simpleav/20251204/install/autoware_utils_logging:/workspace/simpleav/20251204/install/autoware_utils_diagnostics:/workspace/simpleav/20251204/install/autoware_system_msgs:/workspace/simpleav/20251204/install/autoware_string_stamped_rviz_plugin:/workspace/simpleav/20251204/install/autoware_sensing_msgs:/workspace/simpleav/20251204/install/autoware_polar_grid:/workspace/simpleav/20251204/install/autoware_mission_details_overlay_rviz_plugin:/workspace/simpleav/20251204/install/autoware_lanelet2_map_visualizer:/workspace/simpleav/20251204/install/autoware_lanelet2_extension_python:/workspace/simpleav/20251204/install/autoware_geography_utils:/workspace/simpleav/20251204/install/autoware_lanelet2_extension:/workspace/simpleav/20251204/install/autoware_internal_msgs:/workspace/simpleav/20251204/install/autoware_internal_planning_msgs:/workspace/simpleav/20251204/install/autoware_planning_msgs:/workspace/simpleav/20251204/install/autoware_perception_rviz_plugin:/workspace/simpleav/20251204/install/autoware_internal_perception_msgs:/workspace/simpleav/20251204/install/autoware_perception_msgs:/workspace/simpleav/20251204/install/autoware_map_msgs:/workspace/simpleav/20251204/install/autoware_localization_msgs:/workspace/simpleav/20251204/install/autoware_lint_common:/workspace/simpleav/20251204/install/autoware_internal_metric_msgs:/workspace/simpleav/20251204/install/autoware_internal_localization_msgs:/workspace/simpleav/20251204/install/autoware_internal_debug_msgs:/workspace/simpleav/20251204/install/autoware_control_msgs:/workspace/simpleav/20251204/install/autoware_common_msgs:/workspace/simpleav/20251204/install/autoware_cmake:/workspace/simpleav/20251204/install/autoware_bag_time_manager_rviz_plugin:/workspace/simpleav/20251204/install/autoware_adapi_version_msgs:/workspace/simpleav/20251204/install/autoware_adapi_v1_msgs:/workspace/simpleav/20251204/install/autoware_adapi_specs:/workspace/simpleav/20251204/install/system:/workspace/simpleav/20251204/install/simple_av_logger:/workspace/simpleav/20251204/install/simple_av:/workspace/simpleav/20251204/install/planning:/workspace/simpleav/20251204/install/perception:/workspace/simpleav/20251204/install/localization:/workspace/simpleav/20251204/install/control:/workspace/simpleav/20251204/install/common:/opt/ros/humble /usr/bin/cmake /workspace/simpleav/20251204/src/simple_av/src/visualization/core/autoware_utils/autoware_utils_visualization -DAMENT_CMAKE_SYMLINK_INSTALL=1 -DCMAKE_INSTALL_PREFIX=/workspace/simpleav/20251204/src/simple_av/install/autoware_utils_visualization
[9.047s] DEBUG:colcon.colcon_core.event_handler.log_command:Invoking command in '/workspace/simpleav/20251204/src/simple_av/build/autoware_utils_visualization': AMENT_PREFIX_PATH=/workspace/simpleav/20251204/src/simple_av/install/autoware_cmake:/workspace/simpleav/20251204/src/simple_av/install/autoware_lint_common:${AMENT_PREFIX_PATH} CMAKE_PREFIX_PATH=/workspace/simpleav/20251204/src/simple_av/install/autoware_cmake:/workspace/simpleav/20251204/src/simple_av/install/autoware_lint_common:/workspace/simpleav/20251204/install/v2x_msgs:/workspace/simpleav/20251204/install/tier4_vehicle_rviz_plugin:/workspace/simpleav/20251204/install/tier4_traffic_light_rviz_plugin:/workspace/simpleav/20251204/install/tier4_system_rviz_plugin:/workspace/simpleav/20251204/install/tier4_camera_view_rviz_plugin:/workspace/simpleav/20251204/install/tier4_adapi_rviz_plugin:/workspace/simpleav/20251204/install/autoware_component_interface_utils:/workspace/simpleav/20251204/install/tier4_system_msgs:/workspace/simpleav/20251204/install/tier4_state_rviz_plugin:/workspace/simpleav/20251204/install/tier4_dummy_object_rviz_plugin:/workspace/simpleav/20251204/install/tier4_simulation_msgs:/workspace/simpleav/20251204/install/tier4_planning_rviz_plugin:/workspace/simpleav/20251204/install/tier4_planning_factor_rviz_plugin:/workspace/simpleav/20251204/install/tier4_localization_rviz_plugin:/workspace/simpleav/20251204/install/tier4_external_api_msgs:/workspace/simpleav/20251204/install/tier4_datetime_rviz_plugin:/workspace/simpleav/20251204/install/simple_av_msgs:/workspace/simpleav/20251204/install/autoware_overlay_rviz_plugin:/workspace/simpleav/20251204/install/autoware_motion_utils:/workspace/simpleav/20251204/install/autoware_map_loader:/workspace/simpleav/20251204/install/autoware_component_interface_specs:/workspace/simpleav/20251204/install/autoware_vehicle_msgs:/workspace/simpleav/20251204/install/autoware_vehicle_info_utils:/workspace/simpleav/20251204/install/autoware_utils:/workspace/simpleav/20251204/install/autoware_utils_visualization:/workspace/simpleav/20251204/install/autoware_utils_uuid:/workspace/simpleav/20251204/install/autoware_utils_pcl:/workspace/simpleav/20251204/install/autoware_utils_tf:/workspace/simpleav/20251204/install/autoware_utils_debug:/workspace/simpleav/20251204/install/autoware_utils_system:/workspace/simpleav/20251204/install/autoware_utils_rclcpp:/workspace/simpleav/20251204/install/autoware_interpolation:/workspace/simpleav/20251204/install/autoware_utils_geometry:/workspace/simpleav/20251204/install/autoware_utils_math:/workspace/simpleav/20251204/install/autoware_utils_logging:/workspace/simpleav/20251204/install/autoware_utils_diagnostics:/workspace/simpleav/20251204/install/autoware_system_msgs:/workspace/simpleav/20251204/install/autoware_string_stamped_rviz_plugin:/workspace/simpleav/20251204/install/autoware_sensing_msgs:/workspace/simpleav/20251204/install/autoware_polar_grid:/workspace/simpleav/20251204/install/autoware_mission_details_overlay_rviz_plugin:/workspace/simpleav/20251204/install/autoware_lanelet2_map_visualizer:/workspace/simpleav/20251204/install/autoware_lanelet2_extension_python:/workspace/simpleav/20251204/install/autoware_geography_utils:/workspace/simpleav/20251204/install/autoware_lanelet2_extension:/workspace/simpleav/20251204/install/autoware_internal_msgs:/workspace/simpleav/20251204/install/autoware_internal_planning_msgs:/workspace/simpleav/20251204/install/autoware_planning_msgs:/workspace/simpleav/20251204/install/autoware_perception_rviz_plugin:/workspace/simpleav/20251204/install/autoware_internal_perception_msgs:/workspace/simpleav/20251204/install/autoware_perception_msgs:/workspace/simpleav/20251204/install/autoware_map_msgs:/workspace/simpleav/20251204/install/autoware_localization_msgs:/workspace/simpleav/20251204/install/autoware_lint_common:/workspace/simpleav/20251204/install/autoware_internal_metric_msgs:/workspace/simpleav/20251204/install/autoware_internal_localization_msgs:/workspace/simpleav/20251204/install/autoware_internal_debug_msgs:/workspace/simpleav/20251204/install/autoware_control_msgs:/workspace/simpleav/20251204/install/autoware_common_msgs:/workspace/simpleav/20251204/install/autoware_cmake:/workspace/simpleav/20251204/install/autoware_bag_time_manager_rviz_plugin:/workspace/simpleav/20251204/install/autoware_adapi_version_msgs:/workspace/simpleav/20251204/install/autoware_adapi_v1_msgs:/workspace/simpleav/20251204/install/autoware_adapi_specs:/workspace/simpleav/20251204/install/system:/workspace/simpleav/20251204/install/simple_av_logger:/workspace/simpleav/20251204/install/simple_av:/workspace/simpleav/20251204/install/planning:/workspace/simpleav/20251204/install/perception:/workspace/simpleav/20251204/install/localization:/workspace/simpleav/20251204/install/control:/workspace/simpleav/20251204/install/common:/opt/ros/humble /usr/bin/cmake --build /workspace/simpleav/20251204/src/simple_av/build/autoware_utils_visualization -- -j52 -l52
[9.074s] DEBUG:colcon.colcon_core.event_handler.log_command:Invoked command in '/workspace/simpleav/20251204/src/simple_av/build/autoware_utils_diagnostics' returned '0': AMENT_PREFIX_PATH=/workspace/simpleav/20251204/src/simple_av/install/autoware_cmake:/workspace/simpleav/20251204/src/simple_av/install/autoware_lint_common:${AMENT_PREFIX_PATH} CMAKE_PREFIX_PATH=/workspace/simpleav/20251204/src/simple_av/install/autoware_cmake:/workspace/simpleav/20251204/src/simple_av/install/autoware_lint_common:/workspace/simpleav/20251204/install/v2x_msgs:/workspace/simpleav/20251204/install/tier4_vehicle_rviz_plugin:/workspace/simpleav/20251204/install/tier4_traffic_light_rviz_plugin:/workspace/simpleav/20251204/install/tier4_system_rviz_plugin:/workspace/simpleav/20251204/install/tier4_camera_view_rviz_plugin:/workspace/simpleav/20251204/install/tier4_adapi_rviz_plugin:/workspace/simpleav/20251204/install/autoware_component_interface_utils:/workspace/simpleav/20251204/install/tier4_system_msgs:/workspace/simpleav/20251204/install/tier4_state_rviz_plugin:/workspace/simpleav/20251204/install/tier4_dummy_object_rviz_plugin:/workspace/simpleav/20251204/install/tier4_simulation_msgs:/workspace/simpleav/20251204/install/tier4_planning_rviz_plugin:/workspace/simpleav/20251204/install/tier4_planning_factor_rviz_plugin:/workspace/simpleav/20251204/install/tier4_localization_rviz_plugin:/workspace/simpleav/20251204/install/tier4_external_api_msgs:/workspace/simpleav/20251204/install/tier4_datetime_rviz_plugin:/workspace/simpleav/20251204/install/simple_av_msgs:/workspace/simpleav/20251204/install/autoware_overlay_rviz_plugin:/workspace/simpleav/20251204/install/autoware_motion_utils:/workspace/simpleav/20251204/install/autoware_map_loader:/workspace/simpleav/20251204/install/autoware_component_interface_specs:/workspace/simpleav/20251204/install/autoware_vehicle_msgs:/workspace/simpleav/20251204/install/autoware_vehicle_info_utils:/workspace/simpleav/20251204/install/autoware_utils:/workspace/simpleav/20251204/install/autoware_utils_visualization:/workspace/simpleav/20251204/install/autoware_utils_uuid:/workspace/simpleav/20251204/install/autoware_utils_pcl:/workspace/simpleav/20251204/install/autoware_utils_tf:/workspace/simpleav/20251204/install/autoware_utils_debug:/workspace/simpleav/20251204/install/autoware_utils_system:/workspace/simpleav/20251204/install/autoware_utils_rclcpp:/workspace/simpleav/20251204/install/autoware_interpolation:/workspace/simpleav/20251204/install/autoware_utils_geometry:/workspace/simpleav/20251204/install/autoware_utils_math:/workspace/simpleav/20251204/install/autoware_utils_logging:/workspace/simpleav/20251204/install/autoware_utils_diagnostics:/workspace/simpleav/20251204/install/autoware_system_msgs:/workspace/simpleav/20251204/install/autoware_string_stamped_rviz_plugin:/workspace/simpleav/20251204/install/autoware_sensing_msgs:/workspace/simpleav/20251204/install/autoware_polar_grid:/workspace/simpleav/20251204/install/autoware_mission_details_overlay_rviz_plugin:/workspace/simpleav/20251204/install/autoware_lanelet2_map_visualizer:/workspace/simpleav/20251204/install/autoware_lanelet2_extension_python:/workspace/simpleav/20251204/install/autoware_geography_utils:/workspace/simpleav/20251204/install/autoware_lanelet2_extension:/workspace/simpleav/20251204/install/autoware_internal_msgs:/workspace/simpleav/20251204/install/autoware_internal_planning_msgs:/workspace/simpleav/20251204/install/autoware_planning_msgs:/workspace/simpleav/20251204/install/autoware_perception_rviz_plugin:/workspace/simpleav/20251204/install/autoware_internal_perception_msgs:/workspace/simpleav/20251204/install/autoware_perception_msgs:/workspace/simpleav/20251204/install/autoware_map_msgs:/workspace/simpleav/20251204/install/autoware_localization_msgs:/workspace/simpleav/20251204/install/autoware_lint_common:/workspace/simpleav/20251204/install/autoware_internal_metric_msgs:/workspace/simpleav/20251204/install/autoware_internal_localization_msgs:/workspace/simpleav/20251204/install/autoware_internal_debug_msgs:/workspace/simpleav/20251204/install/autoware_control_msgs:/workspace/simpleav/20251204/install/autoware_common_msgs:/workspace/simpleav/20251204/install/autoware_cmake:/workspace/simpleav/20251204/install/autoware_bag_time_manager_rviz_plugin:/workspace/simpleav/20251204/install/autoware_adapi_version_msgs:/workspace/simpleav/20251204/install/autoware_adapi_v1_msgs:/workspace/simpleav/20251204/install/autoware_adapi_specs:/workspace/simpleav/20251204/install/system:/workspace/simpleav/20251204/install/simple_av_logger:/workspace/simpleav/20251204/install/simple_av:/workspace/simpleav/20251204/install/planning:/workspace/simpleav/20251204/install/perception:/workspace/simpleav/20251204/install/localization:/workspace/simpleav/20251204/install/control:/workspace/simpleav/20251204/install/common:/opt/ros/humble /usr/bin/cmake /workspace/simpleav/20251204/src/simple_av/src/visualization/core/autoware_utils/autoware_utils_diagnostics -DAMENT_CMAKE_SYMLINK_INSTALL=1 -DCMAKE_INSTALL_PREFIX=/workspace/simpleav/20251204/src/simple_av/install/autoware_utils_diagnostics
[9.074s] DEBUG:colcon.colcon_core.event_handler.log_command:Invoking command in '/workspace/simpleav/20251204/src/simple_av/build/autoware_utils_diagnostics': AMENT_PREFIX_PATH=/workspace/simpleav/20251204/src/simple_av/install/autoware_cmake:/workspace/simpleav/20251204/src/simple_av/install/autoware_lint_common:${AMENT_PREFIX_PATH} CMAKE_PREFIX_PATH=/workspace/simpleav/20251204/src/simple_av/install/autoware_cmake:/workspace/simpleav/20251204/src/simple_av/install/autoware_lint_common:/workspace/simpleav/20251204/install/v2x_msgs:/workspace/simpleav/20251204/install/tier4_vehicle_rviz_plugin:/workspace/simpleav/20251204/install/tier4_traffic_light_rviz_plugin:/workspace/simpleav/20251204/install/tier4_system_rviz_plugin:/workspace/simpleav/20251204/install/tier4_camera_view_rviz_plugin:/workspace/simpleav/20251204/install/tier4_adapi_rviz_plugin:/workspace/simpleav/20251204/install/autoware_component_interface_utils:/workspace/simpleav/20251204/install/tier4_system_msgs:/workspace/simpleav/20251204/install/tier4_state_rviz_plugin:/workspace/simpleav/20251204/install/tier4_dummy_object_rviz_plugin:/workspace/simpleav/20251204/install/tier4_simulation_msgs:/workspace/simpleav/20251204/install/tier4_planning_rviz_plugin:/workspace/simpleav/20251204/install/tier4_planning_factor_rviz_plugin:/workspace/simpleav/20251204/install/tier4_localization_rviz_plugin:/workspace/simpleav/20251204/install/tier4_external_api_msgs:/workspace/simpleav/20251204/install/tier4_datetime_rviz_plugin:/workspace/simpleav/20251204/install/simple_av_msgs:/workspace/simpleav/20251204/install/autoware_overlay_rviz_plugin:/workspace/simpleav/20251204/install/autoware_motion_utils:/workspace/simpleav/20251204/install/autoware_map_loader:/workspace/simpleav/20251204/install/autoware_component_interface_specs:/workspace/simpleav/20251204/install/autoware_vehicle_msgs:/workspace/simpleav/20251204/install/autoware_vehicle_info_utils:/workspace/simpleav/20251204/install/autoware_utils:/workspace/simpleav/20251204/install/autoware_utils_visualization:/workspace/simpleav/20251204/install/autoware_utils_uuid:/workspace/simpleav/20251204/install/autoware_utils_pcl:/workspace/simpleav/20251204/install/autoware_utils_tf:/workspace/simpleav/20251204/install/autoware_utils_debug:/workspace/simpleav/20251204/install/autoware_utils_system:/workspace/simpleav/20251204/install/autoware_utils_rclcpp:/workspace/simpleav/20251204/install/autoware_interpolation:/workspace/simpleav/20251204/install/autoware_utils_geometry:/workspace/simpleav/20251204/install/autoware_utils_math:/workspace/simpleav/20251204/install/autoware_utils_logging:/workspace/simpleav/20251204/install/autoware_utils_diagnostics:/workspace/simpleav/20251204/install/autoware_system_msgs:/workspace/simpleav/20251204/install/autoware_string_stamped_rviz_plugin:/workspace/simpleav/20251204/install/autoware_sensing_msgs:/workspace/simpleav/20251204/install/autoware_polar_grid:/workspace/simpleav/20251204/install/autoware_mission_details_overlay_rviz_plugin:/workspace/simpleav/20251204/install/autoware_lanelet2_map_visualizer:/workspace/simpleav/20251204/install/autoware_lanelet2_extension_python:/workspace/simpleav/20251204/install/autoware_geography_utils:/workspace/simpleav/20251204/install/autoware_lanelet2_extension:/workspace/simpleav/20251204/install/autoware_internal_msgs:/workspace/simpleav/20251204/install/autoware_internal_planning_msgs:/workspace/simpleav/20251204/install/autoware_planning_msgs:/workspace/simpleav/20251204/install/autoware_perception_rviz_plugin:/workspace/simpleav/20251204/install/autoware_internal_perception_msgs:/workspace/simpleav/20251204/install/autoware_perception_msgs:/workspace/simpleav/20251204/install/autoware_map_msgs:/workspace/simpleav/20251204/install/autoware_localization_msgs:/workspace/simpleav/20251204/install/autoware_lint_common:/workspace/simpleav/20251204/install/autoware_internal_metric_msgs:/workspace/simpleav/20251204/install/autoware_internal_localization_msgs:/workspace/simpleav/20251204/install/autoware_internal_debug_msgs:/workspace/simpleav/20251204/install/autoware_control_msgs:/workspace/simpleav/20251204/install/autoware_common_msgs:/workspace/simpleav/20251204/install/autoware_cmake:/workspace/simpleav/20251204/install/autoware_bag_time_manager_rviz_plugin:/workspace/simpleav/20251204/install/autoware_adapi_version_msgs:/workspace/simpleav/20251204/install/autoware_adapi_v1_msgs:/workspace/simpleav/20251204/install/autoware_adapi_specs:/workspace/simpleav/20251204/install/system:/workspace/simpleav/20251204/install/simple_av_logger:/workspace/simpleav/20251204/install/simple_av:/workspace/simpleav/20251204/install/planning:/workspace/simpleav/20251204/install/perception:/workspace/simpleav/20251204/install/localization:/workspace/simpleav/20251204/install/control:/workspace/simpleav/20251204/install/common:/opt/ros/humble /usr/bin/cmake --build /workspace/simpleav/20251204/src/simple_av/build/autoware_utils_diagnostics -- -j52 -l52
[9.340s] DEBUG:colcon.colcon_parallel_executor.executor.parallel:run_until_complete was interrupted
[9.340s] DEBUG:colcon.colcon_parallel_executor.executor.parallel:run_until_complete again
[9.408s] Level 1:colcon.colcon_core.environment:create_environment_scripts_only(autoware_polar_grid)
[9.409s] Level 1:colcon.colcon_core.environment:checking '/workspace/simpleav/20251204/src/simple_av/install/autoware_polar_grid' for CMake module files
[9.409s] Level 1:colcon.colcon_core.environment:checking '/workspace/simpleav/20251204/src/simple_av/install/autoware_polar_grid' for CMake config files
[9.410s] Level 1:colcon.colcon_core.environment:checking '/workspace/simpleav/20251204/src/simple_av/install/autoware_polar_grid/bin'
[9.410s] Level 1:colcon.colcon_core.environment:checking '/workspace/simpleav/20251204/src/simple_av/install/autoware_polar_grid/lib/pkgconfig/autoware_polar_grid.pc'
[9.410s] Level 1:colcon.colcon_core.environment:checking '/workspace/simpleav/20251204/src/simple_av/install/autoware_polar_grid/lib/python3.10/site-packages'
[9.410s] Level 1:colcon.colcon_core.environment:checking '/workspace/simpleav/20251204/src/simple_av/install/autoware_polar_grid/bin'
[9.410s] INFO:colcon.colcon_core.shell:Creating package script '/workspace/simpleav/20251204/src/simple_av/install/autoware_polar_grid/share/autoware_polar_grid/package.ps1'
[9.420s] INFO:colcon.colcon_core.shell:Creating package descriptor '/workspace/simpleav/20251204/src/simple_av/install/autoware_polar_grid/share/autoware_polar_grid/package.dsv'
[9.423s] INFO:colcon.colcon_core.shell:Creating package script '/workspace/simpleav/20251204/src/simple_av/install/autoware_polar_grid/share/autoware_polar_grid/package.sh'
[9.427s] INFO:colcon.colcon_core.shell:Creating package script '/workspace/simpleav/20251204/src/simple_av/install/autoware_polar_grid/share/autoware_polar_grid/package.bash'
[9.430s] INFO:colcon.colcon_core.shell:Creating package script '/workspace/simpleav/20251204/src/simple_av/install/autoware_polar_grid/share/autoware_polar_grid/package.zsh'
[9.434s] Level 1:colcon.colcon_core.environment:create_file_with_runtime_dependencies(/workspace/simpleav/20251204/src/simple_av/install/autoware_polar_grid/share/colcon-core/packages/autoware_polar_grid)
[9.443s] Level 1:colcon.colcon_core.environment:create_environment_scripts_only(autoware_adapi_version_msgs)
[9.443s] Level 1:colcon.colcon_core.environment:checking '/workspace/simpleav/20251204/src/simple_av/install/autoware_adapi_version_msgs' for CMake module files
[9.444s] Level 1:colcon.colcon_core.environment:checking '/workspace/simpleav/20251204/src/simple_av/install/autoware_adapi_version_msgs' for CMake config files
[9.444s] Level 1:colcon.colcon_core.environment:checking '/workspace/simpleav/20251204/src/simple_av/install/autoware_adapi_version_msgs/bin'
[9.444s] Level 1:colcon.colcon_core.environment:checking '/workspace/simpleav/20251204/src/simple_av/install/autoware_adapi_version_msgs/lib/pkgconfig/autoware_adapi_version_msgs.pc'
[9.445s] Level 1:colcon.colcon_core.environment:checking '/workspace/simpleav/20251204/src/simple_av/install/autoware_adapi_version_msgs/lib/python3.10/site-packages'
[9.445s] Level 1:colcon.colcon_core.environment:checking '/workspace/simpleav/20251204/src/simple_av/install/autoware_adapi_version_msgs/bin'
[9.445s] INFO:colcon.colcon_core.shell:Creating package script '/workspace/simpleav/20251204/src/simple_av/install/autoware_adapi_version_msgs/share/autoware_adapi_version_msgs/package.ps1'
[9.448s] INFO:colcon.colcon_core.shell:Creating package descriptor '/workspace/simpleav/20251204/src/simple_av/install/autoware_adapi_version_msgs/share/autoware_adapi_version_msgs/package.dsv'
[9.449s] INFO:colcon.colcon_core.shell:Creating package script '/workspace/simpleav/20251204/src/simple_av/install/autoware_adapi_version_msgs/share/autoware_adapi_version_msgs/package.sh'
[9.449s] INFO:colcon.colcon_core.shell:Creating package script '/workspace/simpleav/20251204/src/simple_av/install/autoware_adapi_version_msgs/share/autoware_adapi_version_msgs/package.bash'
[9.450s] INFO:colcon.colcon_core.shell:Creating package script '/workspace/simpleav/20251204/src/simple_av/install/autoware_adapi_version_msgs/share/autoware_adapi_version_msgs/package.zsh'
[9.451s] Level 1:colcon.colcon_core.environment:create_file_with_runtime_dependencies(/workspace/simpleav/20251204/src/simple_av/install/autoware_adapi_version_msgs/share/colcon-core/packages/autoware_adapi_version_msgs)
[9.451s] DEBUG:colcon.colcon_core.event_handler.log_command:Invoked command in '/workspace/simpleav/20251204/src/simple_av/build/autoware_polar_grid' returned '-2': AMENT_PREFIX_PATH=/workspace/simpleav/20251204/src/simple_av/install/autoware_cmake:/workspace/simpleav/20251204/src/simple_av/install/autoware_lint_common:${AMENT_PREFIX_PATH} CMAKE_PREFIX_PATH=/workspace/simpleav/20251204/src/simple_av/install/autoware_cmake:/workspace/simpleav/20251204/src/simple_av/install/autoware_lint_common:/workspace/simpleav/20251204/install/v2x_msgs:/workspace/simpleav/20251204/install/tier4_vehicle_rviz_plugin:/workspace/simpleav/20251204/install/tier4_traffic_light_rviz_plugin:/workspace/simpleav/20251204/install/tier4_system_rviz_plugin:/workspace/simpleav/20251204/install/tier4_camera_view_rviz_plugin:/workspace/simpleav/20251204/install/tier4_adapi_rviz_plugin:/workspace/simpleav/20251204/install/autoware_component_interface_utils:/workspace/simpleav/20251204/install/tier4_system_msgs:/workspace/simpleav/20251204/install/tier4_state_rviz_plugin:/workspace/simpleav/20251204/install/tier4_dummy_object_rviz_plugin:/workspace/simpleav/20251204/install/tier4_simulation_msgs:/workspace/simpleav/20251204/install/tier4_planning_rviz_plugin:/workspace/simpleav/20251204/install/tier4_planning_factor_rviz_plugin:/workspace/simpleav/20251204/install/tier4_localization_rviz_plugin:/workspace/simpleav/20251204/install/tier4_external_api_msgs:/workspace/simpleav/20251204/install/tier4_datetime_rviz_plugin:/workspace/simpleav/20251204/install/simple_av_msgs:/workspace/simpleav/20251204/install/autoware_overlay_rviz_plugin:/workspace/simpleav/20251204/install/autoware_motion_utils:/workspace/simpleav/20251204/install/autoware_map_loader:/workspace/simpleav/20251204/install/autoware_component_interface_specs:/workspace/simpleav/20251204/install/autoware_vehicle_msgs:/workspace/simpleav/20251204/install/autoware_vehicle_info_utils:/workspace/simpleav/20251204/install/autoware_utils:/workspace/simpleav/20251204/install/autoware_utils_visualization:/workspace/simpleav/20251204/install/autoware_utils_uuid:/workspace/simpleav/20251204/install/autoware_utils_pcl:/workspace/simpleav/20251204/install/autoware_utils_tf:/workspace/simpleav/20251204/install/autoware_utils_debug:/workspace/simpleav/20251204/install/autoware_utils_system:/workspace/simpleav/20251204/install/autoware_utils_rclcpp:/workspace/simpleav/20251204/install/autoware_interpolation:/workspace/simpleav/20251204/install/autoware_utils_geometry:/workspace/simpleav/20251204/install/autoware_utils_math:/workspace/simpleav/20251204/install/autoware_utils_logging:/workspace/simpleav/20251204/install/autoware_utils_diagnostics:/workspace/simpleav/20251204/install/autoware_system_msgs:/workspace/simpleav/20251204/install/autoware_string_stamped_rviz_plugin:/workspace/simpleav/20251204/install/autoware_sensing_msgs:/workspace/simpleav/20251204/install/autoware_polar_grid:/workspace/simpleav/20251204/install/autoware_mission_details_overlay_rviz_plugin:/workspace/simpleav/20251204/install/autoware_lanelet2_map_visualizer:/workspace/simpleav/20251204/install/autoware_lanelet2_extension_python:/workspace/simpleav/20251204/install/autoware_geography_utils:/workspace/simpleav/20251204/install/autoware_lanelet2_extension:/workspace/simpleav/20251204/install/autoware_internal_msgs:/workspace/simpleav/20251204/install/autoware_internal_planning_msgs:/workspace/simpleav/20251204/install/autoware_planning_msgs:/workspace/simpleav/20251204/install/autoware_perception_rviz_plugin:/workspace/simpleav/20251204/install/autoware_internal_perception_msgs:/workspace/simpleav/20251204/install/autoware_perception_msgs:/workspace/simpleav/20251204/install/autoware_map_msgs:/workspace/simpleav/20251204/install/autoware_localization_msgs:/workspace/simpleav/20251204/install/autoware_lint_common:/workspace/simpleav/20251204/install/autoware_internal_metric_msgs:/workspace/simpleav/20251204/install/autoware_internal_localization_msgs:/workspace/simpleav/20251204/install/autoware_internal_debug_msgs:/workspace/simpleav/20251204/install/autoware_control_msgs:/workspace/simpleav/20251204/install/autoware_common_msgs:/workspace/simpleav/20251204/install/autoware_cmake:/workspace/simpleav/20251204/install/autoware_bag_time_manager_rviz_plugin:/workspace/simpleav/20251204/install/autoware_adapi_version_msgs:/workspace/simpleav/20251204/install/autoware_adapi_v1_msgs:/workspace/simpleav/20251204/install/autoware_adapi_specs:/workspace/simpleav/20251204/install/system:/workspace/simpleav/20251204/install/simple_av_logger:/workspace/simpleav/20251204/install/simple_av:/workspace/simpleav/20251204/install/planning:/workspace/simpleav/20251204/install/perception:/workspace/simpleav/20251204/install/localization:/workspace/simpleav/20251204/install/control:/workspace/simpleav/20251204/install/common:/opt/ros/humble /usr/bin/cmake /workspace/simpleav/20251204/src/simple_av/src/visualization/simulator/autoware_polar_grid -DAMENT_CMAKE_SYMLINK_INSTALL=1 -DCMAKE_INSTALL_PREFIX=/workspace/simpleav/20251204/src/simple_av/install/autoware_polar_grid
[9.453s] Level 1:colcon.colcon_core.environment:create_environment_scripts_only(autoware_control_msgs)
[9.453s] Level 1:colcon.colcon_core.environment:checking '/workspace/simpleav/20251204/src/simple_av/install/autoware_control_msgs' for CMake module files
[9.453s] DEBUG:colcon.colcon_core.event_handler.log_command:Invoked command in '/workspace/simpleav/20251204/src/simple_av/build/autoware_adapi_version_msgs' returned '-2': CMAKE_PREFIX_PATH=${CMAKE_PREFIX_PATH}:/workspace/simpleav/20251204/install/system:/workspace/simpleav/20251204/install/simple_av_logger:/workspace/simpleav/20251204/install/simple_av:/workspace/simpleav/20251204/install/planning:/workspace/simpleav/20251204/install/perception:/workspace/simpleav/20251204/install/localization:/workspace/simpleav/20251204/install/control:/workspace/simpleav/20251204/install/common:/opt/ros/humble /usr/bin/cmake --build /workspace/simpleav/20251204/src/simple_av/build/autoware_adapi_version_msgs -- -j52 -l52
[9.453s] Level 1:colcon.colcon_core.environment:checking '/workspace/simpleav/20251204/src/simple_av/install/autoware_control_msgs' for CMake config files
[9.454s] Level 1:colcon.colcon_core.environment:checking '/workspace/simpleav/20251204/src/simple_av/install/autoware_control_msgs/bin'
[9.454s] Level 1:colcon.colcon_core.environment:checking '/workspace/simpleav/20251204/src/simple_av/install/autoware_control_msgs/lib/pkgconfig/autoware_control_msgs.pc'
[9.454s] Level 1:colcon.colcon_core.environment:checking '/workspace/simpleav/20251204/src/simple_av/install/autoware_control_msgs/lib/python3.10/site-packages'
[9.454s] Level 1:colcon.colcon_core.environment:checking '/workspace/simpleav/20251204/src/simple_av/install/autoware_control_msgs/bin'
[9.454s] INFO:colcon.colcon_core.shell:Creating package script '/workspace/simpleav/20251204/src/simple_av/install/autoware_control_msgs/share/autoware_control_msgs/package.ps1'
[9.455s] DEBUG:colcon.colcon_core.event_handler.log_command:Invoked command in '/workspace/simpleav/20251204/src/simple_av/build/autoware_control_msgs' returned '-2': CMAKE_PREFIX_PATH=${CMAKE_PREFIX_PATH}:/workspace/simpleav/20251204/install/system:/workspace/simpleav/20251204/install/simple_av_logger:/workspace/simpleav/20251204/install/simple_av:/workspace/simpleav/20251204/install/planning:/workspace/simpleav/20251204/install/perception:/workspace/simpleav/20251204/install/localization:/workspace/simpleav/20251204/install/control:/workspace/simpleav/20251204/install/common:/opt/ros/humble /usr/bin/cmake --build /workspace/simpleav/20251204/src/simple_av/build/autoware_control_msgs -- -j52 -l52
[9.455s] INFO:colcon.colcon_core.shell:Creating package descriptor '/workspace/simpleav/20251204/src/simple_av/install/autoware_control_msgs/share/autoware_control_msgs/package.dsv'
[9.455s] INFO:colcon.colcon_core.shell:Creating package script '/workspace/simpleav/20251204/src/simple_av/install/autoware_control_msgs/share/autoware_control_msgs/package.sh'
[9.456s] INFO:colcon.colcon_core.shell:Creating package script '/workspace/simpleav/20251204/src/simple_av/install/autoware_control_msgs/share/autoware_control_msgs/package.bash'
[9.456s] INFO:colcon.colcon_core.shell:Creating package script '/workspace/simpleav/20251204/src/simple_av/install/autoware_control_msgs/share/autoware_control_msgs/package.zsh'
[9.456s] Level 1:colcon.colcon_core.environment:create_file_with_runtime_dependencies(/workspace/simpleav/20251204/src/simple_av/install/autoware_control_msgs/share/colcon-core/packages/autoware_control_msgs)
[9.457s] DEBUG:colcon.colcon_core.event_handler.log_command:Invoked command in '/workspace/simpleav/20251204/src/simple_av/build/autoware_common_msgs' returned '-2': CMAKE_PREFIX_PATH=${CMAKE_PREFIX_PATH}:/workspace/simpleav/20251204/install/system:/workspace/simpleav/20251204/install/simple_av_logger:/workspace/simpleav/20251204/install/simple_av:/workspace/simpleav/20251204/install/planning:/workspace/simpleav/20251204/install/perception:/workspace/simpleav/20251204/install/localization:/workspace/simpleav/20251204/install/control:/workspace/simpleav/20251204/install/common:/opt/ros/humble /usr/bin/cmake --build /workspace/simpleav/20251204/src/simple_av/build/autoware_common_msgs -- -j52 -l52
[9.458s] Level 1:colcon.colcon_core.environment:create_environment_scripts_only(autoware_common_msgs)
[9.458s] Level 1:colcon.colcon_core.environment:checking '/workspace/simpleav/20251204/src/simple_av/install/autoware_common_msgs' for CMake module files
[9.458s] Level 1:colcon.colcon_core.environment:checking '/workspace/simpleav/20251204/src/simple_av/install/autoware_common_msgs' for CMake config files
[9.458s] Level 1:colcon.colcon_core.environment:checking '/workspace/simpleav/20251204/src/simple_av/install/autoware_common_msgs/bin'
[9.458s] Level 1:colcon.colcon_core.environment:checking '/workspace/simpleav/20251204/src/simple_av/install/autoware_common_msgs/lib/pkgconfig/autoware_common_msgs.pc'
[9.458s] Level 1:colcon.colcon_core.environment:checking '/workspace/simpleav/20251204/src/simple_av/install/autoware_common_msgs/lib/python3.10/site-packages'
[9.458s] Level 1:colcon.colcon_core.environment:checking '/workspace/simpleav/20251204/src/simple_av/install/autoware_common_msgs/bin'
[9.459s] INFO:colcon.colcon_core.shell:Creating package script '/workspace/simpleav/20251204/src/simple_av/install/autoware_common_msgs/share/autoware_common_msgs/package.ps1'
[9.459s] INFO:colcon.colcon_core.shell:Creating package descriptor '/workspace/simpleav/20251204/src/simple_av/install/autoware_common_msgs/share/autoware_common_msgs/package.dsv'
[9.459s] INFO:colcon.colcon_core.shell:Creating package script '/workspace/simpleav/20251204/src/simple_av/install/autoware_common_msgs/share/autoware_common_msgs/package.sh'
[9.460s] INFO:colcon.colcon_core.shell:Creating package script '/workspace/simpleav/20251204/src/simple_av/install/autoware_common_msgs/share/autoware_common_msgs/package.bash'
[9.460s] INFO:colcon.colcon_core.shell:Creating package script '/workspace/simpleav/20251204/src/simple_av/install/autoware_common_msgs/share/autoware_common_msgs/package.zsh'
[9.460s] Level 1:colcon.colcon_core.environment:create_file_with_runtime_dependencies(/workspace/simpleav/20251204/src/simple_av/install/autoware_common_msgs/share/colcon-core/packages/autoware_common_msgs)
[9.460s] Level 1:colcon.colcon_core.environment:create_environment_scripts_only(autoware_bag_time_manager_rviz_plugin)
[9.461s] Level 1:colcon.colcon_core.environment:checking '/workspace/simpleav/20251204/src/simple_av/install/autoware_bag_time_manager_rviz_plugin' for CMake module files
[9.461s] Level 1:colcon.colcon_core.environment:checking '/workspace/simpleav/20251204/src/simple_av/install/autoware_bag_time_manager_rviz_plugin' for CMake config files
[9.461s] Level 1:colcon.colcon_core.environment:checking '/workspace/simpleav/20251204/src/simple_av/install/autoware_bag_time_manager_rviz_plugin/bin'
[9.461s] Level 1:colcon.colcon_core.environment:checking '/workspace/simpleav/20251204/src/simple_av/install/autoware_bag_time_manager_rviz_plugin/lib/pkgconfig/autoware_bag_time_manager_rviz_plugin.pc'
[9.461s] Level 1:colcon.colcon_core.environment:checking '/workspace/simpleav/20251204/src/simple_av/install/autoware_bag_time_manager_rviz_plugin/lib/python3.10/site-packages'
[9.461s] Level 1:colcon.colcon_core.environment:checking '/workspace/simpleav/20251204/src/simple_av/install/autoware_bag_time_manager_rviz_plugin/bin'
[9.462s] INFO:colcon.colcon_core.shell:Creating package script '/workspace/simpleav/20251204/src/simple_av/install/autoware_bag_time_manager_rviz_plugin/share/autoware_bag_time_manager_rviz_plugin/package.ps1'
[9.462s] DEBUG:colcon.colcon_core.event_handler.log_command:Invoked command in '/workspace/simpleav/20251204/src/simple_av/build/autoware_bag_time_manager_rviz_plugin' returned '-2': AMENT_PREFIX_PATH=/workspace/simpleav/20251204/src/simple_av/install/autoware_cmake:/workspace/simpleav/20251204/src/simple_av/install/autoware_lint_common:${AMENT_PREFIX_PATH} CMAKE_PREFIX_PATH=/workspace/simpleav/20251204/src/simple_av/install/autoware_cmake:/workspace/simpleav/20251204/src/simple_av/install/autoware_lint_common:/workspace/simpleav/20251204/install/v2x_msgs:/workspace/simpleav/20251204/install/tier4_vehicle_rviz_plugin:/workspace/simpleav/20251204/install/tier4_traffic_light_rviz_plugin:/workspace/simpleav/20251204/install/tier4_system_rviz_plugin:/workspace/simpleav/20251204/install/tier4_camera_view_rviz_plugin:/workspace/simpleav/20251204/install/tier4_adapi_rviz_plugin:/workspace/simpleav/20251204/install/autoware_component_interface_utils:/workspace/simpleav/20251204/install/tier4_system_msgs:/workspace/simpleav/20251204/install/tier4_state_rviz_plugin:/workspace/simpleav/20251204/install/tier4_dummy_object_rviz_plugin:/workspace/simpleav/20251204/install/tier4_simulation_msgs:/workspace/simpleav/20251204/install/tier4_planning_rviz_plugin:/workspace/simpleav/20251204/install/tier4_planning_factor_rviz_plugin:/workspace/simpleav/20251204/install/tier4_localization_rviz_plugin:/workspace/simpleav/20251204/install/tier4_external_api_msgs:/workspace/simpleav/20251204/install/tier4_datetime_rviz_plugin:/workspace/simpleav/20251204/install/simple_av_msgs:/workspace/simpleav/20251204/install/autoware_overlay_rviz_plugin:/workspace/simpleav/20251204/install/autoware_motion_utils:/workspace/simpleav/20251204/install/autoware_map_loader:/workspace/simpleav/20251204/install/autoware_component_interface_specs:/workspace/simpleav/20251204/install/autoware_vehicle_msgs:/workspace/simpleav/20251204/install/autoware_vehicle_info_utils:/workspace/simpleav/20251204/install/autoware_utils:/workspace/simpleav/20251204/install/autoware_utils_visualization:/workspace/simpleav/20251204/install/autoware_utils_uuid:/workspace/simpleav/20251204/install/autoware_utils_pcl:/workspace/simpleav/20251204/install/autoware_utils_tf:/workspace/simpleav/20251204/install/autoware_utils_debug:/workspace/simpleav/20251204/install/autoware_utils_system:/workspace/simpleav/20251204/install/autoware_utils_rclcpp:/workspace/simpleav/20251204/install/autoware_interpolation:/workspace/simpleav/20251204/install/autoware_utils_geometry:/workspace/simpleav/20251204/install/autoware_utils_math:/workspace/simpleav/20251204/install/autoware_utils_logging:/workspace/simpleav/20251204/install/autoware_utils_diagnostics:/workspace/simpleav/20251204/install/autoware_system_msgs:/workspace/simpleav/20251204/install/autoware_string_stamped_rviz_plugin:/workspace/simpleav/20251204/install/autoware_sensing_msgs:/workspace/simpleav/20251204/install/autoware_polar_grid:/workspace/simpleav/20251204/install/autoware_mission_details_overlay_rviz_plugin:/workspace/simpleav/20251204/install/autoware_lanelet2_map_visualizer:/workspace/simpleav/20251204/install/autoware_lanelet2_extension_python:/workspace/simpleav/20251204/install/autoware_geography_utils:/workspace/simpleav/20251204/install/autoware_lanelet2_extension:/workspace/simpleav/20251204/install/autoware_internal_msgs:/workspace/simpleav/20251204/install/autoware_internal_planning_msgs:/workspace/simpleav/20251204/install/autoware_planning_msgs:/workspace/simpleav/20251204/install/autoware_perception_rviz_plugin:/workspace/simpleav/20251204/install/autoware_internal_perception_msgs:/workspace/simpleav/20251204/install/autoware_perception_msgs:/workspace/simpleav/20251204/install/autoware_map_msgs:/workspace/simpleav/20251204/install/autoware_localization_msgs:/workspace/simpleav/20251204/install/autoware_lint_common:/workspace/simpleav/20251204/install/autoware_internal_metric_msgs:/workspace/simpleav/20251204/install/autoware_internal_localization_msgs:/workspace/simpleav/20251204/install/autoware_internal_debug_msgs:/workspace/simpleav/20251204/install/autoware_control_msgs:/workspace/simpleav/20251204/install/autoware_common_msgs:/workspace/simpleav/20251204/install/autoware_cmake:/workspace/simpleav/20251204/install/autoware_bag_time_manager_rviz_plugin:/workspace/simpleav/20251204/install/autoware_adapi_version_msgs:/workspace/simpleav/20251204/install/autoware_adapi_v1_msgs:/workspace/simpleav/20251204/install/autoware_adapi_specs:/workspace/simpleav/20251204/install/system:/workspace/simpleav/20251204/install/simple_av_logger:/workspace/simpleav/20251204/install/simple_av:/workspace/simpleav/20251204/install/planning:/workspace/simpleav/20251204/install/perception:/workspace/simpleav/20251204/install/localization:/workspace/simpleav/20251204/install/control:/workspace/simpleav/20251204/install/common:/opt/ros/humble /usr/bin/cmake /workspace/simpleav/20251204/src/simple_av/src/visualization/autoware_plugins/autoware_bag_time_manager_rviz_plugin -DAMENT_CMAKE_SYMLINK_INSTALL=1 -DCMAKE_INSTALL_PREFIX=/workspace/simpleav/20251204/src/simple_av/install/autoware_bag_time_manager_rviz_plugin
[9.462s] INFO:colcon.colcon_core.shell:Creating package descriptor '/workspace/simpleav/20251204/src/simple_av/install/autoware_bag_time_manager_rviz_plugin/share/autoware_bag_time_manager_rviz_plugin/package.dsv'
[9.463s] INFO:colcon.colcon_core.shell:Creating package script '/workspace/simpleav/20251204/src/simple_av/install/autoware_bag_time_manager_rviz_plugin/share/autoware_bag_time_manager_rviz_plugin/package.sh'
[9.463s] INFO:colcon.colcon_core.shell:Creating package script '/workspace/simpleav/20251204/src/simple_av/install/autoware_bag_time_manager_rviz_plugin/share/autoware_bag_time_manager_rviz_plugin/package.bash'
[9.463s] INFO:colcon.colcon_core.shell:Creating package script '/workspace/simpleav/20251204/src/simple_av/install/autoware_bag_time_manager_rviz_plugin/share/autoware_bag_time_manager_rviz_plugin/package.zsh'
[9.463s] Level 1:colcon.colcon_core.environment:create_file_with_runtime_dependencies(/workspace/simpleav/20251204/src/simple_av/install/autoware_bag_time_manager_rviz_plugin/share/colcon-core/packages/autoware_bag_time_manager_rviz_plugin)
[9.464s] Level 1:colcon.colcon_core.environment:create_environment_scripts_only(autoware_system_msgs)
[9.464s] Level 1:colcon.colcon_core.environment:checking '/workspace/simpleav/20251204/src/simple_av/install/autoware_system_msgs' for CMake module files
[9.465s] Level 1:colcon.colcon_core.environment:checking '/workspace/simpleav/20251204/src/simple_av/install/autoware_system_msgs' for CMake config files
[9.465s] Level 1:colcon.colcon_core.environment:checking '/workspace/simpleav/20251204/src/simple_av/install/autoware_system_msgs/bin'
[9.465s] Level 1:colcon.colcon_core.environment:checking '/workspace/simpleav/20251204/src/simple_av/install/autoware_system_msgs/lib/pkgconfig/autoware_system_msgs.pc'
[9.465s] Level 1:colcon.colcon_core.environment:checking '/workspace/simpleav/20251204/src/simple_av/install/autoware_system_msgs/lib/python3.10/site-packages'
[9.465s] Level 1:colcon.colcon_core.environment:checking '/workspace/simpleav/20251204/src/simple_av/install/autoware_system_msgs/bin'
[9.465s] INFO:colcon.colcon_core.shell:Creating package script '/workspace/simpleav/20251204/src/simple_av/install/autoware_system_msgs/share/autoware_system_msgs/package.ps1'
[9.466s] INFO:colcon.colcon_core.shell:Creating package descriptor '/workspace/simpleav/20251204/src/simple_av/install/autoware_system_msgs/share/autoware_system_msgs/package.dsv'
[9.466s] DEBUG:colcon.colcon_core.event_handler.log_command:Invoked command in '/workspace/simpleav/20251204/src/simple_av/build/autoware_system_msgs' returned '-2': CMAKE_PREFIX_PATH=${CMAKE_PREFIX_PATH}:/workspace/simpleav/20251204/install/system:/workspace/simpleav/20251204/install/simple_av_logger:/workspace/simpleav/20251204/install/simple_av:/workspace/simpleav/20251204/install/planning:/workspace/simpleav/20251204/install/perception:/workspace/simpleav/20251204/install/localization:/workspace/simpleav/20251204/install/control:/workspace/simpleav/20251204/install/common:/opt/ros/humble /usr/bin/cmake --build /workspace/simpleav/20251204/src/simple_av/build/autoware_system_msgs -- -j52 -l52
[9.466s] INFO:colcon.colcon_core.shell:Creating package script '/workspace/simpleav/20251204/src/simple_av/install/autoware_system_msgs/share/autoware_system_msgs/package.sh'
[9.467s] INFO:colcon.colcon_core.shell:Creating package script '/workspace/simpleav/20251204/src/simple_av/install/autoware_system_msgs/share/autoware_system_msgs/package.bash'
[9.467s] INFO:colcon.colcon_core.shell:Creating package script '/workspace/simpleav/20251204/src/simple_av/install/autoware_system_msgs/share/autoware_system_msgs/package.zsh'
[9.467s] Level 1:colcon.colcon_core.environment:create_file_with_runtime_dependencies(/workspace/simpleav/20251204/src/simple_av/install/autoware_system_msgs/share/colcon-core/packages/autoware_system_msgs)
[9.468s] DEBUG:colcon.colcon_core.event_handler.log_command:Invoked command in '/workspace/simpleav/20251204/src/simple_av/build/autoware_adapi_specs' returned '0': AMENT_PREFIX_PATH=/workspace/simpleav/20251204/src/simple_av/install/autoware_cmake:/workspace/simpleav/20251204/src/simple_av/install/autoware_lint_common:${AMENT_PREFIX_PATH} CMAKE_PREFIX_PATH=/workspace/simpleav/20251204/src/simple_av/install/autoware_cmake:/workspace/simpleav/20251204/src/simple_av/install/autoware_lint_common:/workspace/simpleav/20251204/install/v2x_msgs:/workspace/simpleav/20251204/install/tier4_vehicle_rviz_plugin:/workspace/simpleav/20251204/install/tier4_traffic_light_rviz_plugin:/workspace/simpleav/20251204/install/tier4_system_rviz_plugin:/workspace/simpleav/20251204/install/tier4_camera_view_rviz_plugin:/workspace/simpleav/20251204/install/tier4_adapi_rviz_plugin:/workspace/simpleav/20251204/install/autoware_component_interface_utils:/workspace/simpleav/20251204/install/tier4_system_msgs:/workspace/simpleav/20251204/install/tier4_state_rviz_plugin:/workspace/simpleav/20251204/install/tier4_dummy_object_rviz_plugin:/workspace/simpleav/20251204/install/tier4_simulation_msgs:/workspace/simpleav/20251204/install/tier4_planning_rviz_plugin:/workspace/simpleav/20251204/install/tier4_planning_factor_rviz_plugin:/workspace/simpleav/20251204/install/tier4_localization_rviz_plugin:/workspace/simpleav/20251204/install/tier4_external_api_msgs:/workspace/simpleav/20251204/install/tier4_datetime_rviz_plugin:/workspace/simpleav/20251204/install/simple_av_msgs:/workspace/simpleav/20251204/install/autoware_overlay_rviz_plugin:/workspace/simpleav/20251204/install/autoware_motion_utils:/workspace/simpleav/20251204/install/autoware_map_loader:/workspace/simpleav/20251204/install/autoware_component_interface_specs:/workspace/simpleav/20251204/install/autoware_vehicle_msgs:/workspace/simpleav/20251204/install/autoware_vehicle_info_utils:/workspace/simpleav/20251204/install/autoware_utils:/workspace/simpleav/20251204/install/autoware_utils_visualization:/workspace/simpleav/20251204/install/autoware_utils_uuid:/workspace/simpleav/20251204/install/autoware_utils_pcl:/workspace/simpleav/20251204/install/autoware_utils_tf:/workspace/simpleav/20251204/install/autoware_utils_debug:/workspace/simpleav/20251204/install/autoware_utils_system:/workspace/simpleav/20251204/install/autoware_utils_rclcpp:/workspace/simpleav/20251204/install/autoware_interpolation:/workspace/simpleav/20251204/install/autoware_utils_geometry:/workspace/simpleav/20251204/install/autoware_utils_math:/workspace/simpleav/20251204/install/autoware_utils_logging:/workspace/simpleav/20251204/install/autoware_utils_diagnostics:/workspace/simpleav/20251204/install/autoware_system_msgs:/workspace/simpleav/20251204/install/autoware_string_stamped_rviz_plugin:/workspace/simpleav/20251204/install/autoware_sensing_msgs:/workspace/simpleav/20251204/install/autoware_polar_grid:/workspace/simpleav/20251204/install/autoware_mission_details_overlay_rviz_plugin:/workspace/simpleav/20251204/install/autoware_lanelet2_map_visualizer:/workspace/simpleav/20251204/install/autoware_lanelet2_extension_python:/workspace/simpleav/20251204/install/autoware_geography_utils:/workspace/simpleav/20251204/install/autoware_lanelet2_extension:/workspace/simpleav/20251204/install/autoware_internal_msgs:/workspace/simpleav/20251204/install/autoware_internal_planning_msgs:/workspace/simpleav/20251204/install/autoware_planning_msgs:/workspace/simpleav/20251204/install/autoware_perception_rviz_plugin:/workspace/simpleav/20251204/install/autoware_internal_perception_msgs:/workspace/simpleav/20251204/install/autoware_perception_msgs:/workspace/simpleav/20251204/install/autoware_map_msgs:/workspace/simpleav/20251204/install/autoware_localization_msgs:/workspace/simpleav/20251204/install/autoware_lint_common:/workspace/simpleav/20251204/install/autoware_internal_metric_msgs:/workspace/simpleav/20251204/install/autoware_internal_localization_msgs:/workspace/simpleav/20251204/install/autoware_internal_debug_msgs:/workspace/simpleav/20251204/install/autoware_control_msgs:/workspace/simpleav/20251204/install/autoware_common_msgs:/workspace/simpleav/20251204/install/autoware_cmake:/workspace/simpleav/20251204/install/autoware_bag_time_manager_rviz_plugin:/workspace/simpleav/20251204/install/autoware_adapi_version_msgs:/workspace/simpleav/20251204/install/autoware_adapi_v1_msgs:/workspace/simpleav/20251204/install/autoware_adapi_specs:/workspace/simpleav/20251204/install/system:/workspace/simpleav/20251204/install/simple_av_logger:/workspace/simpleav/20251204/install/simple_av:/workspace/simpleav/20251204/install/planning:/workspace/simpleav/20251204/install/perception:/workspace/simpleav/20251204/install/localization:/workspace/simpleav/20251204/install/control:/workspace/simpleav/20251204/install/common:/opt/ros/humble /usr/bin/cmake --build /workspace/simpleav/20251204/src/simple_av/build/autoware_adapi_specs -- -j52 -l52
[9.470s] DEBUG:colcon.colcon_core.event_handler.log_command:Invoking command in '/workspace/simpleav/20251204/src/simple_av/build/autoware_adapi_specs': AMENT_PREFIX_PATH=/workspace/simpleav/20251204/src/simple_av/install/autoware_cmake:/workspace/simpleav/20251204/src/simple_av/install/autoware_lint_common:${AMENT_PREFIX_PATH} CMAKE_PREFIX_PATH=/workspace/simpleav/20251204/src/simple_av/install/autoware_cmake:/workspace/simpleav/20251204/src/simple_av/install/autoware_lint_common:/workspace/simpleav/20251204/install/v2x_msgs:/workspace/simpleav/20251204/install/tier4_vehicle_rviz_plugin:/workspace/simpleav/20251204/install/tier4_traffic_light_rviz_plugin:/workspace/simpleav/20251204/install/tier4_system_rviz_plugin:/workspace/simpleav/20251204/install/tier4_camera_view_rviz_plugin:/workspace/simpleav/20251204/install/tier4_adapi_rviz_plugin:/workspace/simpleav/20251204/install/autoware_component_interface_utils:/workspace/simpleav/20251204/install/tier4_system_msgs:/workspace/simpleav/20251204/install/tier4_state_rviz_plugin:/workspace/simpleav/20251204/install/tier4_dummy_object_rviz_plugin:/workspace/simpleav/20251204/install/tier4_simulation_msgs:/workspace/simpleav/20251204/install/tier4_planning_rviz_plugin:/workspace/simpleav/20251204/install/tier4_planning_factor_rviz_plugin:/workspace/simpleav/20251204/install/tier4_localization_rviz_plugin:/workspace/simpleav/20251204/install/tier4_external_api_msgs:/workspace/simpleav/20251204/install/tier4_datetime_rviz_plugin:/workspace/simpleav/20251204/install/simple_av_msgs:/workspace/simpleav/20251204/install/autoware_overlay_rviz_plugin:/workspace/simpleav/20251204/install/autoware_motion_utils:/workspace/simpleav/20251204/install/autoware_map_loader:/workspace/simpleav/20251204/install/autoware_component_interface_specs:/workspace/simpleav/20251204/install/autoware_vehicle_msgs:/workspace/simpleav/20251204/install/autoware_vehicle_info_utils:/workspace/simpleav/20251204/install/autoware_utils:/workspace/simpleav/20251204/install/autoware_utils_visualization:/workspace/simpleav/20251204/install/autoware_utils_uuid:/workspace/simpleav/20251204/install/autoware_utils_pcl:/workspace/simpleav/20251204/install/autoware_utils_tf:/workspace/simpleav/20251204/install/autoware_utils_debug:/workspace/simpleav/20251204/install/autoware_utils_system:/workspace/simpleav/20251204/install/autoware_utils_rclcpp:/workspace/simpleav/20251204/install/autoware_interpolation:/workspace/simpleav/20251204/install/autoware_utils_geometry:/workspace/simpleav/20251204/install/autoware_utils_math:/workspace/simpleav/20251204/install/autoware_utils_logging:/workspace/simpleav/20251204/install/autoware_utils_diagnostics:/workspace/simpleav/20251204/install/autoware_system_msgs:/workspace/simpleav/20251204/install/autoware_string_stamped_rviz_plugin:/workspace/simpleav/20251204/install/autoware_sensing_msgs:/workspace/simpleav/20251204/install/autoware_polar_grid:/workspace/simpleav/20251204/install/autoware_mission_details_overlay_rviz_plugin:/workspace/simpleav/20251204/install/autoware_lanelet2_map_visualizer:/workspace/simpleav/20251204/install/autoware_lanelet2_extension_python:/workspace/simpleav/20251204/install/autoware_geography_utils:/workspace/simpleav/20251204/install/autoware_lanelet2_extension:/workspace/simpleav/20251204/install/autoware_internal_msgs:/workspace/simpleav/20251204/install/autoware_internal_planning_msgs:/workspace/simpleav/20251204/install/autoware_planning_msgs:/workspace/simpleav/20251204/install/autoware_perception_rviz_plugin:/workspace/simpleav/20251204/install/autoware_internal_perception_msgs:/workspace/simpleav/20251204/install/autoware_perception_msgs:/workspace/simpleav/20251204/install/autoware_map_msgs:/workspace/simpleav/20251204/install/autoware_localization_msgs:/workspace/simpleav/20251204/install/autoware_lint_common:/workspace/simpleav/20251204/install/autoware_internal_metric_msgs:/workspace/simpleav/20251204/install/autoware_internal_localization_msgs:/workspace/simpleav/20251204/install/autoware_internal_debug_msgs:/workspace/simpleav/20251204/install/autoware_control_msgs:/workspace/simpleav/20251204/install/autoware_common_msgs:/workspace/simpleav/20251204/install/autoware_cmake:/workspace/simpleav/20251204/install/autoware_bag_time_manager_rviz_plugin:/workspace/simpleav/20251204/install/autoware_adapi_version_msgs:/workspace/simpleav/20251204/install/autoware_adapi_v1_msgs:/workspace/simpleav/20251204/install/autoware_adapi_specs:/workspace/simpleav/20251204/install/system:/workspace/simpleav/20251204/install/simple_av_logger:/workspace/simpleav/20251204/install/simple_av:/workspace/simpleav/20251204/install/planning:/workspace/simpleav/20251204/install/perception:/workspace/simpleav/20251204/install/localization:/workspace/simpleav/20251204/install/control:/workspace/simpleav/20251204/install/common:/opt/ros/humble /usr/bin/cmake --install /workspace/simpleav/20251204/src/simple_av/build/autoware_adapi_specs
[9.471s] DEBUG:colcon.colcon_core.event_handler.log_command:Invoked command in '/workspace/simpleav/20251204/src/simple_av/build/autoware_utils_system' returned '-2': AMENT_PREFIX_PATH=/workspace/simpleav/20251204/src/simple_av/install/autoware_cmake:/workspace/simpleav/20251204/src/simple_av/install/autoware_lint_common:${AMENT_PREFIX_PATH} CMAKE_PREFIX_PATH=/workspace/simpleav/20251204/src/simple_av/install/autoware_cmake:/workspace/simpleav/20251204/src/simple_av/install/autoware_lint_common:/workspace/simpleav/20251204/install/v2x_msgs:/workspace/simpleav/20251204/install/tier4_vehicle_rviz_plugin:/workspace/simpleav/20251204/install/tier4_traffic_light_rviz_plugin:/workspace/simpleav/20251204/install/tier4_system_rviz_plugin:/workspace/simpleav/20251204/install/tier4_camera_view_rviz_plugin:/workspace/simpleav/20251204/install/tier4_adapi_rviz_plugin:/workspace/simpleav/20251204/install/autoware_component_interface_utils:/workspace/simpleav/20251204/install/tier4_system_msgs:/workspace/simpleav/20251204/install/tier4_state_rviz_plugin:/workspace/simpleav/20251204/install/tier4_dummy_object_rviz_plugin:/workspace/simpleav/20251204/install/tier4_simulation_msgs:/workspace/simpleav/20251204/install/tier4_planning_rviz_plugin:/workspace/simpleav/20251204/install/tier4_planning_factor_rviz_plugin:/workspace/simpleav/20251204/install/tier4_localization_rviz_plugin:/workspace/simpleav/20251204/install/tier4_external_api_msgs:/workspace/simpleav/20251204/install/tier4_datetime_rviz_plugin:/workspace/simpleav/20251204/install/simple_av_msgs:/workspace/simpleav/20251204/install/autoware_overlay_rviz_plugin:/workspace/simpleav/20251204/install/autoware_motion_utils:/workspace/simpleav/20251204/install/autoware_map_loader:/workspace/simpleav/20251204/install/autoware_component_interface_specs:/workspace/simpleav/20251204/install/autoware_vehicle_msgs:/workspace/simpleav/20251204/install/autoware_vehicle_info_utils:/workspace/simpleav/20251204/install/autoware_utils:/workspace/simpleav/20251204/install/autoware_utils_visualization:/workspace/simpleav/20251204/install/autoware_utils_uuid:/workspace/simpleav/20251204/install/autoware_utils_pcl:/workspace/simpleav/20251204/install/autoware_utils_tf:/workspace/simpleav/20251204/install/autoware_utils_debug:/workspace/simpleav/20251204/install/autoware_utils_system:/workspace/simpleav/20251204/install/autoware_utils_rclcpp:/workspace/simpleav/20251204/install/autoware_interpolation:/workspace/simpleav/20251204/install/autoware_utils_geometry:/workspace/simpleav/20251204/install/autoware_utils_math:/workspace/simpleav/20251204/install/autoware_utils_logging:/workspace/simpleav/20251204/install/autoware_utils_diagnostics:/workspace/simpleav/20251204/install/autoware_system_msgs:/workspace/simpleav/20251204/install/autoware_string_stamped_rviz_plugin:/workspace/simpleav/20251204/install/autoware_sensing_msgs:/workspace/simpleav/20251204/install/autoware_polar_grid:/workspace/simpleav/20251204/install/autoware_mission_details_overlay_rviz_plugin:/workspace/simpleav/20251204/install/autoware_lanelet2_map_visualizer:/workspace/simpleav/20251204/install/autoware_lanelet2_extension_python:/workspace/simpleav/20251204/install/autoware_geography_utils:/workspace/simpleav/20251204/install/autoware_lanelet2_extension:/workspace/simpleav/20251204/install/autoware_internal_msgs:/workspace/simpleav/20251204/install/autoware_internal_planning_msgs:/workspace/simpleav/20251204/install/autoware_planning_msgs:/workspace/simpleav/20251204/install/autoware_perception_rviz_plugin:/workspace/simpleav/20251204/install/autoware_internal_perception_msgs:/workspace/simpleav/20251204/install/autoware_perception_msgs:/workspace/simpleav/20251204/install/autoware_map_msgs:/workspace/simpleav/20251204/install/autoware_localization_msgs:/workspace/simpleav/20251204/install/autoware_lint_common:/workspace/simpleav/20251204/install/autoware_internal_metric_msgs:/workspace/simpleav/20251204/install/autoware_internal_localization_msgs:/workspace/simpleav/20251204/install/autoware_internal_debug_msgs:/workspace/simpleav/20251204/install/autoware_control_msgs:/workspace/simpleav/20251204/install/autoware_common_msgs:/workspace/simpleav/20251204/install/autoware_cmake:/workspace/simpleav/20251204/install/autoware_bag_time_manager_rviz_plugin:/workspace/simpleav/20251204/install/autoware_adapi_version_msgs:/workspace/simpleav/20251204/install/autoware_adapi_v1_msgs:/workspace/simpleav/20251204/install/autoware_adapi_specs:/workspace/simpleav/20251204/install/system:/workspace/simpleav/20251204/install/simple_av_logger:/workspace/simpleav/20251204/install/simple_av:/workspace/simpleav/20251204/install/planning:/workspace/simpleav/20251204/install/perception:/workspace/simpleav/20251204/install/localization:/workspace/simpleav/20251204/install/control:/workspace/simpleav/20251204/install/common:/opt/ros/humble /usr/bin/cmake --build /workspace/simpleav/20251204/src/simple_av/build/autoware_utils_system -- -j52 -l52
[9.471s] Level 1:colcon.colcon_core.environment:create_environment_scripts_only(autoware_utils_system)
[9.471s] Level 1:colcon.colcon_core.environment:checking '/workspace/simpleav/20251204/src/simple_av/install/autoware_utils_system' for CMake module files
[9.471s] Level 1:colcon.colcon_core.environment:checking '/workspace/simpleav/20251204/src/simple_av/install/autoware_utils_system' for CMake config files
[9.472s] Level 1:colcon.colcon_core.environment:checking '/workspace/simpleav/20251204/src/simple_av/install/autoware_utils_system/bin'
[9.472s] Level 1:colcon.colcon_core.environment:checking '/workspace/simpleav/20251204/src/simple_av/install/autoware_utils_system/lib/pkgconfig/autoware_utils_system.pc'
[9.472s] Level 1:colcon.colcon_core.environment:checking '/workspace/simpleav/20251204/src/simple_av/install/autoware_utils_system/lib/python3.10/site-packages'
[9.472s] Level 1:colcon.colcon_core.environment:checking '/workspace/simpleav/20251204/src/simple_av/install/autoware_utils_system/bin'
[9.472s] INFO:colcon.colcon_core.shell:Creating package script '/workspace/simpleav/20251204/src/simple_av/install/autoware_utils_system/share/autoware_utils_system/package.ps1'
[9.473s] INFO:colcon.colcon_core.shell:Creating package descriptor '/workspace/simpleav/20251204/src/simple_av/install/autoware_utils_system/share/autoware_utils_system/package.dsv'
[9.473s] INFO:colcon.colcon_core.shell:Creating package script '/workspace/simpleav/20251204/src/simple_av/install/autoware_utils_system/share/autoware_utils_system/package.sh'
[9.473s] INFO:colcon.colcon_core.shell:Creating package script '/workspace/simpleav/20251204/src/simple_av/install/autoware_utils_system/share/autoware_utils_system/package.bash'
[9.474s] INFO:colcon.colcon_core.shell:Creating package script '/workspace/simpleav/20251204/src/simple_av/install/autoware_utils_system/share/autoware_utils_system/package.zsh'
[9.474s] Level 1:colcon.colcon_core.environment:create_file_with_runtime_dependencies(/workspace/simpleav/20251204/src/simple_av/install/autoware_utils_system/share/colcon-core/packages/autoware_utils_system)
[9.474s] Level 1:colcon.colcon_core.environment:create_environment_scripts_only(tier4_datetime_rviz_plugin)
[9.475s] Level 1:colcon.colcon_core.environment:checking '/workspace/simpleav/20251204/src/simple_av/install/tier4_datetime_rviz_plugin' for CMake module files
[9.475s] DEBUG:colcon.colcon_core.event_handler.log_command:Invoked command in '/workspace/simpleav/20251204/src/simple_av/build/tier4_datetime_rviz_plugin' returned '-2': AMENT_PREFIX_PATH=/workspace/simpleav/20251204/src/simple_av/install/autoware_cmake:/workspace/simpleav/20251204/src/simple_av/install/autoware_lint_common:${AMENT_PREFIX_PATH} CMAKE_PREFIX_PATH=/workspace/simpleav/20251204/src/simple_av/install/autoware_cmake:/workspace/simpleav/20251204/src/simple_av/install/autoware_lint_common:/workspace/simpleav/20251204/install/v2x_msgs:/workspace/simpleav/20251204/install/tier4_vehicle_rviz_plugin:/workspace/simpleav/20251204/install/tier4_traffic_light_rviz_plugin:/workspace/simpleav/20251204/install/tier4_system_rviz_plugin:/workspace/simpleav/20251204/install/tier4_camera_view_rviz_plugin:/workspace/simpleav/20251204/install/tier4_adapi_rviz_plugin:/workspace/simpleav/20251204/install/autoware_component_interface_utils:/workspace/simpleav/20251204/install/tier4_system_msgs:/workspace/simpleav/20251204/install/tier4_state_rviz_plugin:/workspace/simpleav/20251204/install/tier4_dummy_object_rviz_plugin:/workspace/simpleav/20251204/install/tier4_simulation_msgs:/workspace/simpleav/20251204/install/tier4_planning_rviz_plugin:/workspace/simpleav/20251204/install/tier4_planning_factor_rviz_plugin:/workspace/simpleav/20251204/install/tier4_localization_rviz_plugin:/workspace/simpleav/20251204/install/tier4_external_api_msgs:/workspace/simpleav/20251204/install/tier4_datetime_rviz_plugin:/workspace/simpleav/20251204/install/simple_av_msgs:/workspace/simpleav/20251204/install/autoware_overlay_rviz_plugin:/workspace/simpleav/20251204/install/autoware_motion_utils:/workspace/simpleav/20251204/install/autoware_map_loader:/workspace/simpleav/20251204/install/autoware_component_interface_specs:/workspace/simpleav/20251204/install/autoware_vehicle_msgs:/workspace/simpleav/20251204/install/autoware_vehicle_info_utils:/workspace/simpleav/20251204/install/autoware_utils:/workspace/simpleav/20251204/install/autoware_utils_visualization:/workspace/simpleav/20251204/install/autoware_utils_uuid:/workspace/simpleav/20251204/install/autoware_utils_pcl:/workspace/simpleav/20251204/install/autoware_utils_tf:/workspace/simpleav/20251204/install/autoware_utils_debug:/workspace/simpleav/20251204/install/autoware_utils_system:/workspace/simpleav/20251204/install/autoware_utils_rclcpp:/workspace/simpleav/20251204/install/autoware_interpolation:/workspace/simpleav/20251204/install/autoware_utils_geometry:/workspace/simpleav/20251204/install/autoware_utils_math:/workspace/simpleav/20251204/install/autoware_utils_logging:/workspace/simpleav/20251204/install/autoware_utils_diagnostics:/workspace/simpleav/20251204/install/autoware_system_msgs:/workspace/simpleav/20251204/install/autoware_string_stamped_rviz_plugin:/workspace/simpleav/20251204/install/autoware_sensing_msgs:/workspace/simpleav/20251204/install/autoware_polar_grid:/workspace/simpleav/20251204/install/autoware_mission_details_overlay_rviz_plugin:/workspace/simpleav/20251204/install/autoware_lanelet2_map_visualizer:/workspace/simpleav/20251204/install/autoware_lanelet2_extension_python:/workspace/simpleav/20251204/install/autoware_geography_utils:/workspace/simpleav/20251204/install/autoware_lanelet2_extension:/workspace/simpleav/20251204/install/autoware_internal_msgs:/workspace/simpleav/20251204/install/autoware_internal_planning_msgs:/workspace/simpleav/20251204/install/autoware_planning_msgs:/workspace/simpleav/20251204/install/autoware_perception_rviz_plugin:/workspace/simpleav/20251204/install/autoware_internal_perception_msgs:/workspace/simpleav/20251204/install/autoware_perception_msgs:/workspace/simpleav/20251204/install/autoware_map_msgs:/workspace/simpleav/20251204/install/autoware_localization_msgs:/workspace/simpleav/20251204/install/autoware_lint_common:/workspace/simpleav/20251204/install/autoware_internal_metric_msgs:/workspace/simpleav/20251204/install/autoware_internal_localization_msgs:/workspace/simpleav/20251204/install/autoware_internal_debug_msgs:/workspace/simpleav/20251204/install/autoware_control_msgs:/workspace/simpleav/20251204/install/autoware_common_msgs:/workspace/simpleav/20251204/install/autoware_cmake:/workspace/simpleav/20251204/install/autoware_bag_time_manager_rviz_plugin:/workspace/simpleav/20251204/install/autoware_adapi_version_msgs:/workspace/simpleav/20251204/install/autoware_adapi_v1_msgs:/workspace/simpleav/20251204/install/autoware_adapi_specs:/workspace/simpleav/20251204/install/system:/workspace/simpleav/20251204/install/simple_av_logger:/workspace/simpleav/20251204/install/simple_av:/workspace/simpleav/20251204/install/planning:/workspace/simpleav/20251204/install/perception:/workspace/simpleav/20251204/install/localization:/workspace/simpleav/20251204/install/control:/workspace/simpleav/20251204/install/common:/opt/ros/humble /usr/bin/cmake /workspace/simpleav/20251204/src/simple_av/src/visualization/autoware_plugins/tier4_datetime_rviz_plugin -DAMENT_CMAKE_SYMLINK_INSTALL=1 -DCMAKE_INSTALL_PREFIX=/workspace/simpleav/20251204/src/simple_av/install/tier4_datetime_rviz_plugin
[9.475s] Level 1:colcon.colcon_core.environment:checking '/workspace/simpleav/20251204/src/simple_av/install/tier4_datetime_rviz_plugin' for CMake config files
[9.476s] Level 1:colcon.colcon_core.environment:checking '/workspace/simpleav/20251204/src/simple_av/install/tier4_datetime_rviz_plugin/bin'
[9.476s] Level 1:colcon.colcon_core.environment:checking '/workspace/simpleav/20251204/src/simple_av/install/tier4_datetime_rviz_plugin/lib/pkgconfig/tier4_datetime_rviz_plugin.pc'
[9.476s] Level 1:colcon.colcon_core.environment:checking '/workspace/simpleav/20251204/src/simple_av/install/tier4_datetime_rviz_plugin/lib/python3.10/site-packages'
[9.476s] Level 1:colcon.colcon_core.environment:checking '/workspace/simpleav/20251204/src/simple_av/install/tier4_datetime_rviz_plugin/bin'
[9.476s] INFO:colcon.colcon_core.shell:Creating package script '/workspace/simpleav/20251204/src/simple_av/install/tier4_datetime_rviz_plugin/share/tier4_datetime_rviz_plugin/package.ps1'
[9.477s] INFO:colcon.colcon_core.shell:Creating package descriptor '/workspace/simpleav/20251204/src/simple_av/install/tier4_datetime_rviz_plugin/share/tier4_datetime_rviz_plugin/package.dsv'
[9.477s] INFO:colcon.colcon_core.shell:Creating package script '/workspace/simpleav/20251204/src/simple_av/install/tier4_datetime_rviz_plugin/share/tier4_datetime_rviz_plugin/package.sh'
[9.477s] INFO:colcon.colcon_core.shell:Creating package script '/workspace/simpleav/20251204/src/simple_av/install/tier4_datetime_rviz_plugin/share/tier4_datetime_rviz_plugin/package.bash'
[9.477s] INFO:colcon.colcon_core.shell:Creating package script '/workspace/simpleav/20251204/src/simple_av/install/tier4_datetime_rviz_plugin/share/tier4_datetime_rviz_plugin/package.zsh'
[9.477s] Level 1:colcon.colcon_core.environment:create_file_with_runtime_dependencies(/workspace/simpleav/20251204/src/simple_av/install/tier4_datetime_rviz_plugin/share/colcon-core/packages/tier4_datetime_rviz_plugin)
[9.479s] DEBUG:colcon.colcon_core.event_handler.log_command:Invoked command in '/workspace/simpleav/20251204/src/simple_av/build/autoware_sensing_msgs' returned '-2': CMAKE_PREFIX_PATH=${CMAKE_PREFIX_PATH}:/workspace/simpleav/20251204/install/system:/workspace/simpleav/20251204/install/simple_av_logger:/workspace/simpleav/20251204/install/simple_av:/workspace/simpleav/20251204/install/planning:/workspace/simpleav/20251204/install/perception:/workspace/simpleav/20251204/install/localization:/workspace/simpleav/20251204/install/control:/workspace/simpleav/20251204/install/common:/opt/ros/humble /usr/bin/cmake --build /workspace/simpleav/20251204/src/simple_av/build/autoware_sensing_msgs -- -j52 -l52
[9.479s] Level 1:colcon.colcon_core.environment:create_environment_scripts_only(autoware_sensing_msgs)
[9.480s] Level 1:colcon.colcon_core.environment:checking '/workspace/simpleav/20251204/src/simple_av/install/autoware_sensing_msgs' for CMake module files
[9.480s] Level 1:colcon.colcon_core.environment:checking '/workspace/simpleav/20251204/src/simple_av/install/autoware_sensing_msgs' for CMake config files
[9.480s] Level 1:colcon.colcon_core.environment:checking '/workspace/simpleav/20251204/src/simple_av/install/autoware_sensing_msgs/bin'
[9.480s] Level 1:colcon.colcon_core.environment:checking '/workspace/simpleav/20251204/src/simple_av/install/autoware_sensing_msgs/lib/pkgconfig/autoware_sensing_msgs.pc'
[9.480s] Level 1:colcon.colcon_core.environment:checking '/workspace/simpleav/20251204/src/simple_av/install/autoware_sensing_msgs/lib/python3.10/site-packages'
[9.480s] Level 1:colcon.colcon_core.environment:checking '/workspace/simpleav/20251204/src/simple_av/install/autoware_sensing_msgs/bin'
[9.481s] INFO:colcon.colcon_core.shell:Creating package script '/workspace/simpleav/20251204/src/simple_av/install/autoware_sensing_msgs/share/autoware_sensing_msgs/package.ps1'
[9.481s] INFO:colcon.colcon_core.shell:Creating package descriptor '/workspace/simpleav/20251204/src/simple_av/install/autoware_sensing_msgs/share/autoware_sensing_msgs/package.dsv'
[9.482s] INFO:colcon.colcon_core.shell:Creating package script '/workspace/simpleav/20251204/src/simple_av/install/autoware_sensing_msgs/share/autoware_sensing_msgs/package.sh'
[9.482s] INFO:colcon.colcon_core.shell:Creating package script '/workspace/simpleav/20251204/src/simple_av/install/autoware_sensing_msgs/share/autoware_sensing_msgs/package.bash'
[9.482s] INFO:colcon.colcon_core.shell:Creating package script '/workspace/simpleav/20251204/src/simple_av/install/autoware_sensing_msgs/share/autoware_sensing_msgs/package.zsh'
[9.482s] Level 1:colcon.colcon_core.environment:create_file_with_runtime_dependencies(/workspace/simpleav/20251204/src/simple_av/install/autoware_sensing_msgs/share/colcon-core/packages/autoware_sensing_msgs)
[9.483s] Level 1:colcon.colcon_core.environment:create_environment_scripts_only(autoware_utils_logging)
[9.483s] Level 1:colcon.colcon_core.environment:checking '/workspace/simpleav/20251204/src/simple_av/install/autoware_utils_logging' for CMake module files
[9.483s] DEBUG:colcon.colcon_core.event_handler.log_command:Invoked command in '/workspace/simpleav/20251204/src/simple_av/build/autoware_utils_logging' returned '-2': AMENT_PREFIX_PATH=/workspace/simpleav/20251204/src/simple_av/install/autoware_cmake:/workspace/simpleav/20251204/src/simple_av/install/autoware_lint_common:${AMENT_PREFIX_PATH} CMAKE_PREFIX_PATH=/workspace/simpleav/20251204/src/simple_av/install/autoware_cmake:/workspace/simpleav/20251204/src/simple_av/install/autoware_lint_common:/workspace/simpleav/20251204/install/v2x_msgs:/workspace/simpleav/20251204/install/tier4_vehicle_rviz_plugin:/workspace/simpleav/20251204/install/tier4_traffic_light_rviz_plugin:/workspace/simpleav/20251204/install/tier4_system_rviz_plugin:/workspace/simpleav/20251204/install/tier4_camera_view_rviz_plugin:/workspace/simpleav/20251204/install/tier4_adapi_rviz_plugin:/workspace/simpleav/20251204/install/autoware_component_interface_utils:/workspace/simpleav/20251204/install/tier4_system_msgs:/workspace/simpleav/20251204/install/tier4_state_rviz_plugin:/workspace/simpleav/20251204/install/tier4_dummy_object_rviz_plugin:/workspace/simpleav/20251204/install/tier4_simulation_msgs:/workspace/simpleav/20251204/install/tier4_planning_rviz_plugin:/workspace/simpleav/20251204/install/tier4_planning_factor_rviz_plugin:/workspace/simpleav/20251204/install/tier4_localization_rviz_plugin:/workspace/simpleav/20251204/install/tier4_external_api_msgs:/workspace/simpleav/20251204/install/tier4_datetime_rviz_plugin:/workspace/simpleav/20251204/install/simple_av_msgs:/workspace/simpleav/20251204/install/autoware_overlay_rviz_plugin:/workspace/simpleav/20251204/install/autoware_motion_utils:/workspace/simpleav/20251204/install/autoware_map_loader:/workspace/simpleav/20251204/install/autoware_component_interface_specs:/workspace/simpleav/20251204/install/autoware_vehicle_msgs:/workspace/simpleav/20251204/install/autoware_vehicle_info_utils:/workspace/simpleav/20251204/install/autoware_utils:/workspace/simpleav/20251204/install/autoware_utils_visualization:/workspace/simpleav/20251204/install/autoware_utils_uuid:/workspace/simpleav/20251204/install/autoware_utils_pcl:/workspace/simpleav/20251204/install/autoware_utils_tf:/workspace/simpleav/20251204/install/autoware_utils_debug:/workspace/simpleav/20251204/install/autoware_utils_system:/workspace/simpleav/20251204/install/autoware_utils_rclcpp:/workspace/simpleav/20251204/install/autoware_interpolation:/workspace/simpleav/20251204/install/autoware_utils_geometry:/workspace/simpleav/20251204/install/autoware_utils_math:/workspace/simpleav/20251204/install/autoware_utils_logging:/workspace/simpleav/20251204/install/autoware_utils_diagnostics:/workspace/simpleav/20251204/install/autoware_system_msgs:/workspace/simpleav/20251204/install/autoware_string_stamped_rviz_plugin:/workspace/simpleav/20251204/install/autoware_sensing_msgs:/workspace/simpleav/20251204/install/autoware_polar_grid:/workspace/simpleav/20251204/install/autoware_mission_details_overlay_rviz_plugin:/workspace/simpleav/20251204/install/autoware_lanelet2_map_visualizer:/workspace/simpleav/20251204/install/autoware_lanelet2_extension_python:/workspace/simpleav/20251204/install/autoware_geography_utils:/workspace/simpleav/20251204/install/autoware_lanelet2_extension:/workspace/simpleav/20251204/install/autoware_internal_msgs:/workspace/simpleav/20251204/install/autoware_internal_planning_msgs:/workspace/simpleav/20251204/install/autoware_planning_msgs:/workspace/simpleav/20251204/install/autoware_perception_rviz_plugin:/workspace/simpleav/20251204/install/autoware_internal_perception_msgs:/workspace/simpleav/20251204/install/autoware_perception_msgs:/workspace/simpleav/20251204/install/autoware_map_msgs:/workspace/simpleav/20251204/install/autoware_localization_msgs:/workspace/simpleav/20251204/install/autoware_lint_common:/workspace/simpleav/20251204/install/autoware_internal_metric_msgs:/workspace/simpleav/20251204/install/autoware_internal_localization_msgs:/workspace/simpleav/20251204/install/autoware_internal_debug_msgs:/workspace/simpleav/20251204/install/autoware_control_msgs:/workspace/simpleav/20251204/install/autoware_common_msgs:/workspace/simpleav/20251204/install/autoware_cmake:/workspace/simpleav/20251204/install/autoware_bag_time_manager_rviz_plugin:/workspace/simpleav/20251204/install/autoware_adapi_version_msgs:/workspace/simpleav/20251204/install/autoware_adapi_v1_msgs:/workspace/simpleav/20251204/install/autoware_adapi_specs:/workspace/simpleav/20251204/install/system:/workspace/simpleav/20251204/install/simple_av_logger:/workspace/simpleav/20251204/install/simple_av:/workspace/simpleav/20251204/install/planning:/workspace/simpleav/20251204/install/perception:/workspace/simpleav/20251204/install/localization:/workspace/simpleav/20251204/install/control:/workspace/simpleav/20251204/install/common:/opt/ros/humble /usr/bin/cmake --build /workspace/simpleav/20251204/src/simple_av/build/autoware_utils_logging -- -j52 -l52
[9.484s] Level 1:colcon.colcon_core.environment:checking '/workspace/simpleav/20251204/src/simple_av/install/autoware_utils_logging' for CMake config files
[9.484s] Level 1:colcon.colcon_core.environment:checking '/workspace/simpleav/20251204/src/simple_av/install/autoware_utils_logging/bin'
[9.484s] Level 1:colcon.colcon_core.environment:checking '/workspace/simpleav/20251204/src/simple_av/install/autoware_utils_logging/lib/pkgconfig/autoware_utils_logging.pc'
[9.484s] Level 1:colcon.colcon_core.environment:checking '/workspace/simpleav/20251204/src/simple_av/install/autoware_utils_logging/lib/python3.10/site-packages'
[9.484s] Level 1:colcon.colcon_core.environment:checking '/workspace/simpleav/20251204/src/simple_av/install/autoware_utils_logging/bin'
[9.484s] INFO:colcon.colcon_core.shell:Creating package script '/workspace/simpleav/20251204/src/simple_av/install/autoware_utils_logging/share/autoware_utils_logging/package.ps1'
[9.485s] INFO:colcon.colcon_core.shell:Creating package descriptor '/workspace/simpleav/20251204/src/simple_av/install/autoware_utils_logging/share/autoware_utils_logging/package.dsv'
[9.485s] INFO:colcon.colcon_core.shell:Creating package script '/workspace/simpleav/20251204/src/simple_av/install/autoware_utils_logging/share/autoware_utils_logging/package.sh'
[9.485s] INFO:colcon.colcon_core.shell:Creating package script '/workspace/simpleav/20251204/src/simple_av/install/autoware_utils_logging/share/autoware_utils_logging/package.bash'
[9.485s] INFO:colcon.colcon_core.shell:Creating package script '/workspace/simpleav/20251204/src/simple_av/install/autoware_utils_logging/share/autoware_utils_logging/package.zsh'
[9.486s] Level 1:colcon.colcon_core.environment:create_file_with_runtime_dependencies(/workspace/simpleav/20251204/src/simple_av/install/autoware_utils_logging/share/colcon-core/packages/autoware_utils_logging)
[9.487s] DEBUG:colcon.colcon_core.event_handler.log_command:Invoked command in '/workspace/simpleav/20251204/src/simple_av/build/autoware_internal_metric_msgs' returned '-2': CMAKE_PREFIX_PATH=${CMAKE_PREFIX_PATH}:/workspace/simpleav/20251204/install/system:/workspace/simpleav/20251204/install/simple_av_logger:/workspace/simpleav/20251204/install/simple_av:/workspace/simpleav/20251204/install/planning:/workspace/simpleav/20251204/install/perception:/workspace/simpleav/20251204/install/localization:/workspace/simpleav/20251204/install/control:/workspace/simpleav/20251204/install/common:/opt/ros/humble /usr/bin/cmake --build /workspace/simpleav/20251204/src/simple_av/build/autoware_internal_metric_msgs -- -j52 -l52
[9.487s] Level 1:colcon.colcon_core.environment:create_environment_scripts_only(autoware_internal_metric_msgs)
[9.487s] Level 1:colcon.colcon_core.environment:checking '/workspace/simpleav/20251204/src/simple_av/install/autoware_internal_metric_msgs' for CMake module files
[9.488s] Level 1:colcon.colcon_core.environment:checking '/workspace/simpleav/20251204/src/simple_av/install/autoware_internal_metric_msgs' for CMake config files
[9.488s] Level 1:colcon.colcon_core.environment:checking '/workspace/simpleav/20251204/src/simple_av/install/autoware_internal_metric_msgs/bin'
[9.488s] Level 1:colcon.colcon_core.environment:checking '/workspace/simpleav/20251204/src/simple_av/install/autoware_internal_metric_msgs/lib/pkgconfig/autoware_internal_metric_msgs.pc'
[9.488s] Level 1:colcon.colcon_core.environment:checking '/workspace/simpleav/20251204/src/simple_av/install/autoware_internal_metric_msgs/lib/python3.10/site-packages'
[9.488s] Level 1:colcon.colcon_core.environment:checking '/workspace/simpleav/20251204/src/simple_av/install/autoware_internal_metric_msgs/bin'
[9.488s] INFO:colcon.colcon_core.shell:Creating package script '/workspace/simpleav/20251204/src/simple_av/install/autoware_internal_metric_msgs/share/autoware_internal_metric_msgs/package.ps1'
[9.489s] INFO:colcon.colcon_core.shell:Creating package descriptor '/workspace/simpleav/20251204/src/simple_av/install/autoware_internal_metric_msgs/share/autoware_internal_metric_msgs/package.dsv'
[9.489s] INFO:colcon.colcon_core.shell:Creating package script '/workspace/simpleav/20251204/src/simple_av/install/autoware_internal_metric_msgs/share/autoware_internal_metric_msgs/package.sh'
[9.489s] INFO:colcon.colcon_core.shell:Creating package script '/workspace/simpleav/20251204/src/simple_av/install/autoware_internal_metric_msgs/share/autoware_internal_metric_msgs/package.bash'
[9.490s] INFO:colcon.colcon_core.shell:Creating package script '/workspace/simpleav/20251204/src/simple_av/install/autoware_internal_metric_msgs/share/autoware_internal_metric_msgs/package.zsh'
[9.490s] Level 1:colcon.colcon_core.environment:create_file_with_runtime_dependencies(/workspace/simpleav/20251204/src/simple_av/install/autoware_internal_metric_msgs/share/colcon-core/packages/autoware_internal_metric_msgs)
[9.490s] Level 1:colcon.colcon_core.environment:create_environment_scripts_only(autoware_utils_diagnostics)
[9.491s] Level 1:colcon.colcon_core.environment:checking '/workspace/simpleav/20251204/src/simple_av/install/autoware_utils_diagnostics' for CMake module files
[9.491s] Level 1:colcon.colcon_core.environment:checking '/workspace/simpleav/20251204/src/simple_av/install/autoware_utils_diagnostics' for CMake config files
[9.491s] Level 1:colcon.colcon_core.environment:checking '/workspace/simpleav/20251204/src/simple_av/install/autoware_utils_diagnostics/bin'
[9.491s] Level 1:colcon.colcon_core.environment:checking '/workspace/simpleav/20251204/src/simple_av/install/autoware_utils_diagnostics/lib/pkgconfig/autoware_utils_diagnostics.pc'
[9.491s] Level 1:colcon.colcon_core.environment:checking '/workspace/simpleav/20251204/src/simple_av/install/autoware_utils_diagnostics/lib/python3.10/site-packages'
[9.491s] Level 1:colcon.colcon_core.environment:checking '/workspace/simpleav/20251204/src/simple_av/install/autoware_utils_diagnostics/bin'
[9.492s] INFO:colcon.colcon_core.shell:Creating package script '/workspace/simpleav/20251204/src/simple_av/install/autoware_utils_diagnostics/share/autoware_utils_diagnostics/package.ps1'
[9.492s] DEBUG:colcon.colcon_core.event_handler.log_command:Invoked command in '/workspace/simpleav/20251204/src/simple_av/build/autoware_utils_diagnostics' returned '-2': AMENT_PREFIX_PATH=/workspace/simpleav/20251204/src/simple_av/install/autoware_cmake:/workspace/simpleav/20251204/src/simple_av/install/autoware_lint_common:${AMENT_PREFIX_PATH} CMAKE_PREFIX_PATH=/workspace/simpleav/20251204/src/simple_av/install/autoware_cmake:/workspace/simpleav/20251204/src/simple_av/install/autoware_lint_common:/workspace/simpleav/20251204/install/v2x_msgs:/workspace/simpleav/20251204/install/tier4_vehicle_rviz_plugin:/workspace/simpleav/20251204/install/tier4_traffic_light_rviz_plugin:/workspace/simpleav/20251204/install/tier4_system_rviz_plugin:/workspace/simpleav/20251204/install/tier4_camera_view_rviz_plugin:/workspace/simpleav/20251204/install/tier4_adapi_rviz_plugin:/workspace/simpleav/20251204/install/autoware_component_interface_utils:/workspace/simpleav/20251204/install/tier4_system_msgs:/workspace/simpleav/20251204/install/tier4_state_rviz_plugin:/workspace/simpleav/20251204/install/tier4_dummy_object_rviz_plugin:/workspace/simpleav/20251204/install/tier4_simulation_msgs:/workspace/simpleav/20251204/install/tier4_planning_rviz_plugin:/workspace/simpleav/20251204/install/tier4_planning_factor_rviz_plugin:/workspace/simpleav/20251204/install/tier4_localization_rviz_plugin:/workspace/simpleav/20251204/install/tier4_external_api_msgs:/workspace/simpleav/20251204/install/tier4_datetime_rviz_plugin:/workspace/simpleav/20251204/install/simple_av_msgs:/workspace/simpleav/20251204/install/autoware_overlay_rviz_plugin:/workspace/simpleav/20251204/install/autoware_motion_utils:/workspace/simpleav/20251204/install/autoware_map_loader:/workspace/simpleav/20251204/install/autoware_component_interface_specs:/workspace/simpleav/20251204/install/autoware_vehicle_msgs:/workspace/simpleav/20251204/install/autoware_vehicle_info_utils:/workspace/simpleav/20251204/install/autoware_utils:/workspace/simpleav/20251204/install/autoware_utils_visualization:/workspace/simpleav/20251204/install/autoware_utils_uuid:/workspace/simpleav/20251204/install/autoware_utils_pcl:/workspace/simpleav/20251204/install/autoware_utils_tf:/workspace/simpleav/20251204/install/autoware_utils_debug:/workspace/simpleav/20251204/install/autoware_utils_system:/workspace/simpleav/20251204/install/autoware_utils_rclcpp:/workspace/simpleav/20251204/install/autoware_interpolation:/workspace/simpleav/20251204/install/autoware_utils_geometry:/workspace/simpleav/20251204/install/autoware_utils_math:/workspace/simpleav/20251204/install/autoware_utils_logging:/workspace/simpleav/20251204/install/autoware_utils_diagnostics:/workspace/simpleav/20251204/install/autoware_system_msgs:/workspace/simpleav/20251204/install/autoware_string_stamped_rviz_plugin:/workspace/simpleav/20251204/install/autoware_sensing_msgs:/workspace/simpleav/20251204/install/autoware_polar_grid:/workspace/simpleav/20251204/install/autoware_mission_details_overlay_rviz_plugin:/workspace/simpleav/20251204/install/autoware_lanelet2_map_visualizer:/workspace/simpleav/20251204/install/autoware_lanelet2_extension_python:/workspace/simpleav/20251204/install/autoware_geography_utils:/workspace/simpleav/20251204/install/autoware_lanelet2_extension:/workspace/simpleav/20251204/install/autoware_internal_msgs:/workspace/simpleav/20251204/install/autoware_internal_planning_msgs:/workspace/simpleav/20251204/install/autoware_planning_msgs:/workspace/simpleav/20251204/install/autoware_perception_rviz_plugin:/workspace/simpleav/20251204/install/autoware_internal_perception_msgs:/workspace/simpleav/20251204/install/autoware_perception_msgs:/workspace/simpleav/20251204/install/autoware_map_msgs:/workspace/simpleav/20251204/install/autoware_localization_msgs:/workspace/simpleav/20251204/install/autoware_lint_common:/workspace/simpleav/20251204/install/autoware_internal_metric_msgs:/workspace/simpleav/20251204/install/autoware_internal_localization_msgs:/workspace/simpleav/20251204/install/autoware_internal_debug_msgs:/workspace/simpleav/20251204/install/autoware_control_msgs:/workspace/simpleav/20251204/install/autoware_common_msgs:/workspace/simpleav/20251204/install/autoware_cmake:/workspace/simpleav/20251204/install/autoware_bag_time_manager_rviz_plugin:/workspace/simpleav/20251204/install/autoware_adapi_version_msgs:/workspace/simpleav/20251204/install/autoware_adapi_v1_msgs:/workspace/simpleav/20251204/install/autoware_adapi_specs:/workspace/simpleav/20251204/install/system:/workspace/simpleav/20251204/install/simple_av_logger:/workspace/simpleav/20251204/install/simple_av:/workspace/simpleav/20251204/install/planning:/workspace/simpleav/20251204/install/perception:/workspace/simpleav/20251204/install/localization:/workspace/simpleav/20251204/install/control:/workspace/simpleav/20251204/install/common:/opt/ros/humble /usr/bin/cmake --build /workspace/simpleav/20251204/src/simple_av/build/autoware_utils_diagnostics -- -j52 -l52
[9.492s] INFO:colcon.colcon_core.shell:Creating package descriptor '/workspace/simpleav/20251204/src/simple_av/install/autoware_utils_diagnostics/share/autoware_utils_diagnostics/package.dsv'
[9.493s] INFO:colcon.colcon_core.shell:Creating package script '/workspace/simpleav/20251204/src/simple_av/install/autoware_utils_diagnostics/share/autoware_utils_diagnostics/package.sh'
[9.493s] INFO:colcon.colcon_core.shell:Creating package script '/workspace/simpleav/20251204/src/simple_av/install/autoware_utils_diagnostics/share/autoware_utils_diagnostics/package.bash'
[9.493s] INFO:colcon.colcon_core.shell:Creating package script '/workspace/simpleav/20251204/src/simple_av/install/autoware_utils_diagnostics/share/autoware_utils_diagnostics/package.zsh'
[9.493s] Level 1:colcon.colcon_core.environment:create_file_with_runtime_dependencies(/workspace/simpleav/20251204/src/simple_av/install/autoware_utils_diagnostics/share/colcon-core/packages/autoware_utils_diagnostics)
[9.494s] Level 1:colcon.colcon_core.environment:create_environment_scripts_only(autoware_utils_rclcpp)
[9.495s] Level 1:colcon.colcon_core.environment:checking '/workspace/simpleav/20251204/src/simple_av/install/autoware_utils_rclcpp' for CMake module files
[9.495s] Level 1:colcon.colcon_core.environment:checking '/workspace/simpleav/20251204/src/simple_av/install/autoware_utils_rclcpp' for CMake config files
[9.495s] Level 1:colcon.colcon_core.environment:checking '/workspace/simpleav/20251204/src/simple_av/install/autoware_utils_rclcpp/bin'
[9.495s] Level 1:colcon.colcon_core.environment:checking '/workspace/simpleav/20251204/src/simple_av/install/autoware_utils_rclcpp/lib/pkgconfig/autoware_utils_rclcpp.pc'
[9.495s] Level 1:colcon.colcon_core.environment:checking '/workspace/simpleav/20251204/src/simple_av/install/autoware_utils_rclcpp/lib/python3.10/site-packages'
[9.496s] Level 1:colcon.colcon_core.environment:checking '/workspace/simpleav/20251204/src/simple_av/install/autoware_utils_rclcpp/bin'
[9.496s] INFO:colcon.colcon_core.shell:Creating package script '/workspace/simpleav/20251204/src/simple_av/install/autoware_utils_rclcpp/share/autoware_utils_rclcpp/package.ps1'
[9.496s] DEBUG:colcon.colcon_core.event_handler.log_command:Invoked command in '/workspace/simpleav/20251204/src/simple_av/build/autoware_utils_rclcpp' returned '-2': AMENT_PREFIX_PATH=/workspace/simpleav/20251204/src/simple_av/install/autoware_cmake:/workspace/simpleav/20251204/src/simple_av/install/autoware_lint_common:${AMENT_PREFIX_PATH} CMAKE_PREFIX_PATH=/workspace/simpleav/20251204/src/simple_av/install/autoware_cmake:/workspace/simpleav/20251204/src/simple_av/install/autoware_lint_common:/workspace/simpleav/20251204/install/v2x_msgs:/workspace/simpleav/20251204/install/tier4_vehicle_rviz_plugin:/workspace/simpleav/20251204/install/tier4_traffic_light_rviz_plugin:/workspace/simpleav/20251204/install/tier4_system_rviz_plugin:/workspace/simpleav/20251204/install/tier4_camera_view_rviz_plugin:/workspace/simpleav/20251204/install/tier4_adapi_rviz_plugin:/workspace/simpleav/20251204/install/autoware_component_interface_utils:/workspace/simpleav/20251204/install/tier4_system_msgs:/workspace/simpleav/20251204/install/tier4_state_rviz_plugin:/workspace/simpleav/20251204/install/tier4_dummy_object_rviz_plugin:/workspace/simpleav/20251204/install/tier4_simulation_msgs:/workspace/simpleav/20251204/install/tier4_planning_rviz_plugin:/workspace/simpleav/20251204/install/tier4_planning_factor_rviz_plugin:/workspace/simpleav/20251204/install/tier4_localization_rviz_plugin:/workspace/simpleav/20251204/install/tier4_external_api_msgs:/workspace/simpleav/20251204/install/tier4_datetime_rviz_plugin:/workspace/simpleav/20251204/install/simple_av_msgs:/workspace/simpleav/20251204/install/autoware_overlay_rviz_plugin:/workspace/simpleav/20251204/install/autoware_motion_utils:/workspace/simpleav/20251204/install/autoware_map_loader:/workspace/simpleav/20251204/install/autoware_component_interface_specs:/workspace/simpleav/20251204/install/autoware_vehicle_msgs:/workspace/simpleav/20251204/install/autoware_vehicle_info_utils:/workspace/simpleav/20251204/install/autoware_utils:/workspace/simpleav/20251204/install/autoware_utils_visualization:/workspace/simpleav/20251204/install/autoware_utils_uuid:/workspace/simpleav/20251204/install/autoware_utils_pcl:/workspace/simpleav/20251204/install/autoware_utils_tf:/workspace/simpleav/20251204/install/autoware_utils_debug:/workspace/simpleav/20251204/install/autoware_utils_system:/workspace/simpleav/20251204/install/autoware_utils_rclcpp:/workspace/simpleav/20251204/install/autoware_interpolation:/workspace/simpleav/20251204/install/autoware_utils_geometry:/workspace/simpleav/20251204/install/autoware_utils_math:/workspace/simpleav/20251204/install/autoware_utils_logging:/workspace/simpleav/20251204/install/autoware_utils_diagnostics:/workspace/simpleav/20251204/install/autoware_system_msgs:/workspace/simpleav/20251204/install/autoware_string_stamped_rviz_plugin:/workspace/simpleav/20251204/install/autoware_sensing_msgs:/workspace/simpleav/20251204/install/autoware_polar_grid:/workspace/simpleav/20251204/install/autoware_mission_details_overlay_rviz_plugin:/workspace/simpleav/20251204/install/autoware_lanelet2_map_visualizer:/workspace/simpleav/20251204/install/autoware_lanelet2_extension_python:/workspace/simpleav/20251204/install/autoware_geography_utils:/workspace/simpleav/20251204/install/autoware_lanelet2_extension:/workspace/simpleav/20251204/install/autoware_internal_msgs:/workspace/simpleav/20251204/install/autoware_internal_planning_msgs:/workspace/simpleav/20251204/install/autoware_planning_msgs:/workspace/simpleav/20251204/install/autoware_perception_rviz_plugin:/workspace/simpleav/20251204/install/autoware_internal_perception_msgs:/workspace/simpleav/20251204/install/autoware_perception_msgs:/workspace/simpleav/20251204/install/autoware_map_msgs:/workspace/simpleav/20251204/install/autoware_localization_msgs:/workspace/simpleav/20251204/install/autoware_lint_common:/workspace/simpleav/20251204/install/autoware_internal_metric_msgs:/workspace/simpleav/20251204/install/autoware_internal_localization_msgs:/workspace/simpleav/20251204/install/autoware_internal_debug_msgs:/workspace/simpleav/20251204/install/autoware_control_msgs:/workspace/simpleav/20251204/install/autoware_common_msgs:/workspace/simpleav/20251204/install/autoware_cmake:/workspace/simpleav/20251204/install/autoware_bag_time_manager_rviz_plugin:/workspace/simpleav/20251204/install/autoware_adapi_version_msgs:/workspace/simpleav/20251204/install/autoware_adapi_v1_msgs:/workspace/simpleav/20251204/install/autoware_adapi_specs:/workspace/simpleav/20251204/install/system:/workspace/simpleav/20251204/install/simple_av_logger:/workspace/simpleav/20251204/install/simple_av:/workspace/simpleav/20251204/install/planning:/workspace/simpleav/20251204/install/perception:/workspace/simpleav/20251204/install/localization:/workspace/simpleav/20251204/install/control:/workspace/simpleav/20251204/install/common:/opt/ros/humble /usr/bin/cmake --build /workspace/simpleav/20251204/src/simple_av/build/autoware_utils_rclcpp -- -j52 -l52
[9.497s] INFO:colcon.colcon_core.shell:Creating package descriptor '/workspace/simpleav/20251204/src/simple_av/install/autoware_utils_rclcpp/share/autoware_utils_rclcpp/package.dsv'
[9.497s] INFO:colcon.colcon_core.shell:Creating package script '/workspace/simpleav/20251204/src/simple_av/install/autoware_utils_rclcpp/share/autoware_utils_rclcpp/package.sh'
[9.498s] INFO:colcon.colcon_core.shell:Creating package script '/workspace/simpleav/20251204/src/simple_av/install/autoware_utils_rclcpp/share/autoware_utils_rclcpp/package.bash'
[9.498s] INFO:colcon.colcon_core.shell:Creating package script '/workspace/simpleav/20251204/src/simple_av/install/autoware_utils_rclcpp/share/autoware_utils_rclcpp/package.zsh'
[9.498s] Level 1:colcon.colcon_core.environment:create_file_with_runtime_dependencies(/workspace/simpleav/20251204/src/simple_av/install/autoware_utils_rclcpp/share/colcon-core/packages/autoware_utils_rclcpp)
[9.499s] Level 1:colcon.colcon_core.environment:create_environment_scripts_only(autoware_localization_msgs)
[9.499s] Level 1:colcon.colcon_core.environment:checking '/workspace/simpleav/20251204/src/simple_av/install/autoware_localization_msgs' for CMake module files
[9.499s] Level 1:colcon.colcon_core.environment:checking '/workspace/simpleav/20251204/src/simple_av/install/autoware_localization_msgs' for CMake config files
[9.500s] Level 1:colcon.colcon_core.environment:checking '/workspace/simpleav/20251204/src/simple_av/install/autoware_localization_msgs/bin'
[9.500s] Level 1:colcon.colcon_core.environment:checking '/workspace/simpleav/20251204/src/simple_av/install/autoware_localization_msgs/lib/pkgconfig/autoware_localization_msgs.pc'
[9.500s] Level 1:colcon.colcon_core.environment:checking '/workspace/simpleav/20251204/src/simple_av/install/autoware_localization_msgs/lib/python3.10/site-packages'
[9.500s] Level 1:colcon.colcon_core.environment:checking '/workspace/simpleav/20251204/src/simple_av/install/autoware_localization_msgs/bin'
[9.500s] INFO:colcon.colcon_core.shell:Creating package script '/workspace/simpleav/20251204/src/simple_av/install/autoware_localization_msgs/share/autoware_localization_msgs/package.ps1'
[9.501s] INFO:colcon.colcon_core.shell:Creating package descriptor '/workspace/simpleav/20251204/src/simple_av/install/autoware_localization_msgs/share/autoware_localization_msgs/package.dsv'
[9.501s] DEBUG:colcon.colcon_core.event_handler.log_command:Invoked command in '/workspace/simpleav/20251204/src/simple_av/build/autoware_localization_msgs' returned '-2': CMAKE_PREFIX_PATH=${CMAKE_PREFIX_PATH}:/workspace/simpleav/20251204/install/system:/workspace/simpleav/20251204/install/simple_av_logger:/workspace/simpleav/20251204/install/simple_av:/workspace/simpleav/20251204/install/planning:/workspace/simpleav/20251204/install/perception:/workspace/simpleav/20251204/install/localization:/workspace/simpleav/20251204/install/control:/workspace/simpleav/20251204/install/common:/opt/ros/humble /usr/bin/cmake --build /workspace/simpleav/20251204/src/simple_av/build/autoware_localization_msgs -- -j52 -l52
[9.501s] INFO:colcon.colcon_core.shell:Creating package script '/workspace/simpleav/20251204/src/simple_av/install/autoware_localization_msgs/share/autoware_localization_msgs/package.sh'
[9.501s] INFO:colcon.colcon_core.shell:Creating package script '/workspace/simpleav/20251204/src/simple_av/install/autoware_localization_msgs/share/autoware_localization_msgs/package.bash'
[9.502s] INFO:colcon.colcon_core.shell:Creating package script '/workspace/simpleav/20251204/src/simple_av/install/autoware_localization_msgs/share/autoware_localization_msgs/package.zsh'
[9.502s] Level 1:colcon.colcon_core.environment:create_file_with_runtime_dependencies(/workspace/simpleav/20251204/src/simple_av/install/autoware_localization_msgs/share/colcon-core/packages/autoware_localization_msgs)
[9.516s] DEBUG:colcon.colcon_parallel_executor.executor.parallel:run_until_complete finished
[9.516s] DEBUG:colcon.colcon_parallel_executor.executor.parallel:closing loop
[9.516s] DEBUG:colcon.colcon_parallel_executor.executor.parallel:loop closed
[9.516s] DEBUG:colcon.colcon_core.event_reactor:joining thread
[9.530s] INFO:colcon.colcon_core.plugin_system:Skipping extension 'colcon_notification.desktop_notification.terminal_notifier': Not used on non-Darwin systems
[9.530s] INFO:colcon.colcon_core.plugin_system:Skipping extension 'colcon_notification.desktop_notification.win32': Not used on non-Windows systems
[9.530s] INFO:colcon.colcon_notification.desktop_notification:Sending desktop notification using 'notify2'
[9.545s] DEBUG:colcon.colcon_core.event_reactor:joined thread
[9.546s] INFO:colcon.colcon_core.shell:Creating prefix script '/workspace/simpleav/20251204/src/simple_av/install/local_setup.ps1'
[9.548s] INFO:colcon.colcon_core.shell:Creating prefix util module '/workspace/simpleav/20251204/src/simple_av/install/_local_setup_util_ps1.py'
[9.550s] INFO:colcon.colcon_core.shell:Creating prefix chain script '/workspace/simpleav/20251204/src/simple_av/install/setup.ps1'
[9.553s] INFO:colcon.colcon_core.shell:Creating prefix script '/workspace/simpleav/20251204/src/simple_av/install/local_setup.sh'
[9.554s] INFO:colcon.colcon_core.shell:Creating prefix util module '/workspace/simpleav/20251204/src/simple_av/install/_local_setup_util_sh.py'
[9.554s] INFO:colcon.colcon_core.shell:Creating prefix chain script '/workspace/simpleav/20251204/src/simple_av/install/setup.sh'
[9.556s] INFO:colcon.colcon_core.shell:Creating prefix script '/workspace/simpleav/20251204/src/simple_av/install/local_setup.bash'
[9.557s] INFO:colcon.colcon_core.shell:Creating prefix chain script '/workspace/simpleav/20251204/src/simple_av/install/setup.bash'
[9.559s] INFO:colcon.colcon_core.shell:Creating prefix script '/workspace/simpleav/20251204/src/simple_av/install/local_setup.zsh'
[9.560s] INFO:colcon.colcon_core.shell:Creating prefix chain script '/workspace/simpleav/20251204/src/simple_av/install/setup.zsh'
